idx;pitch;tsr;Cp;Ct;Cq;dCqdpitch;dCqdtsr;stall
0;-5.00;2.00;0.005935;0.326180;0.002967;0.008272;0.001722;1
1;-5.00;2.25;0.011330;0.341183;0.005035;0.009859;0.002186;1
2;-5.00;2.50;0.019742;0.362890;0.007897;0.013139;0.002731;1
3;-5.00;2.75;0.031914;0.390027;0.011605;0.016940;0.003457;1
4;-5.00;3.00;0.049101;0.422949;0.016367;0.020288;0.004159;1
5;-5.00;3.25;0.070685;0.460393;0.021749;0.021325;0.004458;1
6;-5.00;3.50;0.094603;0.499870;0.027029;0.020345;0.004488;1
7;-5.00;3.75;0.119707;0.540222;0.031922;0.018026;0.004272;1
8;-5.00;4.00;0.144170;0.579813;0.036043;0.015651;0.004130;1
9;-5.00;4.25;0.168926;0.619705;0.039747;0.014616;0.004425;1
10;-5.00;4.50;0.195078;0.661380;0.043351;0.013926;0.004563;1
11;-5.00;4.75;0.221875;0.703582;0.046711;0.013560;0.004904;1
12;-5.00;5.00;0.250653;0.747676;0.050131;0.014039;0.005411;1
13;-5.00;5.25;0.282083;0.793629;0.053730;0.014726;0.005827;1
14;-5.00;5.50;0.316216;0.840668;0.057494;0.015502;0.006347;1
15;-5.00;5.75;0.353516;0.889639;0.061481;0.016667;0.007010;1
16;-5.00;6.00;0.394964;0.945185;0.065827;0.014335;0.006685;1
17;-5.00;6.25;0.429052;1.009001;0.068648;0.005011;0.004805;1
18;-5.00;6.50;0.444165;1.060567;0.068333;-0.007246;0.002024;1
19;-5.00;6.75;0.438923;1.092774;0.065026;-0.013919;0.001752;1
20;-5.00;7.00;0.429615;1.120197;0.061374;-0.014652;0.001741;1
21;-5.00;7.25;0.418323;1.145984;0.057700;-0.014508;0.001856;1
22;-5.00;7.50;0.405898;1.170586;0.054120;-0.014081;0.001977;1
23;-5.00;7.75;0.392608;1.194314;0.050659;-0.013580;0.002137;1
24;-5.00;8.00;0.378639;1.217936;0.047330;-0.013143;0.002264;1
25;-5.00;8.25;0.363723;1.241630;0.044088;-0.012748;0.002433;1
26;-5.00;8.50;0.348125;1.265789;0.040956;-0.012257;0.002690;1
27;-5.00;8.75;0.332142;1.290714;0.037959;-0.011778;0.002955;1
28;-5.00;9.00;0.315601;1.316311;0.035067;-0.011395;0.003229;1
29;-5.00;9.25;0.298420;1.342540;0.032262;-0.011056;0.003528;1
30;-5.00;9.50;0.280618;1.369483;0.029539;-0.010774;0.003812;1
31;-5.00;9.75;0.262025;1.397032;0.026874;-0.010590;0.004068;1
32;-5.00;10.00;0.242438;1.425018;0.024244;-0.010522;0.004316;1
33;-4.50;2.00;0.007656;0.325397;0.003828;0.009201;0.001736;1
34;-4.50;2.25;0.013789;0.341259;0.006128;0.010868;0.002204;1
35;-4.50;2.50;0.023156;0.363684;0.009262;0.014411;0.002754;1
36;-4.50;2.75;0.036668;0.391546;0.013334;0.018368;0.003504;1
37;-4.50;3.00;0.055340;0.425106;0.018447;0.021289;0.004148;1
38;-4.50;3.25;0.077929;0.462489;0.023978;0.021654;0.004385;1
39;-4.50;3.50;0.102456;0.501291;0.029273;0.020160;0.004389;1
40;-4.50;3.75;0.127718;0.540480;0.034058;0.017668;0.004138;1
41;-4.50;4.00;0.152429;0.579030;0.038107;0.015804;0.004099;1
42;-4.50;4.25;0.178330;0.618736;0.041960;0.015050;0.004374;1
43;-4.50;4.50;0.205346;0.659691;0.045632;0.014405;0.004518;1
44;-4.50;4.75;0.233522;0.701544;0.049163;0.014407;0.004900;1
45;-4.50;5.00;0.264180;0.745471;0.052836;0.014962;0.005349;1
46;-4.50;5.25;0.297379;0.790487;0.056644;0.015663;0.005768;1
47;-4.50;5.50;0.333671;0.836979;0.060667;0.016684;0.006290;1
48;-4.50;5.75;0.373669;0.886854;0.064986;0.017004;0.006883;1
49;-4.50;6.00;0.415018;0.945698;0.069170;0.012130;0.006097;1
50;-4.50;6.25;0.444067;1.005789;0.071051;0.000350;0.003886;1
51;-4.50;6.50;0.450742;1.047871;0.069345;-0.010298;0.001728;1
52;-4.50;6.75;0.444837;1.076153;0.065902;-0.014201;0.001662;1
53;-4.50;7.00;0.435710;1.101439;0.062244;-0.014548;0.001686;1
54;-4.50;7.25;0.425051;1.124873;0.058628;-0.014272;0.001807;1
55;-4.50;7.50;0.413313;1.146866;0.055108;-0.013800;0.001921;1
56;-4.50;7.75;0.400889;1.168331;0.051728;-0.013293;0.002047;1
57;-4.50;8.00;0.387695;1.189846;0.048462;-0.012847;0.002159;1
58;-4.50;8.25;0.373758;1.211659;0.045304;-0.012322;0.002346;1
59;-4.50;8.50;0.359557;1.234197;0.042301;-0.011735;0.002593;1
60;-4.50;8.75;0.345071;1.257535;0.039437;-0.011240;0.002851;1
61;-4.50;9.00;0.330130;1.281574;0.036681;-0.010822;0.003131;1
62;-4.50;9.25;0.314736;1.306343;0.034025;-0.010473;0.003416;1
63;-4.50;9.50;0.298724;1.331677;0.031445;-0.010234;0.003671;1
64;-4.50;9.75;0.281859;1.357413;0.028909;-0.010085;0.003901;1
65;-4.50;10.00;0.264019;1.383452;0.026402;-0.010027;0.004130;1
66;-4.00;2.00;0.009406;0.324761;0.004703;0.010144;0.001759;1
67;-4.00;2.25;0.016288;0.341462;0.007239;0.011896;0.002240;1
68;-4.00;2.50;0.026628;0.364516;0.010651;0.015739;0.002812;1
69;-4.00;2.75;0.041548;0.393158;0.015108;0.019729;0.003582;1
70;-4.00;3.00;0.061546;0.427156;0.020515;0.022051;0.004107;1
71;-4.00;3.25;0.084936;0.464235;0.026134;0.021806;0.004232;1
72;-4.00;3.50;0.109965;0.502323;0.031418;0.019851;0.004169;1
73;-4.00;3.75;0.135223;0.540223;0.036060;0.017447;0.003912;1
74;-4.00;4.00;0.160567;0.578176;0.040142;0.016124;0.004047;1
75;-4.00;4.25;0.187517;0.617615;0.044122;0.015454;0.004252;1
76;-4.00;4.50;0.215410;0.657807;0.047869;0.014978;0.004448;1
77;-4.00;4.75;0.245151;0.699536;0.051611;0.015221;0.004864;1
78;-4.00;5.00;0.277397;0.742732;0.055479;0.015775;0.005222;1
79;-4.00;5.25;0.312365;0.786926;0.059498;0.016610;0.005684;1
80;-4.00;5.50;0.350813;0.833205;0.063784;0.017733;0.006205;1
81;-4.00;5.75;0.393096;0.885519;0.068364;0.016280;0.006295;1
82;-4.00;6.00;0.431545;0.946795;0.071924;0.008339;0.004703;1
83;-4.00;6.25;0.453337;0.999212;0.072534;-0.003727;0.002076;1
84;-4.00;6.50;0.455394;1.032976;0.070061;-0.011692;0.001272;1
85;-4.00;6.75;0.450143;1.059053;0.066688;-0.014002;0.001453;1
86;-4.00;7.00;0.441417;1.082009;0.063060;-0.014363;0.001592;1
87;-4.00;7.25;0.431423;1.102924;0.059507;-0.014038;0.001680;1
88;-4.00;7.50;0.420305;1.122448;0.056041;-0.013601;0.001766;1
89;-4.00;7.75;0.408470;1.141844;0.052706;-0.013104;0.001833;1
90;-4.00;8.00;0.395911;1.161498;0.049489;-0.012544;0.001944;1
91;-4.00;8.25;0.383079;1.181768;0.046434;-0.011879;0.002149;1
92;-4.00;8.50;0.370169;1.202904;0.043549;-0.011247;0.002385;1
93;-4.00;8.75;0.357091;1.224847;0.040810;-0.010703;0.002641;1
94;-4.00;9.00;0.343779;1.247541;0.038198;-0.010265;0.002908;1
95;-4.00;9.25;0.330018;1.270867;0.035678;-0.009977;0.003139;1
96;-4.00;9.50;0.315489;1.294532;0.033209;-0.009805;0.003339;1
97;-4.00;9.75;0.300058;1.318463;0.030775;-0.009671;0.003540;1
98;-4.00;10.00;0.283741;1.342691;0.028374;-0.009604;0.003756;1
99;-3.50;2.00;0.011174;0.324229;0.005587;0.011125;0.001782;1
100;-3.50;2.25;0.018828;0.341757;0.008368;0.012974;0.002277;1
101;-3.50;2.50;0.030185;0.365430;0.012074;0.017095;0.002887;1
102;-3.50;2.75;0.046517;0.394821;0.016915;0.020960;0.003633;1
103;-3.50;3.00;0.067661;0.429053;0.022554;0.022589;0.004031;1
104;-3.50;3.25;0.091682;0.465641;0.028210;0.021778;0.004075;1
105;-3.50;3.50;0.117049;0.502856;0.033443;0.019521;0.003930;1
106;-3.50;3.75;0.142389;0.539649;0.037970;0.017423;0.003772;1
107;-3.50;4.00;0.168617;0.577291;0.042154;0.016484;0.003992;1
108;-3.50;4.25;0.196401;0.616185;0.046212;0.015853;0.004126;1
109;-3.50;4.50;0.225364;0.655908;0.050081;0.015629;0.004403;1
110;-3.50;4.75;0.256627;0.697267;0.054027;0.015954;0.004751;1
111;-3.50;5.00;0.290289;0.739527;0.058058;0.016603;0.005113;1
112;-3.50;5.25;0.327223;0.783247;0.062328;0.017630;0.005578;1
113;-3.50;5.50;0.367801;0.830231;0.066873;0.017905;0.005928;1
114;-3.50;5.75;0.409863;0.885600;0.071281;0.013999;0.005286;1
115;-3.50;6.00;0.443235;0.944032;0.073872;0.003693;0.002941;1
116;-3.50;6.25;0.457044;0.987179;0.073127;-0.006510;0.000927;1
117;-3.50;6.50;0.459013;1.016699;0.070617;-0.011545;0.000897;1
118;-3.50;6.75;0.454642;1.041138;0.067354;-0.013561;0.001197;1
119;-3.50;7.00;0.446857;1.061710;0.063837;-0.014094;0.001444;1
120;-3.50;7.25;0.437229;1.080066;0.060307;-0.013925;0.001474;1
121;-3.50;7.50;0.426554;1.097535;0.056874;-0.013494;0.001520;1
122;-3.50;7.75;0.415095;1.115138;0.053561;-0.012937;0.001582;1
123;-3.50;8.00;0.403245;1.133240;0.050406;-0.012215;0.001726;1
124;-3.50;8.25;0.391487;1.152206;0.047453;-0.011439;0.001928;1
125;-3.50;8.50;0.379832;1.172117;0.044686;-0.010750;0.002164;1
126;-3.50;8.75;0.368182;1.192908;0.042078;-0.010195;0.002416;1
127;-3.50;9.00;0.356300;1.214367;0.039589;-0.009826;0.002639;1
128;-3.50;9.25;0.343775;1.236153;0.037165;-0.009610;0.002827;1
129;-3.50;9.50;0.330444;1.258119;0.034784;-0.009433;0.003013;1
130;-3.50;9.75;0.316369;1.280320;0.032448;-0.009252;0.003218;1
131;-3.50;10.00;0.301576;1.302798;0.030158;-0.009162;0.003438;1
132;-3.00;2.00;0.012970;0.323848;0.006485;0.012126;0.001809;1
133;-3.00;2.25;0.021412;0.342151;0.009516;0.014108;0.002316;1
134;-3.00;2.50;0.033847;0.366437;0.013539;0.018450;0.002979;1
135;-3.00;2.75;0.051539;0.396509;0.018741;0.022017;0.003649;1
136;-3.00;3.00;0.073641;0.430740;0.024547;0.022936;0.003923;1
137;-3.00;3.25;0.098181;0.466748;0.030209;0.021603;0.003912;1
138;-3.00;3.50;0.123719;0.502959;0.035348;0.019244;0.003709;1
139;-3.00;3.75;0.149368;0.538958;0.039832;0.017570;0.003693;1
140;-3.00;4.00;0.176534;0.576303;0.044134;0.016832;0.003903;1
141;-3.00;4.25;0.205051;0.614541;0.048247;0.016276;0.004033;1
142;-3.00;4.50;0.235223;0.653909;0.052272;0.016230;0.004336;1
143;-3.00;4.75;0.267720;0.694485;0.056362;0.016640;0.004610;1
144;-3.00;5.00;0.302960;0.735989;0.060592;0.017428;0.005033;1
145;-3.00;5.25;0.341651;0.779417;0.065076;0.018241;0.005353;1
146;-3.00;5.50;0.383418;0.827978;0.069712;0.017148;0.005304;1
147;-3.00;5.75;0.423489;0.886224;0.073650;0.010306;0.003851;1
148;-3.00;6.00;0.449191;0.937635;0.074865;-0.000378;0.001323;1
149;-3.00;6.25;0.459131;0.972525;0.073461;-0.007814;0.000409;1
150;-3.00;6.50;0.461228;0.999576;0.070958;-0.011153;0.000490;1
151;-3.00;6.75;0.458220;1.021895;0.067884;-0.012909;0.000880;1
152;-3.00;7.00;0.451527;1.040453;0.064504;-0.013808;0.001123;1
153;-3.00;7.25;0.442107;1.056556;0.060980;-0.013887;0.001196;1
154;-3.00;7.50;0.431704;1.072327;0.057561;-0.013384;0.001223;1
155;-3.00;7.75;0.420734;1.088548;0.054288;-0.012691;0.001322;1
156;-3.00;8.00;0.409718;1.105499;0.051215;-0.011853;0.001508;1
157;-3.00;8.25;0.398986;1.123398;0.048362;-0.011002;0.001741;1
158;-3.00;8.50;0.388566;1.142259;0.045714;-0.010272;0.002003;1
159;-3.00;8.75;0.378229;1.161893;0.043226;-0.009753;0.002236;1
160;-3.00;9.00;0.367534;1.181913;0.040837;-0.009444;0.002417;1
161;-3.00;9.25;0.356166;1.202048;0.038504;-0.009229;0.002587;1
162;-3.00;9.50;0.344116;1.222336;0.036223;-0.009023;0.002774;1
163;-3.00;9.75;0.331432;1.242855;0.033993;-0.008821;0.002971;1
164;-3.00;10.00;0.318122;1.263640;0.031812;-0.008723;0.003173;1
165;-2.50;2.00;0.014791;0.323568;0.007396;0.013154;0.001838;1
166;-2.50;2.25;0.024040;0.342624;0.010684;0.015316;0.002357;1
167;-2.50;2.50;0.037634;0.367608;0.015053;0.019760;0.003061;1
168;-2.50;2.75;0.056551;0.398133;0.020564;0.022847;0.003633;1
169;-2.50;3.00;0.079431;0.432156;0.026477;0.023115;0.003798;1
170;-2.50;3.25;0.104395;0.467492;0.032121;0.021350;0.003729;1
171;-2.50;3.50;0.130031;0.502719;0.037152;0.019084;0.003529;1
172;-2.50;3.75;0.156237;0.538169;0.041663;0.017811;0.003635;1
173;-2.50;4.00;0.184229;0.575157;0.046057;0.017164;0.003785;1
174;-2.50;4.25;0.213541;0.612757;0.050245;0.016719;0.003957;1
175;-2.50;4.50;0.244874;0.651632;0.054417;0.016784;0.004219;1
176;-2.50;4.75;0.278526;0.691299;0.058637;0.017349;0.004521;1
177;-2.50;5.00;0.315456;0.732304;0.063091;0.018089;0.004883;1
178;-2.50;5.25;0.355327;0.775801;0.067681;0.018172;0.004974;1
179;-2.50;5.50;0.396975;0.827841;0.072177;0.014900;0.004344;1
180;-2.50;5.75;0.432004;0.883809;0.075131;0.006036;0.002133;1
181;-2.50;6.00;0.451171;0.926121;0.075195;-0.003189;0.000334;1
182;-2.50;6.25;0.459603;0.956163;0.073537;-0.008177;-0.000055;0
183;-2.50;6.50;0.462195;0.980904;0.071107;-0.010605;0.000096;1
184;-2.50;6.75;0.460581;1.001324;0.068234;-0.012294;0.000411;1
185;-2.50;7.00;0.454720;1.018083;0.064960;-0.013461;0.000649;1
186;-2.50;7.25;0.445901;1.032656;0.061504;-0.013726;0.000840;1
187;-2.50;7.50;0.435727;1.047279;0.058097;-0.013241;0.000927;1
188;-2.50;7.75;0.425343;1.062510;0.054883;-0.012367;0.001100;1
189;-2.50;8.00;0.415307;1.078539;0.051913;-0.011377;0.001361;1
190;-2.50;8.25;0.405853;1.095514;0.049194;-0.010449;0.001652;1
191;-2.50;8.50;0.396854;1.113376;0.046689;-0.009762;0.001916;1
192;-2.50;8.75;0.387743;1.131693;0.044314;-0.009366;0.002102;1
193;-2.50;9.00;0.378053;1.150117;0.042006;-0.009122;0.002248;1
194;-2.50;9.25;0.367709;1.168592;0.039752;-0.008897;0.002400;1
195;-2.50;9.50;0.356794;1.187237;0.037557;-0.008666;0.002564;1
196;-2.50;9.75;0.345339;1.206097;0.035419;-0.008454;0.002733;1
197;-2.50;10.00;0.333303;1.225171;0.033330;-0.008356;0.002900;1
198;-2.00;2.00;0.016646;0.323432;0.008323;0.014202;0.001868;1
199;-2.00;2.25;0.026715;0.343152;0.011873;0.016553;0.002407;1
200;-2.00;2.50;0.041499;0.368790;0.016600;0.021002;0.003121;1
201;-2.00;2.75;0.061530;0.399660;0.022375;0.023491;0.003591;1
202;-2.00;3.00;0.085034;0.433354;0.028345;0.023128;0.003665;1
203;-2.00;3.25;0.110300;0.467891;0.033938;0.021065;0.003542;1
204;-2.00;3.50;0.136071;0.502213;0.038877;0.019057;0.003397;1
205;-2.00;3.75;0.163000;0.537326;0.043467;0.018082;0.003572;1
206;-2.00;4.00;0.191672;0.573770;0.047918;0.017475;0.003673;1
207;-2.00;4.25;0.221868;0.610844;0.052204;0.017145;0.003866;1
208;-2.00;4.50;0.254207;0.648952;0.056490;0.017357;0.004084;1
209;-2.00;4.75;0.289193;0.687868;0.060883;0.017969;0.004426;1
210;-2.00;5.00;0.327374;0.728398;0.065475;0.018335;0.004543;1
211;-2.00;5.25;0.367763;0.773433;0.070050;0.017163;0.004298;1
212;-2.00;5.50;0.407309;0.827640;0.074056;0.011465;0.003015;1
213;-2.00;5.75;0.435752;0.877192;0.075783;0.002287;0.000821;1
214;-2.00;6.00;0.451197;0.911951;0.075200;-0.004753;-0.000290;0
215;-2.00;6.25;0.458790;0.938691;0.073406;-0.008291;-0.000461;0
216;-2.00;6.50;0.461850;0.960858;0.071054;-0.010222;-0.000322;0
217;-2.00;6.75;0.460995;0.979298;0.068296;-0.011802;-0.000187;0
218;-2.00;7.00;0.456071;0.994645;0.065153;-0.012951;0.000078;1
219;-2.00;7.25;0.448194;1.008829;0.061820;-0.013331;0.000372;1
220;-2.00;7.50;0.438655;1.022745;0.058487;-0.012863;0.000690;1
221;-2.00;7.75;0.429258;1.037115;0.055388;-0.011824;0.001005;1
222;-2.00;8.00;0.420605;1.052333;0.052576;-0.010747;0.001319;1
223;-2.00;8.25;0.412619;1.068466;0.050014;-0.009892;0.001603;1
224;-2.00;8.50;0.404850;1.085212;0.047629;-0.009371;0.001797;1
225;-2.00;8.75;0.396626;1.102070;0.045329;-0.009088;0.001925;1
226;-2.00;9.00;0.387769;1.118903;0.043085;-0.008849;0.002049;1
227;-2.00;9.25;0.378362;1.135802;0.040904;-0.008596;0.002190;1
228;-2.00;9.50;0.368478;1.152857;0.038787;-0.008355;0.002338;1
229;-2.00;9.75;0.358083;1.170065;0.036726;-0.008151;0.002480;1
230;-2.00;10.00;0.347118;1.187379;0.034712;-0.008059;0.002618;1
231;-1.50;2.00;0.018527;0.323378;0.009263;0.015311;0.001900;1
232;-1.50;2.25;0.029455;0.343756;0.013091;0.017822;0.002468;1
233;-1.50;2.50;0.045436;0.370034;0.018175;0.022129;0.003161;1
234;-1.50;2.75;0.066427;0.401039;0.024155;0.023935;0.003517;1
235;-1.50;3.00;0.090426;0.434248;0.030142;0.023015;0.003519;1
236;-1.50;3.25;0.115905;0.467979;0.035663;0.020813;0.003365;1
237;-1.50;3.50;0.141920;0.501542;0.040549;0.019144;0.003317;1
238;-1.50;3.75;0.169631;0.536393;0.045235;0.018363;0.003486;1
239;-1.50;4.00;0.198920;0.572203;0.049730;0.017752;0.003571;1
240;-1.50;4.25;0.229972;0.608669;0.054111;0.017542;0.003749;1
241;-1.50;4.50;0.263254;0.645907;0.058501;0.017905;0.003974;1
242;-1.50;4.75;0.299552;0.684206;0.063063;0.018266;0.004198;1
243;-1.50;5.00;0.338169;0.724507;0.067634;0.017832;0.003995;1
244;-1.50;5.25;0.377894;0.772355;0.071980;0.015117;0.003408;1
245;-1.50;5.50;0.413557;0.825448;0.075192;0.007944;0.001639;1
246;-1.50;5.75;0.436724;0.866492;0.075952;-0.000575;-0.000090;0
247;-1.50;6.00;0.449429;0.895869;0.074905;-0.005752;-0.000800;0
248;-1.50;6.25;0.456723;0.919670;0.073076;-0.008239;-0.000870;0
249;-1.50;6.50;0.460104;0.939474;0.070785;-0.010057;-0.000852;0
250;-1.50;6.75;0.459320;0.955905;0.068047;-0.011495;-0.000779;0
251;-1.50;7.00;0.455264;0.970787;0.065038;-0.012343;-0.000533;0
252;-1.50;7.25;0.448599;0.984886;0.061876;-0.012501;-0.000079;0
253;-1.50;7.50;0.440905;0.998580;0.058787;-0.011975;0.000483;1
254;-1.50;7.75;0.433134;1.012386;0.055888;-0.011110;0.000947;1
255;-1.50;8.00;0.425859;1.026841;0.053232;-0.010182;0.001282;1
256;-1.50;8.25;0.419080;1.042031;0.050798;-0.009494;0.001501;1
257;-1.50;8.50;0.412125;1.057443;0.048485;-0.009118;0.001614;1
258;-1.50;8.75;0.404587;1.072800;0.046238;-0.008862;0.001706;1
259;-1.50;9.00;0.396490;1.088116;0.044054;-0.008592;0.001819;1
260;-1.50;9.25;0.387966;1.103525;0.041942;-0.008319;0.001947;1
261;-1.50;9.50;0.379001;1.119036;0.039895;-0.008085;0.002076;1
262;-1.50;9.75;0.369523;1.134612;0.037900;-0.007893;0.002198;1
263;-1.50;10.00;0.359484;1.150193;0.035948;-0.007806;0.002316;1
264;-1.00;2.00;0.020445;0.323421;0.010223;0.016476;0.001936;1
265;-1.00;2.25;0.032269;0.344426;0.014342;0.019075;0.002534;1
266;-1.00;2.50;0.049400;0.371251;0.019760;0.023100;0.003173;1
267;-1.00;2.75;0.071202;0.402254;0.025892;0.024208;0.003421;1
268;-1.00;3.00;0.095592;0.434863;0.031864;0.022823;0.003373;1
269;-1.00;3.25;0.121235;0.467818;0.037303;0.020661;0.003207;1
270;-1.00;3.50;0.147681;0.500835;0.042194;0.019299;0.003261;1
271;-1.00;3.75;0.176073;0.535292;0.046953;0.018590;0.003378;1
272;-1.00;4.00;0.205958;0.570419;0.051490;0.018002;0.003467;1
273;-1.00;4.25;0.237803;0.606135;0.055954;0.017950;0.003624;1
274;-1.00;4.50;0.272091;0.642592;0.060465;0.018255;0.003846;1
275;-1.00;4.75;0.309136;0.680255;0.065081;0.018010;0.003770;1
276;-1.00;5.00;0.347348;0.721420;0.069470;0.016753;0.003346;1
277;-1.00;5.25;0.385654;0.771661;0.073458;0.012452;0.002414;1
278;-1.00;5.50;0.416326;0.819126;0.075696;0.004470;0.000512;1
279;-1.00;5.75;0.435235;0.852906;0.075693;-0.002592;-0.000819;0
280;-1.00;6.00;0.446396;0.878306;0.074399;-0.006314;-0.001221;0
281;-1.00;6.25;0.453350;0.899300;0.072536;-0.008395;-0.001351;0
282;-1.00;6.50;0.456313;0.916659;0.070202;-0.010038;-0.001438;0
283;-1.00;6.75;0.455740;0.932122;0.067517;-0.011165;-0.001348;0
284;-1.00;7.00;0.452338;0.946659;0.064620;-0.011552;-0.001008;0
285;-1.00;7.25;0.447622;0.960652;0.061741;-0.011298;-0.000428;0
286;-1.00;7.50;0.442281;0.974361;0.058971;-0.010812;0.000185;1
287;-1.00;7.75;0.436595;0.988020;0.056335;-0.010226;0.000719;1
288;-1.00;8.00;0.430862;1.001928;0.053858;-0.009639;0.001105;1
289;-1.00;8.25;0.425003;1.016037;0.051515;-0.009230;0.001305;1
290;-1.00;8.50;0.418565;1.029998;0.049243;-0.008962;0.001402;1
291;-1.00;8.75;0.411554;1.043832;0.047035;-0.008677;0.001489;1
292;-1.00;9.00;0.404139;1.057687;0.044904;-0.008367;0.001592;1
293;-1.00;9.25;0.396376;1.071625;0.042851;-0.008083;0.001699;1
294;-1.00;9.50;0.388196;1.085599;0.040863;-0.007853;0.001800;1
295;-1.00;9.75;0.379518;1.099552;0.038925;-0.007670;0.001899;1
296;-1.00;10.00;0.370276;1.113439;0.037028;-0.007589;0.001998;1
297;-0.50;2.00;0.022399;0.323552;0.011200;0.017702;0.001970;1
298;-0.50;2.25;0.035156;0.345150;0.015625;0.020296;0.002600;1
299;-0.50;2.50;0.053369;0.372446;0.021348;0.023902;0.003165;1
300;-0.50;2.75;0.075835;0.403253;0.027576;0.024335;0.003313;1
301;-0.50;3.00;0.100545;0.435264;0.033515;0.022588;0.003224;1
302;-0.50;3.25;0.126329;0.467403;0.038870;0.020589;0.003077;1
303;-0.50;3.50;0.153334;0.500064;0.043810;0.019486;0.003194;1
304;-0.50;3.75;0.182300;0.533989;0.048613;0.018774;0.003261;1
305;-0.50;4.00;0.212787;0.568409;0.053197;0.018243;0.003354;1
306;-0.50;4.25;0.245374;0.603307;0.057735;0.018300;0.003504;1
307;-0.50;4.50;0.280561;0.639028;0.062347;0.018196;0.003583;1
308;-0.50;4.75;0.317458;0.676197;0.066833;0.017266;0.003137;1
309;-0.50;5.00;0.354900;0.719760;0.070980;0.015120;0.002676;1
310;-0.50;5.25;0.390566;0.769420;0.074394;0.009448;0.001390;1
311;-0.50;5.50;0.416372;0.809155;0.075704;0.001479;-0.000390;1
312;-0.50;5.75;0.432015;0.837242;0.075133;-0.004041;-0.001357;0
313;-0.50;6.00;0.442100;0.859283;0.073683;-0.006817;-0.001672;0
314;-0.50;6.25;0.448278;0.877470;0.071724;-0.008672;-0.001900;0
315;-0.50;6.50;0.450757;0.893399;0.069347;-0.010050;-0.001985;0
316;-0.50;6.75;0.450223;0.908182;0.066700;-0.010634;-0.001791;0
317;-0.50;7.00;0.448211;0.922348;0.064030;-0.010504;-0.001309;0
318;-0.50;7.25;0.445494;0.936161;0.061447;-0.010116;-0.000750;0
319;-0.50;7.50;0.442291;0.949783;0.058972;-0.009680;-0.000205;0
320;-0.50;7.75;0.438707;0.963363;0.056607;-0.009269;0.000295;1
321;-0.50;8.00;0.434702;0.976916;0.054338;-0.009010;0.000678;1
322;-0.50;8.25;0.429843;0.990075;0.052102;-0.008901;0.000917;1
323;-0.50;8.50;0.424041;1.002773;0.049887;-0.008749;0.001094;1
324;-0.50;8.75;0.417617;1.015235;0.047728;-0.008481;0.001243;1
325;-0.50;9.00;0.410822;1.027679;0.045647;-0.008174;0.001365;1
326;-0.50;9.25;0.403678;1.040122;0.043641;-0.007904;0.001459;1
327;-0.50;9.50;0.396104;1.052518;0.041695;-0.007685;0.001535;1
328;-0.50;9.75;0.388035;1.064809;0.039798;-0.007497;0.001607;1
329;-0.50;10.00;0.379467;1.077034;0.037947;-0.007407;0.001692;1
330;0.00;2.00;0.024384;0.323743;0.012192;0.018997;0.002003;1
331;0.00;2.25;0.038118;0.345936;0.016941;0.021465;0.002663;1
332;0.00;2.50;0.057312;0.373576;0.022925;0.024526;0.003137;1
333;0.00;2.75;0.080312;0.404057;0.029204;0.024326;0.003200;1
334;0.00;3.00;0.105263;0.435388;0.035088;0.022351;0.003079;1
335;0.00;3.25;0.131235;0.466835;0.040380;0.020601;0.002985;1
336;0.00;3.50;0.158859;0.499170;0.045388;0.019666;0.003113;1
337;0.00;3.75;0.188300;0.532445;0.050213;0.018910;0.003139;1
338;0.00;4.00;0.219374;0.566138;0.054843;0.018488;0.003227;1
339;0.00;4.25;0.252693;0.600211;0.059457;0.018409;0.003336;1
340;0.00;4.50;0.288216;0.635178;0.064048;0.017522;0.003102;1
341;0.00;4.75;0.324036;0.672542;0.068218;0.016195;0.002529;1
342;0.00;5.00;0.360729;0.718621;0.072146;0.013260;0.001974;1
343;0.00;5.25;0.392953;0.763932;0.074848;0.006320;0.000339;1
344;0.00;5.50;0.414182;0.796384;0.075306;-0.001024;-0.001165;0
345;0.00;5.75;0.427433;0.819871;0.074336;-0.005157;-0.001828;0
346;0.00;6.00;0.436364;0.838869;0.072727;-0.007400;-0.002184;0
347;0.00;6.25;0.441477;0.855105;0.070636;-0.009020;-0.002432;0
348;0.00;6.50;0.443413;0.870033;0.068217;-0.009820;-0.002409;0
349;0.00;6.75;0.443654;0.884172;0.065726;-0.009813;-0.002053;0
350;0.00;7.00;0.443174;0.897904;0.063311;-0.009471;-0.001580;0
351;0.00;7.25;0.442186;0.911410;0.060991;-0.009090;-0.001102;0
352;0.00;7.50;0.440741;0.924751;0.058765;-0.008723;-0.000643;0
353;0.00;7.75;0.438880;0.938029;0.056630;-0.008459;-0.000239;0
354;0.00;8.00;0.436288;0.951017;0.054536;-0.008394;0.000067;1
355;0.00;8.25;0.432570;0.963373;0.052433;-0.008399;0.000334;1
356;0.00;8.50;0.427861;0.975196;0.050337;-0.008311;0.000598;1
357;0.00;8.75;0.422426;0.986676;0.048277;-0.008134;0.000833;1
358;0.00;9.00;0.416427;0.997946;0.046270;-0.007934;0.001013;1
359;0.00;9.25;0.409870;1.008991;0.044310;-0.007743;0.001137;1
360;0.00;9.50;0.402783;1.019838;0.042398;-0.007556;0.001229;1
361;0.00;9.75;0.395188;1.030534;0.040532;-0.007357;0.001312;1
362;0.00;10.00;0.387198;1.041177;0.038720;-0.007249;0.001397;1
363;0.50;2.00;0.026405;0.323990;0.013203;0.020343;0.002048;1
364;0.50;2.25;0.041149;0.346792;0.018288;0.022564;0.002712;1
365;0.50;2.50;0.061212;0.374616;0.024485;0.024975;0.003087;1
366;0.50;2.75;0.084634;0.404678;0.030776;0.024219;0.003081;1
367;0.50;3.00;0.109783;0.435322;0.036594;0.022158;0.002945;1
368;0.50;3.25;0.136029;0.466167;0.041855;0.020657;0.002924;1
369;0.50;3.50;0.164231;0.498145;0.046923;0.019795;0.003013;1
370;0.50;3.75;0.194072;0.530686;0.051753;0.019001;0.003018;1
371;0.50;4.00;0.225695;0.563572;0.056424;0.018638;0.003093;1
372;0.50;4.25;0.259554;0.596822;0.061072;0.018049;0.003045;1
373;0.50;4.50;0.294518;0.631085;0.065448;0.016582;0.002455;1
374;0.50;4.75;0.329471;0.670213;0.069362;0.015011;0.002083;1
375;0.50;5.00;0.364770;0.716287;0.072954;0.010740;0.001221;1
376;0.50;5.25;0.392346;0.754618;0.074732;0.003169;-0.000620;1
377;0.50;5.50;0.409962;0.781183;0.074539;-0.002855;-0.001795;0
378;0.50;5.75;0.421504;0.801164;0.073305;-0.006079;-0.002332;0
379;0.50;6.00;0.428995;0.817705;0.071499;-0.008025;-0.002700;0
380;0.50;6.25;0.433079;0.832667;0.069293;-0.009122;-0.002842;0
381;0.50;6.50;0.435100;0.846638;0.066938;-0.009293;-0.002632;0
382;0.50;6.75;0.436362;0.860099;0.064646;-0.008977;-0.002262;0
383;0.50;7.00;0.437148;0.873289;0.062450;-0.008602;-0.001874;0
384;0.50;7.25;0.437502;0.886290;0.060345;-0.008242;-0.001492;0
385;0.50;7.50;0.437466;0.899176;0.058329;-0.007953;-0.001128;0
386;0.50;7.75;0.436855;0.911849;0.056368;-0.007848;-0.000836;0
387;0.50;8.00;0.435240;0.923970;0.054405;-0.007865;-0.000592;0
388;0.50;8.25;0.432597;0.935519;0.052436;-0.007841;-0.000327;0
389;0.50;8.50;0.429121;0.946628;0.050485;-0.007750;-0.000048;0
390;0.50;8.75;0.424909;0.957372;0.048561;-0.007650;0.000213;1
391;0.50;9.00;0.419937;0.967722;0.046660;-0.007566;0.000430;1
392;0.50;9.25;0.414198;0.977655;0.044778;-0.007470;0.000610;1
393;0.50;9.50;0.407783;0.987223;0.042924;-0.007336;0.000765;1
394;0.50;9.75;0.400824;0.996571;0.041110;-0.007162;0.000903;1
395;0.50;10.00;0.393435;1.005796;0.039344;-0.007067;0.001013;1
396;1.00;2.00;0.028480;0.324330;0.014240;0.021653;0.002098;1
397;1.00;2.25;0.044220;0.347652;0.019653;0.023544;0.002735;1
398;1.00;2.50;0.065030;0.375533;0.026012;0.025264;0.003007;1
399;1.00;2.75;0.088784;0.405079;0.032285;0.024041;0.002955;1
400;1.00;3.00;0.114098;0.435058;0.038033;0.022038;0.002813;1
401;1.00;3.25;0.140737;0.465480;0.043304;0.020737;0.002862;1
402;1.00;3.50;0.169403;0.496925;0.048401;0.019855;0.002890;1
403;1.00;3.75;0.199618;0.528683;0.053232;0.019070;0.002889;1
404;1.00;4.00;0.231744;0.560719;0.057936;0.018542;0.002916;1
405;1.00;4.25;0.265636;0.593126;0.062503;0.017134;0.002586;1
406;1.00;4.50;0.299264;0.627104;0.066503;0.015596;0.001875;1
407;1.00;4.75;0.333929;0.668552;0.070301;0.013727;0.001639;1
408;1.00;5.00;0.366832;0.711483;0.073366;0.007855;0.000291;1
409;1.00;5.25;0.389699;0.742699;0.074228;0.000289;-0.001389;1
410;1.00;5.50;0.404309;0.764344;0.073511;-0.004448;-0.002332;0
411;1.00;5.75;0.414026;0.781393;0.072005;-0.006966;-0.002832;0
412;1.00;6.00;0.420166;0.796426;0.070028;-0.008420;-0.003124;0
413;1.00;6.25;0.423715;0.810237;0.067794;-0.008884;-0.003056;0
414;1.00;6.50;0.426307;0.823300;0.065586;-0.008659;-0.002778;0
415;1.00;6.75;0.428387;0.835998;0.063465;-0.008297;-0.002478;0
416;1.00;7.00;0.430059;0.848458;0.061437;-0.007932;-0.002186;0
417;1.00;7.25;0.431367;0.860761;0.059499;-0.007599;-0.001896;0
418;1.00;7.50;0.432282;0.872920;0.057638;-0.007410;-0.001654;0
419;1.00;7.75;0.432401;0.884666;0.055794;-0.007387;-0.001459;0
420;1.00;8.00;0.431553;0.895842;0.053944;-0.007377;-0.001243;0
421;1.00;8.25;0.429870;0.906563;0.052105;-0.007310;-0.000995;0
422;1.00;8.50;0.427456;0.916889;0.050289;-0.007229;-0.000745;0
423;1.00;8.75;0.424294;0.926807;0.048491;-0.007179;-0.000519;0
424;1.00;9.00;0.420295;0.936230;0.046699;-0.007140;-0.000310;0
425;1.00;9.25;0.415516;0.945195;0.044921;-0.007073;-0.000105;0
426;1.00;9.50;0.410047;0.953790;0.043163;-0.006970;0.000093;1
427;1.00;9.75;0.403997;0.962099;0.041436;-0.006859;0.000269;1
428;1.00;10.00;0.397333;0.970127;0.039733;-0.006809;0.000409;1
429;1.50;2.00;0.030602;0.324708;0.015301;0.022888;0.002149;1
430;1.50;2.25;0.047302;0.348485;0.021023;0.024381;0.002738;1
431;1.50;2.50;0.068729;0.376275;0.027492;0.025415;0.002915;1
432;1.50;2.75;0.092759;0.405267;0.033730;0.023831;0.002834;1
433;1.50;3.00;0.118222;0.434593;0.039407;0.021973;0.002705;1
434;1.50;3.25;0.145330;0.464676;0.044717;0.020811;0.002782;1
435;1.50;3.50;0.174345;0.495491;0.049813;0.019850;0.002754;1
436;1.50;3.75;0.204907;0.526419;0.054642;0.019053;0.002751;1
437;1.50;4.00;0.237359;0.557621;0.059340;0.018032;0.002632;1
438;1.50;4.25;0.270546;0.589189;0.063658;0.015968;0.001979;1
439;1.50;4.50;0.302957;0.623951;0.067324;0.014687;0.001567;1
440;1.50;4.75;0.337258;0.666289;0.071002;0.011842;0.001067;1
441;1.50;5.00;0.366225;0.703249;0.073245;0.004683;-0.000713;1
442;1.50;5.25;0.385052;0.728326;0.073343;-0.002076;-0.002097;0
443;1.50;5.50;0.397138;0.746271;0.072207;-0.005740;-0.002847;0
444;1.50;5.75;0.405221;0.761496;0.070473;-0.007663;-0.003263;0
445;1.50;6.00;0.410254;0.775158;0.068376;-0.008473;-0.003355;0
446;1.50;6.25;0.413979;0.787860;0.066237;-0.008431;-0.003170;0
447;1.50;6.50;0.417042;0.800014;0.064160;-0.008136;-0.002942;0
448;1.50;6.75;0.419638;0.811801;0.062169;-0.007793;-0.002726;0
449;1.50;7.00;0.421847;0.823367;0.060264;-0.007440;-0.002509;0
450;1.50;7.25;0.423753;0.834807;0.058449;-0.007177;-0.002316;0
451;1.50;7.50;0.425064;0.845919;0.056675;-0.007078;-0.002180;0
452;1.50;7.75;0.425549;0.856537;0.054910;-0.007026;-0.002037;0
453;1.50;8.00;0.425296;0.866720;0.053162;-0.006936;-0.001855;0
454;1.50;8.25;0.424391;0.876533;0.051441;-0.006845;-0.001657;0
455;1.50;8.50;0.422784;0.885932;0.049739;-0.006799;-0.001467;0
456;1.50;8.75;0.420366;0.894831;0.048042;-0.006779;-0.001288;0
457;1.50;9.00;0.417150;0.903241;0.046350;-0.006737;-0.001098;0
458;1.50;9.25;0.413230;0.911241;0.044674;-0.006664;-0.000904;0
459;1.50;9.50;0.408670;0.918884;0.043018;-0.006590;-0.000717;0
460;1.50;9.75;0.403443;0.926165;0.041379;-0.006532;-0.000554;0
461;1.50;10.00;0.397521;0.933062;0.039752;-0.006506;-0.000403;0
462;2.00;2.00;0.032777;0.325128;0.016388;0.024011;0.002208;1
463;2.00;2.25;0.050380;0.349285;0.022391;0.025077;0.002726;1
464;2.00;2.50;0.072318;0.376875;0.028927;0.025456;0.002822;1
465;2.00;2.75;0.096578;0.405307;0.035119;0.023621;0.002718;1
466;2.00;3.00;0.122213;0.434026;0.040738;0.021934;0.002633;1
467;2.00;3.25;0.149780;0.463737;0.046086;0.020835;0.002688;1
468;2.00;3.50;0.179043;0.493786;0.051155;0.019794;0.002623;1
469;2.00;3.75;0.209936;0.523907;0.055983;0.018825;0.002580;1
470;2.00;4.00;0.242271;0.554222;0.060568;0.016998;0.002192;1
471;2.00;4.25;0.274047;0.585152;0.064482;0.015005;0.001405;1
472;2.00;4.50;0.306316;0.621833;0.068070;0.013773;0.001318;1
473;2.00;4.75;0.338998;0.661974;0.071368;0.009166;0.000286;1
474;2.00;5.00;0.363265;0.692105;0.072653;0.001528;-0.001537;1
475;2.00;5.25;0.378692;0.712314;0.072132;-0.003979;-0.002701;0
476;2.00;5.50;0.388648;0.727851;0.070663;-0.006781;-0.003283;0
477;2.00;5.75;0.395262;0.741533;0.068741;-0.007981;-0.003528;0
478;2.00;6.00;0.400037;0.753957;0.066673;-0.008234;-0.003451;0
479;2.00;6.25;0.403900;0.765575;0.064624;-0.008058;-0.003298;0
480;2.00;6.50;0.407184;0.776692;0.062644;-0.007770;-0.003149;0
481;2.00;6.75;0.409989;0.787450;0.060739;-0.007431;-0.002995;0
482;2.00;7.00;0.412498;0.798039;0.058928;-0.007113;-0.002842;0
483;2.00;7.25;0.414575;0.808372;0.057183;-0.006941;-0.002746;0
484;2.00;7.50;0.415932;0.818240;0.055458;-0.006853;-0.002660;0
485;2.00;7.75;0.416612;0.827668;0.053756;-0.006736;-0.002545;0
486;2.00;8.00;0.416715;0.836750;0.052089;-0.006615;-0.002415;0
487;2.00;8.25;0.416203;0.845441;0.050449;-0.006535;-0.002294;0
488;2.00;8.50;0.414985;0.853677;0.048822;-0.006493;-0.002178;0
489;2.00;8.75;0.413022;0.861419;0.047202;-0.006441;-0.002045;0
490;2.00;9.00;0.410412;0.868762;0.045601;-0.006371;-0.001895;0
491;2.00;9.25;0.407158;0.875724;0.044017;-0.006310;-0.001744;0
492;2.00;9.50;0.403239;0.882270;0.042446;-0.006272;-0.001601;0
493;2.00;9.75;0.398590;0.888408;0.040881;-0.006231;-0.001460;0
494;2.00;10.00;0.393308;0.894170;0.039331;-0.006201;-0.001314;0
495;2.50;2.00;0.035019;0.325634;0.017510;0.024959;0.002259;1
496;2.50;2.25;0.053436;0.350029;0.023750;0.025607;0.002707;1
497;2.50;2.50;0.075783;0.377304;0.030313;0.025397;0.002733;1
498;2.50;2.75;0.100232;0.405151;0.036448;0.023453;0.002606;1
499;2.50;3.00;0.126120;0.433389;0.042040;0.021914;0.002573;1
500;2.50;3.25;0.154067;0.462639;0.047405;0.020792;0.002574;1
501;2.50;3.50;0.183526;0.491879;0.052436;0.019634;0.002490;1
502;2.50;3.75;0.214583;0.521130;0.057222;0.018191;0.002321;1
503;2.50;4.00;0.246126;0.550470;0.061531;0.015681;0.001647;1
504;2.50;4.25;0.276516;0.581454;0.065063;0.014221;0.001095;1
505;2.50;4.50;0.308888;0.619358;0.068642;0.012450;0.000910;1
506;2.50;4.75;0.338616;0.654977;0.071288;0.006133;-0.000643;1
507;2.50;5.00;0.358541;0.678956;0.071708;-0.001291;-0.002245;0
508;2.50;5.25;0.370871;0.695517;0.070642;-0.005569;-0.003187;0
509;2.50;5.50;0.379081;0.709331;0.068924;-0.007393;-0.003575;0
510;2.50;5.75;0.384937;0.721614;0.066945;-0.007999;-0.003631;0
511;2.50;6.00;0.389546;0.732822;0.064924;-0.008014;-0.003555;0
512;2.50;6.25;0.393364;0.743311;0.062938;-0.007826;-0.003468;0
513;2.50;6.50;0.396572;0.753263;0.061011;-0.007530;-0.003378;0
514;2.50;6.75;0.399421;0.762955;0.059173;-0.007179;-0.003264;0
515;2.50;7.00;0.401950;0.772419;0.057421;-0.006941;-0.003191;0
516;2.50;7.25;0.403848;0.781433;0.055703;-0.006813;-0.003150;0
517;2.50;7.50;0.405114;0.790011;0.054015;-0.006677;-0.003088;0
518;2.50;7.75;0.405827;0.798211;0.052365;-0.006536;-0.003012;0
519;2.50;8.00;0.405977;0.806030;0.050747;-0.006435;-0.002947;0
520;2.50;8.25;0.405465;0.813383;0.049147;-0.006371;-0.002890;0
521;2.50;8.50;0.404273;0.820261;0.047561;-0.006300;-0.002825;0
522;2.50;8.75;0.402476;0.826727;0.045997;-0.006212;-0.002741;0
523;2.50;9.00;0.400098;0.832825;0.044455;-0.006135;-0.002657;0
524;2.50;9.25;0.397102;0.838517;0.042930;-0.006077;-0.002573;0
525;2.50;9.50;0.393458;0.843800;0.041417;-0.006022;-0.002483;0
526;2.50;9.75;0.389210;0.848725;0.039919;-0.005957;-0.002379;0
527;2.50;10.00;0.384381;0.853326;0.038438;-0.005924;-0.002277;0
528;3.00;2.00;0.037295;0.326131;0.018648;0.025802;0.002296;1
529;3.00;2.25;0.056471;0.350741;0.025098;0.026024;0.002665;1
530;3.00;2.50;0.079149;0.377621;0.031660;0.025254;0.002637;1
531;3.00;2.75;0.103744;0.404870;0.037725;0.023302;0.002504;1
532;3.00;3.00;0.129933;0.432705;0.043311;0.021871;0.002501;1
533;3.00;3.25;0.158146;0.461332;0.048660;0.020669;0.002436;1
534;3.00;3.50;0.187759;0.489727;0.053645;0.019287;0.002331;1
535;3.00;3.75;0.218639;0.518065;0.058304;0.017138;0.001952;1
536;3.00;4.00;0.248858;0.546539;0.062214;0.014545;0.001124;1
537;3.00;4.25;0.278699;0.578560;0.065576;0.013532;0.000967;1
538;3.00;4.50;0.310412;0.615716;0.068980;0.010298;0.000300;1
539;3.00;4.75;0.335944;0.645168;0.070725;0.002856;-0.001556;1
540;3.00;5.00;0.352042;0.664346;0.070408;-0.003560;-0.002894;0
541;3.00;5.25;0.361963;0.678544;0.068945;-0.006640;-0.003526;0
542;3.00;5.50;0.368987;0.690851;0.067089;-0.007671;-0.003714;0
543;3.00;5.75;0.374382;0.701772;0.065110;-0.007942;-0.003718;0
544;3.00;6.00;0.378706;0.711721;0.063118;-0.007908;-0.003693;0
545;3.00;6.25;0.382223;0.720981;0.061156;-0.007704;-0.003664;0
546;3.00;6.50;0.385227;0.729756;0.059266;-0.007361;-0.003593;0
547;3.00;6.75;0.387957;0.738306;0.057475;-0.007057;-0.003538;0
548;3.00;7.00;0.390160;0.746438;0.055737;-0.006886;-0.003532;0
549;3.00;7.25;0.391735;0.754093;0.054032;-0.006735;-0.003513;0
550;3.00;7.50;0.392773;0.761341;0.052370;-0.006576;-0.003483;0
551;3.00;7.75;0.393271;0.768199;0.050745;-0.006455;-0.003463;0
552;3.00;8.00;0.393138;0.774577;0.049142;-0.006372;-0.003455;0
553;3.00;8.25;0.392358;0.780475;0.047559;-0.006291;-0.003439;0
554;3.00;8.50;0.390970;0.785921;0.045996;-0.006194;-0.003411;0
555;3.00;8.75;0.389037;0.790978;0.044461;-0.006105;-0.003384;0
556;3.00;9.00;0.386496;0.795614;0.042944;-0.006035;-0.003359;0
557;3.00;9.25;0.383357;0.799836;0.041444;-0.005962;-0.003327;0
558;3.00;9.50;0.379647;0.803706;0.039963;-0.005883;-0.003288;0
559;3.00;9.75;0.375398;0.807234;0.038502;-0.005819;-0.003252;0
560;3.00;10.00;0.370536;0.810394;0.037054;-0.005795;-0.003223;0
561;3.50;2.00;0.039612;0.326652;0.019806;0.026434;0.002329;1
562;3.50;2.25;0.059432;0.351325;0.026414;0.026289;0.002599;1
563;3.50;2.50;0.082376;0.377758;0.032951;0.025075;0.002530;1
564;3.50;2.75;0.107118;0.404457;0.038952;0.023182;0.002409;1
565;3.50;3.00;0.133624;0.431908;0.044541;0.021778;0.002410;1
566;3.50;3.25;0.161984;0.459792;0.049841;0.020450;0.002296;1
567;3.50;3.50;0.191683;0.487347;0.054767;0.018666;0.002117;1
568;3.50;3.75;0.221902;0.514729;0.059174;0.015778;0.001478;1
569;3.50;4.00;0.250623;0.542675;0.062656;0.013712;0.000752;1
570;3.50;4.25;0.280626;0.575988;0.066030;0.012572;0.000731;1
571;3.50;4.50;0.310237;0.609801;0.068942;0.007404;-0.000515;1
572;3.50;4.75;0.331227;0.633231;0.069732;-0.000255;-0.002292;0
573;3.50;5.00;0.344071;0.649007;0.068814;-0.005232;-0.003357;0
574;3.50;5.25;0.352360;0.661503;0.067116;-0.007209;-0.003716;0
575;3.50;5.50;0.358653;0.672370;0.065210;-0.007777;-0.003806;0
576;3.50;5.75;0.363558;0.681996;0.063228;-0.007957;-0.003839;0
577;3.50;6.00;0.367385;0.690624;0.061231;-0.007906;-0.003867;0
578;3.50;6.25;0.370467;0.698588;0.059275;-0.007625;-0.003848;0
579;3.50;6.50;0.373219;0.706210;0.057418;-0.007279;-0.003807;0
580;3.50;6.75;0.375538;0.713445;0.055635;-0.007058;-0.003820;0
581;3.50;7.00;0.377226;0.720156;0.053889;-0.006890;-0.003840;0
582;3.50;7.25;0.378380;0.726440;0.052190;-0.006715;-0.003847;0
583;3.50;7.50;0.378988;0.732279;0.050532;-0.006578;-0.003864;0
584;3.50;7.75;0.378987;0.737639;0.048902;-0.006479;-0.003895;0
585;3.50;8.00;0.378339;0.742478;0.047292;-0.006387;-0.003921;0
586;3.50;8.25;0.377090;0.746846;0.045708;-0.006285;-0.003941;0
587;3.50;8.50;0.375276;0.750773;0.044150;-0.006190;-0.003958;0
588;3.50;8.75;0.372865;0.754258;0.042613;-0.006107;-0.003980;0
589;3.50;9.00;0.369871;0.757308;0.041097;-0.006021;-0.003995;0
590;3.50;9.25;0.366323;0.759983;0.039602;-0.005936;-0.004009;0
591;3.50;9.50;0.362224;0.762277;0.038129;-0.005870;-0.004028;0
592;3.50;9.75;0.357505;0.764166;0.036667;-0.005828;-0.004059;0
593;3.50;10.00;0.352151;0.765633;0.035215;-0.005809;-0.004087;0
594;4.00;2.00;0.041954;0.327191;0.020977;0.026878;0.002347;1
595;4.00;2.25;0.062317;0.351812;0.027697;0.026425;0.002520;1
596;4.00;2.50;0.085474;0.377747;0.034190;0.024874;0.002430;1
597;4.00;2.75;0.110368;0.403933;0.040134;0.023063;0.002330;1
598;4.00;3.00;0.137164;0.430942;0.045721;0.021645;0.002308;1
599;4.00;3.25;0.165608;0.458049;0.050956;0.020082;0.002161;1
600;4.00;3.50;0.195168;0.484719;0.055762;0.017651;0.001817;1
601;4.00;3.75;0.224183;0.511085;0.059782;0.014409;0.000973;1
602;4.00;4.00;0.251868;0.539193;0.062967;0.013050;0.000590;1
603;4.00;4.25;0.281805;0.572633;0.066307;0.010998;0.000286;1
604;4.00;4.50;0.308096;0.601566;0.068466;0.004252;-0.001380;1
605;4.00;4.75;0.325057;0.620285;0.068433;-0.002829;-0.002884;0
606;4.00;5.00;0.335257;0.633497;0.067051;-0.006407;-0.003617;0
607;4.00;5.25;0.342455;0.644447;0.065229;-0.007537;-0.003818;0
608;4.00;5.50;0.348056;0.653928;0.063283;-0.007917;-0.003914;0
609;4.00;5.75;0.352309;0.662162;0.061271;-0.008064;-0.004001;0
610;4.00;6.00;0.355505;0.669444;0.059251;-0.007927;-0.004040;0
611;4.00;6.25;0.358173;0.676192;0.057308;-0.007585;-0.004023;0
612;4.00;6.50;0.360479;0.682555;0.055458;-0.007305;-0.004044;0
613;4.00;6.75;0.362172;0.688362;0.053655;-0.007122;-0.004093;0
614;4.00;7.00;0.363281;0.693669;0.051897;-0.006939;-0.004128;0
615;4.00;7.25;0.363846;0.698509;0.050186;-0.006783;-0.004176;0
616;4.00;7.50;0.363792;0.702829;0.048506;-0.006671;-0.004236;0
617;4.00;7.75;0.363088;0.706601;0.046850;-0.006568;-0.004296;0
618;4.00;8.00;0.361772;0.709867;0.045222;-0.006466;-0.004352;0
619;4.00;8.25;0.359842;0.712627;0.043617;-0.006366;-0.004408;0
620;4.00;8.50;0.357329;0.714914;0.042039;-0.006271;-0.004466;0
621;4.00;8.75;0.354215;0.716733;0.040482;-0.006180;-0.004520;0
622;4.00;9.00;0.350539;0.718131;0.038949;-0.006093;-0.004577;0
623;4.00;9.25;0.346275;0.719113;0.037435;-0.006028;-0.004643;0
624;4.00;9.50;0.341379;0.719631;0.035935;-0.005983;-0.004719;0
625;4.00;9.75;0.335827;0.719697;0.034444;-0.005935;-0.004794;0
626;4.00;10.00;0.329670;0.719351;0.032967;-0.005907;-0.004867;0
627;4.50;2.00;0.044305;0.327720;0.022152;0.027129;0.002345;1
628;4.50;2.25;0.065103;0.352145;0.028935;0.026455;0.002439;1
629;4.50;2.50;0.088450;0.377622;0.035380;0.024693;0.002336;1
630;4.50;2.75;0.113524;0.403317;0.041281;0.022939;0.002264;1
631;4.50;3.00;0.140549;0.429815;0.046850;0.021441;0.002196;1
632;4.50;3.25;0.169007;0.456108;0.052002;0.019468;0.001988;1
633;4.50;3.50;0.198043;0.481808;0.056584;0.016289;0.001423;1
634;4.50;3.75;0.225550;0.507254;0.060147;0.013325;0.000570;1
635;4.50;4.00;0.252985;0.536146;0.063246;0.012337;0.000488;1
636;4.50;4.25;0.281840;0.567791;0.066315;0.008631;-0.000350;1
637;4.50;4.50;0.304027;0.591342;0.067562;0.001066;-0.002173;1
638;4.50;4.75;0.317530;0.606621;0.066848;-0.004728;-0.003349;0
639;4.50;5.00;0.325988;0.617918;0.065198;-0.007101;-0.003761;0
640;4.50;5.25;0.332313;0.627419;0.063298;-0.007804;-0.003918;0
641;4.50;5.50;0.337126;0.635483;0.061296;-0.008143;-0.004054;0
642;4.50;5.75;0.340552;0.642246;0.059226;-0.008209;-0.004166;0
643;4.50;6.00;0.343146;0.648238;0.057191;-0.007949;-0.004190;0
644;4.50;6.25;0.345325;0.653757;0.055252;-0.007634;-0.004215;0
645;4.50;6.50;0.346931;0.658715;0.053374;-0.007419;-0.004285;0
646;4.50;6.75;0.347911;0.663087;0.051542;-0.007226;-0.004350;0
647;4.50;7.00;0.348327;0.666962;0.049761;-0.007056;-0.004420;0
648;4.50;7.25;0.348105;0.670266;0.048015;-0.006930;-0.004505;0
649;4.50;7.50;0.347221;0.672997;0.046296;-0.006819;-0.004593;0
650;4.50;7.75;0.345690;0.675162;0.044605;-0.006712;-0.004678;0
651;4.50;8.00;0.343523;0.676784;0.042940;-0.006610;-0.004766;0
652;4.50;8.25;0.340725;0.677867;0.041300;-0.006513;-0.004852;0
653;4.50;8.50;0.337315;0.678456;0.039684;-0.006414;-0.004940;0
654;4.50;8.75;0.333313;0.678565;0.038093;-0.006330;-0.005032;0
655;4.50;9.00;0.328674;0.678197;0.036519;-0.006267;-0.005136;0
656;4.50;9.25;0.323375;0.677317;0.034960;-0.006220;-0.005248;0
657;4.50;9.50;0.317390;0.675947;0.033410;-0.006173;-0.005361;0
658;4.50;9.75;0.310760;0.674116;0.031873;-0.006123;-0.005474;0
659;4.50;10.00;0.303481;0.671844;0.030348;-0.006099;-0.005595;0
660;5.00;2.00;0.046644;0.328203;0.023322;0.027257;0.002332;1
661;5.00;2.25;0.067806;0.352379;0.030136;0.026407;0.002366;1
662;5.00;2.50;0.091313;0.377360;0.036525;0.024523;0.002249;1
663;5.00;2.75;0.116592;0.402643;0.042397;0.022784;0.002191;1
664;5.00;3.00;0.143753;0.428526;0.047918;0.021094;0.002062;1
665;5.00;3.25;0.172069;0.453927;0.052944;0.018536;0.001752;1
666;5.00;3.50;0.200150;0.478605;0.057186;0.014815;0.000991;1
667;5.00;3.75;0.226320;0.503561;0.060352;0.012539;0.000335;1
668;5.00;4.00;0.253821;0.533022;0.063455;0.011209;0.000242;1
669;5.00;4.25;0.280315;0.561108;0.065957;0.005675;-0.001124;1
670;5.00;4.50;0.298317;0.579898;0.066293;-0.001744;-0.002763;0
671;5.00;4.75;0.309151;0.592583;0.065084;-0.006004;-0.003605;0
672;5.00;5.00;0.316453;0.602320;0.063291;-0.007546;-0.003863;0
673;5.00;5.25;0.321885;0.610361;0.061311;-0.008124;-0.004041;0
674;5.00;5.50;0.325758;0.616945;0.059229;-0.008412;-0.004215;0
675;5.00;5.75;0.328357;0.622307;0.057106;-0.008336;-0.004302;0
676;5.00;6.00;0.330365;0.627041;0.055061;-0.008025;-0.004341;0
677;5.00;6.25;0.331832;0.631217;0.053093;-0.007774;-0.004421;0
678;5.00;6.50;0.332629;0.634731;0.051174;-0.007577;-0.004512;0
679;5.00;6.75;0.332807;0.637654;0.049305;-0.007392;-0.004602;0
680;5.00;7.00;0.332343;0.639999;0.047478;-0.007248;-0.004710;0
681;5.00;7.25;0.331184;0.641717;0.045681;-0.007130;-0.004821;0
682;5.00;7.50;0.329343;0.642820;0.043912;-0.007017;-0.004933;0
683;5.00;7.75;0.326834;0.643334;0.042172;-0.006915;-0.005046;0
684;5.00;8.00;0.323641;0.643247;0.040455;-0.006814;-0.005160;0
685;5.00;8.25;0.319814;0.642620;0.038765;-0.006713;-0.005276;0
686;5.00;8.50;0.315339;0.641453;0.037099;-0.006632;-0.005398;0
687;5.00;8.75;0.310182;0.639737;0.035449;-0.006572;-0.005535;0
688;5.00;9.00;0.304314;0.637471;0.033813;-0.006524;-0.005677;0
689;5.00;9.25;0.297733;0.634661;0.032187;-0.006479;-0.005824;0
690;5.00;9.50;0.290447;0.631334;0.030573;-0.006434;-0.005972;0
691;5.00;9.75;0.282459;0.627501;0.028970;-0.006402;-0.006128;0
692;5.00;10.00;0.273721;0.623155;0.027372;-0.006392;-0.006290;0
693;5.50;2.00;0.048970;0.328655;0.024485;0.027266;0.002308;1
694;5.50;2.25;0.070428;0.352504;0.031301;0.026289;0.002300;1
695;5.50;2.50;0.094073;0.377008;0.037629;0.024343;0.002167;1
696;5.50;2.75;0.119550;0.401882;0.043473;0.022565;0.002099;1
697;5.50;3.00;0.146736;0.427032;0.048912;0.020563;0.001913;1
698;5.50;3.25;0.174701;0.451519;0.053754;0.017326;0.001458;1
699;5.50;3.50;0.201512;0.475199;0.057575;0.013456;0.000572;1
700;5.50;3.75;0.226808;0.500143;0.060482;0.011826;0.000211;1
701;5.50;4.00;0.253952;0.529021;0.063488;0.009419;-0.000221;1
702;5.50;4.25;0.277064;0.552679;0.065192;0.002622;-0.001873;1
703;5.50;4.50;0.291595;0.567956;0.064799;-0.003897;-0.003157;0
704;5.50;4.75;0.300405;0.578462;0.063243;-0.006929;-0.003737;0
705;5.50;5.00;0.306671;0.586691;0.061334;-0.007974;-0.003971;0
706;5.50;5.25;0.311095;0.593246;0.059256;-0.008507;-0.004189;0
707;5.50;5.50;0.313943;0.598298;0.057081;-0.008664;-0.004359;0
708;5.50;5.75;0.315814;0.602385;0.054924;-0.008460;-0.004425;0
709;5.50;6.00;0.317102;0.605816;0.052850;-0.008187;-0.004510;0
710;5.50;6.25;0.317693;0.608555;0.050831;-0.007976;-0.004621;0
711;5.50;6.50;0.317605;0.610618;0.048862;-0.007781;-0.004733;0
712;5.50;6.75;0.316847;0.612043;0.046940;-0.007622;-0.004855;0
713;5.50;7.00;0.315360;0.612799;0.045051;-0.007493;-0.004987;0
714;5.50;7.25;0.313153;0.612900;0.043194;-0.007377;-0.005121;0
715;5.50;7.50;0.310224;0.612340;0.041363;-0.007269;-0.005256;0
716;5.50;7.75;0.306582;0.611145;0.039559;-0.007166;-0.005395;0
717;5.50;8.00;0.302241;0.609328;0.037780;-0.007070;-0.005534;0
718;5.50;8.25;0.297198;0.606925;0.036024;-0.006989;-0.005685;0
719;5.50;8.50;0.291430;0.603906;0.034286;-0.006932;-0.005849;0
720;5.50;8.75;0.284882;0.600272;0.032558;-0.006887;-0.006020;0
721;5.50;9.00;0.277579;0.596036;0.030842;-0.006845;-0.006195;0
722;5.50;9.25;0.269502;0.591229;0.029135;-0.006809;-0.006374;0
723;5.50;9.50;0.260657;0.585843;0.027438;-0.006780;-0.006557;0
724;5.50;9.75;0.251015;0.579890;0.025745;-0.006759;-0.006745;0
725;5.50;10.00;0.240578;0.573386;0.024058;-0.006749;-0.006941;0
726;6.00;2.00;0.051259;0.329031;0.025629;0.027227;0.002268;1
727;6.00;2.25;0.072982;0.352570;0.032436;0.026126;0.002222;1
728;6.00;2.50;0.096731;0.376559;0.038692;0.024119;0.002089;1
729;6.00;2.75;0.122364;0.400957;0.044496;0.022276;0.001998;1
730;6.00;3.00;0.149492;0.425331;0.049831;0.019812;0.001742;1
731;6.00;3.25;0.176807;0.448886;0.054402;0.015855;0.001103;1
732;6.00;3.50;0.202153;0.471607;0.057758;0.012321;0.000222;1
733;6.00;3.75;0.227109;0.496856;0.060562;0.010952;0.000082;1
734;6.00;4.00;0.252937;0.523671;0.063234;0.007042;-0.000811;1
735;6.00;4.25;0.272355;0.543047;0.064083;-0.000198;-0.002482;0
736;6.00;4.50;0.284109;0.555586;0.063135;-0.005472;-0.003466;0
737;6.00;4.75;0.291400;0.564280;0.061347;-0.007631;-0.003847;0
738;6.00;5.00;0.296598;0.571014;0.059320;-0.008451;-0.004102;0
739;6.00;5.25;0.299890;0.576029;0.057122;-0.008899;-0.004337;0
740;6.00;5.50;0.301786;0.579655;0.054870;-0.008882;-0.004469;0
741;6.00;5.75;0.302914;0.582470;0.052681;-0.008638;-0.004561;0
742;6.00;6.00;0.303306;0.584505;0.050551;-0.008417;-0.004685;0
743;6.00;6.25;0.302950;0.585801;0.048472;-0.008220;-0.004814;0
744;6.00;6.50;0.301865;0.586374;0.046441;-0.008045;-0.004953;0
745;6.00;6.75;0.300033;0.586242;0.044449;-0.007901;-0.005101;0
746;6.00;7.00;0.297431;0.585393;0.042490;-0.007780;-0.005253;0
747;6.00;7.25;0.294055;0.583835;0.040559;-0.007668;-0.005408;0
748;6.00;7.50;0.289920;0.581587;0.038656;-0.007564;-0.005565;0
749;6.00;7.75;0.285024;0.578651;0.036777;-0.007470;-0.005728;0
750;6.00;8.00;0.279368;0.575058;0.034921;-0.007394;-0.005902;0
751;6.00;8.25;0.272912;0.570785;0.033080;-0.007342;-0.006089;0
752;6.00;8.50;0.265627;0.565827;0.031250;-0.007301;-0.006287;0
753;6.00;8.75;0.257511;0.560209;0.029430;-0.007265;-0.006485;0
754;6.00;9.00;0.248561;0.553950;0.027618;-0.007233;-0.006688;0
755;6.00;9.25;0.238773;0.547060;0.025813;-0.007203;-0.006891;0
756;6.00;9.50;0.228157;0.539554;0.024016;-0.007176;-0.007103;0
757;6.00;9.75;0.216697;0.531456;0.022225;-0.007170;-0.007360;0
758;6.00;10.00;0.204316;0.522698;0.020432;-0.007175;-0.007687;0
759;6.50;2.00;0.053506;0.329352;0.026753;0.027079;0.002216;1
760;6.50;2.25;0.075426;0.352481;0.033523;0.025929;0.002130;1
761;6.50;2.50;0.099294;0.376018;0.039718;0.023896;0.002015;1
762;6.50;2.75;0.125046;0.399900;0.045471;0.021873;0.001892;1
763;6.50;3.00;0.151963;0.423438;0.050654;0.018772;0.001527;1
764;6.50;3.25;0.178286;0.445992;0.054857;0.014285;0.000711;1
765;6.50;3.50;0.202289;0.468019;0.057797;0.011414;0.000025;1
766;6.50;3.75;0.227116;0.493364;0.060564;0.009760;-0.000146;1
767;6.50;4.00;0.250708;0.517080;0.062677;0.004290;-0.001467;1
768;6.50;4.25;0.266515;0.532646;0.062709;-0.002687;-0.002917;0
769;6.50;4.50;0.276000;0.542867;0.061333;-0.006627;-0.003656;0
770;6.50;4.75;0.282131;0.550042;0.059396;-0.008202;-0.003965;0
771;6.50;5.00;0.286161;0.555230;0.057232;-0.008954;-0.004249;0
772;6.50;5.25;0.288324;0.558737;0.054919;-0.009242;-0.004459;0
773;6.50;5.50;0.289362;0.561064;0.052611;-0.009112;-0.004575;0
774;6.50;5.75;0.289586;0.562507;0.050363;-0.008892;-0.004711;0
775;6.50;6.00;0.288992;0.563126;0.048165;-0.008691;-0.004855;0
776;6.50;6.25;0.287607;0.562955;0.046017;-0.008511;-0.005007;0
777;6.50;6.50;0.285413;0.562000;0.043910;-0.008356;-0.005168;0
778;6.50;6.75;0.282414;0.560280;0.041839;-0.008222;-0.005336;0
779;6.50;7.00;0.278590;0.557799;0.039799;-0.008107;-0.005507;0
780;6.50;7.25;0.273945;0.554562;0.037786;-0.008001;-0.005682;0
781;6.50;7.50;0.268487;0.550590;0.035798;-0.007910;-0.005865;0
782;6.50;7.75;0.262187;0.545865;0.033831;-0.007841;-0.006060;0
783;6.50;8.00;0.255023;0.540406;0.031878;-0.007791;-0.006268;0
784;6.50;8.25;0.246966;0.534195;0.029935;-0.007757;-0.006486;0
785;6.50;8.50;0.237994;0.527250;0.027999;-0.007725;-0.006704;0
786;6.50;8.75;0.228139;0.519600;0.026073;-0.007690;-0.006922;0
787;6.50;9.00;0.217388;0.511279;0.024154;-0.007657;-0.007145;0
788;6.50;9.25;0.205764;0.502296;0.022245;-0.007638;-0.007417;0
789;6.50;9.50;0.193183;0.492624;0.020335;-0.007719;-0.007780;0
790;6.50;9.75;0.179258;0.481933;0.018385;-0.007929;-0.008244;0
791;6.50;10.00;0.163704;0.470036;0.016370;-0.008060;-0.008789;0
792;7.00;2.00;0.055691;0.329583;0.027846;0.026883;0.002153;1
793;7.00;2.25;0.077774;0.352301;0.034566;0.025724;0.002048;1
794;7.00;2.50;0.101769;0.375401;0.040708;0.023643;0.001944;1
795;7.00;2.75;0.127566;0.398692;0.046388;0.021300;0.001766;1
796;7.00;3.00;0.154073;0.421342;0.051358;0.017451;0.001259;1
797;7.00;3.25;0.179117;0.442838;0.055113;0.012850;0.000347;1
798;7.00;3.50;0.202240;0.464604;0.057783;0.010606;-0.000079;1
799;7.00;3.75;0.226560;0.489202;0.060416;0.007969;-0.000560;1
800;7.00;4.00;0.247070;0.509198;0.061767;0.001502;-0.002081;1
801;7.00;4.25;0.259959;0.521901;0.061167;-0.004575;-0.003199;0
802;7.00;4.50;0.267659;0.530105;0.059480;-0.007569;-0.003771;0
803;7.00;4.75;0.272566;0.535725;0.057382;-0.008817;-0.004095;0
804;7.00;5.00;0.275355;0.539354;0.055071;-0.009439;-0.004383;0
805;7.00;5.25;0.276478;0.541434;0.052663;-0.009552;-0.004560;0
806;7.00;5.50;0.276623;0.542467;0.050295;-0.009386;-0.004700;0
807;7.00;5.75;0.275825;0.542502;0.047970;-0.009199;-0.004859;0
808;7.00;6.00;0.274173;0.541679;0.045695;-0.009010;-0.005024;0
809;7.00;6.25;0.271653;0.539999;0.043465;-0.008846;-0.005198;0
810;7.00;6.50;0.268271;0.537501;0.041272;-0.008703;-0.005377;0
811;7.00;6.75;0.264014;0.534171;0.039113;-0.008579;-0.005562;0
812;7.00;7.00;0.258882;0.530037;0.036983;-0.008471;-0.005752;0
813;7.00;7.25;0.252864;0.525100;0.034878;-0.008385;-0.005952;0
814;7.00;7.50;0.245930;0.519339;0.032791;-0.008321;-0.006167;0
815;7.00;7.75;0.238060;0.512769;0.030717;-0.008276;-0.006392;0
816;7.00;8.00;0.229221;0.505373;0.028653;-0.008247;-0.006625;0
817;7.00;8.25;0.219400;0.497177;0.026594;-0.008213;-0.006858;0
818;7.00;8.50;0.208642;0.488233;0.024546;-0.008172;-0.007085;0
819;7.00;8.75;0.196943;0.478566;0.022508;-0.008146;-0.007367;0
820;7.00;9.00;0.184260;0.468158;0.020473;-0.008223;-0.007750;0
821;7.00;9.25;0.170164;0.456657;0.018396;-0.008474;-0.008244;0
822;7.00;9.50;0.154245;0.443777;0.016236;-0.008829;-0.008823;0
823;7.00;9.75;0.136320;0.429430;0.013982;-0.009188;-0.009405;0
824;7.00;10.00;0.116424;0.413725;0.011642;-0.009357;-0.009923;0
825;7.50;2.00;0.057811;0.329722;0.028906;0.026660;0.002085;1
826;7.50;2.25;0.080034;0.352013;0.035571;0.025513;0.001970;1
827;7.50;2.50;0.104156;0.374715;0.041662;0.023332;0.001861;1
828;7.50;2.75;0.129901;0.397330;0.047237;0.020501;0.001610;1
829;7.50;3.00;0.155738;0.419025;0.051913;0.015936;0.000948;1
830;7.50;3.25;0.179415;0.439536;0.055205;0.011610;0.000045;1
831;7.50;3.50;0.202012;0.461236;0.057718;0.009599;-0.000223;1
832;7.50;3.75;0.225015;0.483964;0.060004;0.005757;-0.001073;1
833;7.50;4.00;0.242384;0.500534;0.060596;-0.000988;-0.002529;0
834;7.50;4.25;0.252918;0.510874;0.059510;-0.006067;-0.003430;0
835;7.50;4.50;0.259031;0.517224;0.057563;-0.008419;-0.003898;0
836;7.50;4.75;0.262678;0.521298;0.055301;-0.009427;-0.004234;0
837;7.50;5.00;0.264244;0.523426;0.052849;-0.009884;-0.004491;0
838;7.50;5.25;0.264383;0.524164;0.050359;-0.009875;-0.004658;0
839;7.50;5.50;0.263513;0.523823;0.047911;-0.009711;-0.004833;0
840;7.50;5.75;0.261644;0.522448;0.045503;-0.009540;-0.005007;0
841;7.50;6.00;0.258849;0.520158;0.043142;-0.009369;-0.005191;0
842;7.50;6.25;0.255117;0.516956;0.040819;-0.009218;-0.005381;0
843;7.50;6.50;0.250462;0.512887;0.038533;-0.009083;-0.005578;0
844;7.50;6.75;0.244870;0.507938;0.036277;-0.008972;-0.005780;0
845;7.50;7.00;0.238327;0.502122;0.034047;-0.008887;-0.005997;0
846;7.50;7.25;0.230794;0.495424;0.031834;-0.008830;-0.006226;0
847;7.50;7.50;0.222237;0.487820;0.029632;-0.008791;-0.006467;0
848;7.50;7.75;0.212646;0.479336;0.027438;-0.008758;-0.006711;0
849;7.50;8.00;0.202022;0.469993;0.025253;-0.008722;-0.006951;0
850;7.50;8.25;0.190388;0.459850;0.023077;-0.008677;-0.007220;0
851;7.50;8.50;0.177772;0.448936;0.020914;-0.008743;-0.007609;0
852;7.50;8.75;0.163677;0.436863;0.018706;-0.009020;-0.008121;0
853;7.50;9.00;0.147641;0.423283;0.016405;-0.009410;-0.008721;0
854;7.50;9.25;0.129508;0.408166;0.014001;-0.009785;-0.009333;0
855;7.50;9.50;0.109364;0.391640;0.011512;-0.010040;-0.009854;0
856;7.50;9.75;0.087562;0.374064;0.008981;-0.010130;-0.010154;0
857;7.50;10.00;0.064471;0.355783;0.006447;-0.010134;-0.010241;0
858;8.00;2.00;0.059862;0.329762;0.029931;0.026421;0.002028;1
859;8.00;2.25;0.082206;0.351635;0.036536;0.025275;0.001902;1
860;8.00;2.50;0.106421;0.373908;0.042568;0.022922;0.001762;1
861;8.00;2.75;0.131992;0.395764;0.047997;0.019475;0.001421;1
862;8.00;3.00;0.156918;0.416495;0.052306;0.014322;0.000617;1
863;8.00;3.25;0.179265;0.436147;0.055158;0.010508;-0.000175;1
864;8.00;3.50;0.201459;0.457642;0.057560;0.008369;-0.000441;1
865;8.00;3.75;0.222536;0.477876;0.059343;0.003356;-0.001573;1
866;8.00;4.00;0.236952;0.491356;0.059238;-0.003212;-0.002879;0
867;8.00;4.25;0.245381;0.499503;0.057737;-0.007313;-0.003625;0
868;8.00;4.50;0.250118;0.504249;0.055582;-0.009177;-0.004029;0
869;8.00;4.75;0.252455;0.506764;0.053149;-0.010004;-0.004359;0
870;8.00;5.00;0.252898;0.507488;0.050580;-0.010288;-0.004585;0
871;8.00;5.25;0.252022;0.506901;0.048004;-0.010234;-0.004767;0
872;8.00;5.50;0.250043;0.505140;0.045462;-0.010084;-0.004961;0
873;8.00;5.75;0.247034;0.502345;0.042962;-0.009916;-0.005155;0
874;8.00;6.00;0.243027;0.498567;0.040505;-0.009758;-0.005355;0
875;8.00;6.25;0.238022;0.493837;0.038083;-0.009620;-0.005559;0
876;8.00;6.50;0.232016;0.488176;0.035695;-0.009501;-0.005773;0
877;8.00;6.75;0.224997;0.481582;0.033333;-0.009416;-0.006001;0
878;8.00;7.00;0.216906;0.474024;0.030987;-0.009362;-0.006244;0
879;8.00;7.25;0.207724;0.465507;0.028652;-0.009325;-0.006496;0
880;8.00;7.50;0.197430;0.456038;0.026324;-0.009290;-0.006747;0
881;8.00;7.75;0.186050;0.445651;0.024006;-0.009245;-0.007001;0
882;8.00;8.00;0.173613;0.434418;0.021702;-0.009265;-0.007368;0
883;8.00;8.25;0.159834;0.422111;0.019374;-0.009528;-0.007883;0
884;8.00;8.50;0.143970;0.408153;0.016938;-0.009973;-0.008499;0
885;8.00;8.75;0.125888;0.392525;0.014387;-0.010370;-0.009115;0
886;8.00;9.00;0.105775;0.375468;0.011753;-0.010649;-0.009648;0
887;8.00;9.25;0.083829;0.357199;0.009063;-0.010740;-0.010001;0
888;8.00;9.50;0.060635;0.338222;0.006383;-0.010470;-0.010075;0
889;8.00;9.75;0.037317;0.319447;0.003827;-0.009963;-0.010072;0
890;8.00;10.00;0.014013;0.300888;0.001401;-0.009704;-0.010064;0
891;8.50;2.00;0.061867;0.329755;0.030934;0.026155;0.001978;1
892;8.50;2.25;0.084313;0.351207;0.037472;0.024981;0.001836;1
893;8.50;2.50;0.108560;0.372969;0.043424;0.022370;0.001662;1
894;8.50;2.75;0.133807;0.394027;0.048657;0.018212;0.001199;1
895;8.50;3.00;0.157590;0.413754;0.052530;0.012745;0.000288;1
896;8.50;3.25;0.178847;0.432765;0.055030;0.009494;-0.000306;1
897;8.50;3.50;0.200469;0.453593;0.057277;0.006802;-0.000737;1
898;8.50;3.75;0.219114;0.470974;0.058430;0.000880;-0.002062;1
899;8.50;4.00;0.230867;0.481753;0.057717;-0.005091;-0.003135;0
900;8.50;4.25;0.237510;0.487989;0.055885;-0.008366;-0.003769;0
901;8.50;4.50;0.240902;0.491183;0.053534;-0.009887;-0.004160;0
902;8.50;4.75;0.241970;0.492182;0.050941;-0.010539;-0.004462;0
903;8.50;5.00;0.241321;0.491544;0.048264;-0.010700;-0.004680;0
904;8.50;5.25;0.239354;0.489603;0.045591;-0.010628;-0.004884;0
905;8.50;5.50;0.236227;0.486438;0.042950;-0.010485;-0.005089;0
906;8.50;5.75;0.232005;0.482190;0.040349;-0.010328;-0.005298;0
907;8.50;6.00;0.226719;0.476909;0.037787;-0.010177;-0.005513;0
908;8.50;6.25;0.220375;0.470640;0.035260;-0.010054;-0.005735;0
909;8.50;6.50;0.212936;0.463369;0.032759;-0.009969;-0.005972;0
910;8.50;6.75;0.204361;0.455067;0.030276;-0.009913;-0.006226;0
911;8.50;7.00;0.194619;0.445738;0.027803;-0.009877;-0.006484;0
912;8.50;7.25;0.183696;0.435384;0.025337;-0.009836;-0.006740;0
913;8.50;7.50;0.171635;0.424077;0.022885;-0.009799;-0.007054;0
914;8.50;7.75;0.158392;0.411800;0.020438;-0.009999;-0.007535;0
915;8.50;8.00;0.143081;0.397844;0.017885;-0.010487;-0.008158;0
916;8.50;8.25;0.125352;0.382019;0.015194;-0.010940;-0.008793;0
917;8.50;8.50;0.105530;0.364696;0.012415;-0.011206;-0.009327;0
918;8.50;8.75;0.083922;0.346159;0.009591;-0.011317;-0.009706;0
919;8.50;9.00;0.060810;0.326689;0.006757;-0.011182;-0.009843;0
920;8.50;9.25;0.036999;0.306910;0.004000;-0.010640;-0.009777;0
921;8.50;9.50;0.013649;0.287734;0.001437;-0.010182;-0.009662;0
922;8.50;9.75;0.000000;0.267977;-0.001091;-0.010108;-0.009350;0
923;8.50;10.00;0.000000;0.247376;-0.003617;-0.010105;-0.009237;0
924;9.00;2.00;0.063818;0.329682;0.031909;0.025851;0.001916;1
925;9.00;2.25;0.086337;0.350687;0.038372;0.024641;0.001764;1
926;9.00;2.50;0.110575;0.371918;0.044230;0.021648;0.001553;1
927;9.00;2.75;0.135289;0.392107;0.049196;0.016728;0.000942;1
928;9.00;3.00;0.157782;0.410802;0.052594;0.011314;-0.000008;1
929;9.00;3.25;0.178272;0.429402;0.054853;0.008457;-0.000424;1
930;9.00;3.50;0.198880;0.448935;0.056823;0.004856;-0.001136;1
931;9.00;3.75;0.214803;0.463370;0.057281;-0.001439;-0.002454;0
932;9.00;4.00;0.224414;0.471984;0.056103;-0.006626;-0.003326;0
933;9.00;4.25;0.229363;0.476338;0.053968;-0.009364;-0.003900;0
934;9.00;4.50;0.231396;0.477988;0.051421;-0.010562;-0.004278;0
935;9.00;4.75;0.231262;0.477591;0.048687;-0.011044;-0.004552;0
936;9.00;5.00;0.229497;0.475591;0.045899;-0.011134;-0.004779;0
937;9.00;5.25;0.226379;0.472272;0.043120;-0.011052;-0.005000;0
938;9.00;5.50;0.222054;0.467694;0.040373;-0.010910;-0.005217;0
939;9.00;5.75;0.216572;0.461992;0.037665;-0.010763;-0.005438;0
940;9.00;6.00;0.209951;0.455206;0.034992;-0.010632;-0.005667;0
941;9.00;6.25;0.202180;0.447364;0.032349;-0.010539;-0.005914;0
942;9.00;6.50;0.193196;0.438433;0.029722;-0.010485;-0.006175;0
943;9.00;6.75;0.182968;0.428394;0.027106;-0.010440;-0.006438;0
944;9.00;7.00;0.171518;0.417290;0.024503;-0.010390;-0.006704;0
945;9.00;7.25;0.158857;0.405171;0.021911;-0.010465;-0.007107;0
946;9.00;7.50;0.144526;0.391658;0.019270;-0.010879;-0.007703;0
947;9.00;7.75;0.127657;0.376102;0.016472;-0.011453;-0.008375;0
948;9.00;8.00;0.108351;0.358720;0.013544;-0.011782;-0.008929;0
949;9.00;8.25;0.087292;0.340159;0.010581;-0.011867;-0.009312;0
950;9.00;8.50;0.064690;0.320576;0.007611;-0.011800;-0.009500;0
951;9.00;8.75;0.040958;0.300317;0.004681;-0.011402;-0.009494;0
952;9.00;9.00;0.017186;0.280205;0.001910;-0.010791;-0.009266;0
953;9.00;9.25;0.000000;0.260273;-0.000715;-0.010377;-0.008777;0
954;9.00;9.50;0.000000;0.239833;-0.003279;-0.009615;-0.008638;0
955;9.00;9.75;0.000000;0.220603;-0.005522;-0.009114;-0.008817;0
956;9.00;10.00;0.000000;0.200045;-0.007836;-0.009254;-0.009030;0
957;9.50;2.00;0.065699;0.329515;0.032849;0.025546;0.001843;1
958;9.50;2.25;0.088281;0.350096;0.039236;0.024256;0.001694;1
959;9.50;2.50;0.112444;0.370742;0.044977;0.020726;0.001416;1
960;9.50;2.75;0.136397;0.390002;0.049599;0.015088;0.000656;1
961;9.50;3.00;0.157565;0.407701;0.052522;0.010015;-0.000242;1
962;9.50;3.25;0.177470;0.425956;0.054606;0.007238;-0.000595;1
963;9.50;3.50;0.196493;0.443528;0.056141;0.002741;-0.001545;1
964;9.50;3.75;0.209913;0.455367;0.055977;-0.003500;-0.002734;0
965;9.50;4.00;0.217563;0.461931;0.054391;-0.007984;-0.003529;0
966;9.50;4.25;0.220936;0.464584;0.051985;-0.010270;-0.004029;0
967;9.50;4.50;0.221651;0.464749;0.049256;-0.011192;-0.004379;0
968;9.50;4.75;0.220347;0.462978;0.046389;-0.011541;-0.004641;0
969;9.50;5.00;0.217427;0.459634;0.043485;-0.011595;-0.004879;0
970;9.50;5.25;0.213105;0.454909;0.040591;-0.011505;-0.005112;0
971;9.50;5.50;0.207532;0.448916;0.037733;-0.011362;-0.005341;0
972;9.50;5.75;0.200735;0.441750;0.034911;-0.011227;-0.005578;0
973;9.50;6.00;0.192718;0.433447;0.032120;-0.011128;-0.005828;0
974;9.50;6.25;0.183415;0.423984;0.029346;-0.011070;-0.006094;0
975;9.50;6.50;0.172802;0.413365;0.026585;-0.011017;-0.006362;0
976;9.50;6.75;0.160906;0.401626;0.023838;-0.010973;-0.006662;0
977;9.50;7.00;0.147689;0.388755;0.021098;-0.011216;-0.007152;0
978;9.50;7.25;0.132167;0.373967;0.018230;-0.011834;-0.007833;0
979;9.50;7.50;0.113862;0.356978;0.015182;-0.012335;-0.008464;0
980;9.50;7.75;0.093484;0.338507;0.012062;-0.012450;-0.008880;0
981;9.50;8.00;0.071651;0.319086;0.008956;-0.012361;-0.009106;0
982;9.50;8.25;0.048524;0.298816;0.005882;-0.012082;-0.009160;0
983;9.50;8.50;0.024780;0.278206;0.002915;-0.011568;-0.008976;0
984;9.50;8.75;0.000853;0.257603;0.000098;-0.010849;-0.008388;0
985;9.50;9.00;0.000000;0.237461;-0.002509;-0.009750;-0.008024;0
986;9.50;9.25;0.000000;0.218522;-0.004777;-0.009383;-0.008233;0
987;9.50;9.50;0.000000;0.197633;-0.007201;-0.010261;-0.008618;0
988;9.50;9.75;0.000000;0.174053;-0.009908;-0.010893;-0.009416;0
989;9.50;10.00;0.000000;0.149450;-0.012648;-0.010959;-0.010211;0
990;10.00;2.00;0.067504;0.329267;0.033752;0.025255;0.001770;1
991;10.00;2.25;0.090148;0.349452;0.040066;0.023789;0.001614;1
992;10.00;2.50;0.114116;0.369415;0.045646;0.019573;0.001239;1
993;10.00;2.75;0.137093;0.387698;0.049852;0.013412;0.000366;1
994;10.00;3.00;0.157057;0.404556;0.052352;0.008811;-0.000409;1
995;10.00;3.25;0.176337;0.422228;0.054258;0.005851;-0.000828;1
996;10.00;3.50;0.193473;0.437613;0.055278;0.000579;-0.001911;1
997;10.00;3.75;0.204552;0.447038;0.054547;-0.005407;-0.002981;0
998;10.00;4.00;0.210298;0.451632;0.052574;-0.009217;-0.003704;0
999;10.00;4.25;0.212240;0.452724;0.049939;-0.011064;-0.004145;0
1000;10.00;4.50;0.211690;0.451456;0.047042;-0.011787;-0.004468;0
1001;10.00;4.75;0.209215;0.448349;0.044045;-0.012044;-0.004735;0
1002;10.00;5.00;0.205101;0.443647;0.041020;-0.012075;-0.004981;0
1003;10.00;5.25;0.199541;0.437531;0.038008;-0.011976;-0.005222;0
1004;10.00;5.50;0.192677;0.430115;0.035032;-0.011843;-0.005463;0
1005;10.00;5.75;0.184498;0.421462;0.032087;-0.011736;-0.005719;0
1006;10.00;6.00;0.174986;0.411597;0.029164;-0.011664;-0.005990;0
1007;10.00;6.25;0.164093;0.400507;0.026255;-0.011607;-0.006260;0
1008;10.00;6.50;0.151843;0.388239;0.023361;-0.011621;-0.006605;0
1009;10.00;6.75;0.137998;0.374601;0.020444;-0.012019;-0.007175;0
1010;10.00;7.00;0.121456;0.358718;0.017351;-0.012732;-0.007889;0
1011;10.00;7.25;0.102068;0.340632;0.014078;-0.013089;-0.008420;0
1012;10.00;7.50;0.081046;0.321438;0.010806;-0.012973;-0.008671;0
1013;10.00;7.75;0.058836;0.301468;0.007592;-0.012737;-0.008780;0
1014;10.00;8.00;0.035500;0.280720;0.004438;-0.012342;-0.008721;0
1015;10.00;8.25;0.011721;0.259748;0.001421;-0.011605;-0.008154;0
1016;10.00;8.50;0.000000;0.239188;-0.001365;-0.010256;-0.007564;0
1017;10.00;8.75;0.000000;0.220401;-0.003707;-0.009499;-0.007708;0
1018;10.00;9.00;0.000000;0.200205;-0.006115;-0.010482;-0.008248;0
1019;10.00;9.25;0.000000;0.176433;-0.008948;-0.011565;-0.009263;0
1020;10.00;9.50;0.000000;0.151093;-0.011897;-0.011981;-0.010094;0
1021;10.00;9.75;0.000000;0.124346;-0.014938;-0.012300;-0.010656;0
1022;10.00;10.00;0.000000;0.096385;-0.018047;-0.012435;-0.011229;0
1023;10.50;2.00;0.069238;0.328935;0.034619;0.024924;0.001703;1
1024;10.50;2.25;0.091912;0.348689;0.040850;0.023195;0.001518;1
1025;10.50;2.50;0.115541;0.367914;0.046217;0.018231;0.001034;1
1026;10.50;2.75;0.137404;0.385219;0.049965;0.011792;0.000092;1
1027;10.50;3.00;0.156338;0.401370;0.052113;0.007627;-0.000540;1
1028;10.50;3.25;0.174780;0.418101;0.053779;0.004235;-0.001094;1
1029;10.50;3.50;0.189806;0.431152;0.054230;-0.001565;-0.002267;0
1030;10.50;3.75;0.198735;0.438418;0.052996;-0.007087;-0.003185;0
1031;10.50;4.00;0.202746;0.441195;0.050687;-0.010312;-0.003838;0
1032;10.50;4.25;0.203321;0.440796;0.047840;-0.011797;-0.004246;0
1033;10.50;4.50;0.201547;0.438174;0.044788;-0.012373;-0.004553;0
1034;10.50;4.75;0.197856;0.433688;0.041654;-0.012568;-0.004827;0
1035;10.50;5.00;0.192522;0.427637;0.038504;-0.012568;-0.005082;0
1036;10.50;5.25;0.185690;0.420132;0.035370;-0.012469;-0.005332;0
1037;10.50;5.50;0.177483;0.411280;0.032270;-0.012356;-0.005590;0
1038;10.50;5.75;0.167851;0.401121;0.029192;-0.012280;-0.005861;0
1039;10.50;6.00;0.156779;0.389674;0.026130;-0.012211;-0.006139;0
1040;10.50;6.25;0.144287;0.376989;0.023086;-0.012300;-0.006523;0
1041;10.50;6.50;0.129869;0.362664;0.019980;-0.012847;-0.007151;0
1042;10.50;6.75;0.112472;0.345865;0.016662;-0.013541;-0.007847;0
1043;10.50;7.00;0.092464;0.327082;0.013209;-0.013704;-0.008260;0
1044;10.50;7.25;0.071125;0.307418;0.009810;-0.013398;-0.008372;0
1045;10.50;7.50;0.048825;0.287120;0.006510;-0.013056;-0.008440;0
1046;10.50;7.75;0.025437;0.266019;0.003282;-0.012549;-0.008032;0
1047;10.50;8.00;0.001886;0.244872;0.000236;-0.011110;-0.007338;0
1048;10.50;8.25;0.000000;0.225849;-0.002273;-0.009770;-0.007255;0
1049;10.50;8.50;0.000000;0.206604;-0.004649;-0.010677;-0.007819;0
1050;10.50;8.75;0.000000;0.182873;-0.007611;-0.012217;-0.008910;0
1051;10.50;9.00;0.000000;0.157129;-0.010757;-0.012859;-0.009900;0
1052;10.50;9.25;0.000000;0.129670;-0.014040;-0.013076;-0.010491;0
1053;10.50;9.50;0.000000;0.101444;-0.017295;-0.013047;-0.011008;0
1054;10.50;9.75;0.000000;0.072221;-0.020564;-0.013162;-0.011486;0
1055;10.50;10.00;0.000000;0.041779;-0.023876;-0.013249;-0.011964;0
1056;11.00;2.00;0.070909;0.328546;0.035455;0.024517;0.001643;1
1057;11.00;2.25;0.093564;0.347818;0.041584;0.022451;0.001418;1
1058;11.00;2.50;0.116701;0.366261;0.046680;0.016720;0.000810;1
1059;11.00;2.75;0.137346;0.382563;0.049944;0.010264;-0.000164;1
1060;11.00;3.00;0.155436;0.398143;0.051812;0.006439;-0.000667;1
1061;11.00;3.25;0.172781;0.413577;0.053164;0.002398;-0.001406;1
1062;11.00;3.50;0.185538;0.424232;0.053011;-0.003602;-0.002552;0
1063;11.00;3.75;0.192609;0.429624;0.051362;-0.008549;-0.003362;0
1064;11.00;4.00;0.194947;0.430638;0.048737;-0.011338;-0.003960;0
1065;11.00;4.25;0.194196;0.428807;0.045693;-0.012496;-0.004336;0
1066;11.00;4.50;0.191200;0.424837;0.042489;-0.012950;-0.004639;0
1067;11.00;4.75;0.186288;0.419027;0.039218;-0.013101;-0.004915;0
1068;11.00;5.00;0.179692;0.411600;0.035938;-0.013084;-0.005181;0
1069;11.00;5.25;0.171551;0.402707;0.032676;-0.012992;-0.005442;0
1070;11.00;5.50;0.161933;0.392394;0.029442;-0.012902;-0.005717;0
1071;11.00;5.75;0.150794;0.380718;0.026225;-0.012834;-0.006001;0
1072;11.00;6.00;0.138152;0.367721;0.023025;-0.012986;-0.006407;0
1073;11.00;6.25;0.123327;0.352851;0.019732;-0.013632;-0.007069;0
1074;11.00;6.50;0.105362;0.335417;0.016209;-0.014271;-0.007722;0
1075;11.00;6.75;0.085030;0.316185;0.012597;-0.014237;-0.008015;0
1076;11.00;7.00;0.063638;0.296264;0.009091;-0.013782;-0.008050;0
1077;11.00;7.25;0.041369;0.275722;0.005706;-0.013449;-0.007873;0
1078;11.00;7.50;0.017749;0.254158;0.002367;-0.012292;-0.007287;0
1079;11.00;7.75;0.000000;0.234416;-0.000440;-0.010533;-0.006946;0
1080;11.00;8.00;0.000000;0.215574;-0.002900;-0.010787;-0.007320;0
1081;11.00;8.25;0.000000;0.193048;-0.005834;-0.012568;-0.008377;0
1082;11.00;8.50;0.000000;0.167128;-0.009184;-0.013566;-0.009557;0
1083;11.00;8.75;0.000000;0.139716;-0.012617;-0.013660;-0.010156;0
1084;11.00;9.00;0.000000;0.111507;-0.016014;-0.013643;-0.010631;0
1085;11.00;9.25;0.000000;0.082112;-0.019439;-0.013781;-0.011019;0
1086;11.00;9.50;0.000000;0.051456;-0.022905;-0.013972;-0.011494;0
1087;11.00;9.75;0.000000;0.019444;-0.026425;-0.014213;-0.012026;0
1088;11.00;10.00;0.000000;-0.013995;-0.030011;-0.014347;-0.012566;0
1089;11.50;2.00;0.072523;0.328091;0.036262;0.024025;0.001580;1
1090;11.50;2.25;0.095102;0.346849;0.042268;0.021530;0.001310;1
1091;11.50;2.50;0.117566;0.364454;0.047027;0.015067;0.000568;1
1092;11.50;2.75;0.136953;0.379748;0.049801;0.008837;-0.000381;1
1093;11.50;3.00;0.154336;0.394817;0.051445;0.005142;-0.000823;1
1094;11.50;3.25;0.170210;0.408531;0.052372;0.000465;-0.001715;1
1095;11.50;3.50;0.180873;0.417061;0.051678;-0.005477;-0.002766;0
1096;11.50;3.75;0.186126;0.420565;0.049634;-0.009902;-0.003547;0
1097;11.50;4.00;0.186907;0.419976;0.046727;-0.012260;-0.004066;0
1098;11.50;4.25;0.184891;0.416779;0.043504;-0.013156;-0.004420;0
1099;11.50;4.50;0.180670;0.411497;0.040149;-0.013530;-0.004725;0
1100;11.50;4.75;0.174508;0.404347;0.036739;-0.013651;-0.005005;0
1101;11.50;5.00;0.166617;0.395548;0.033323;-0.013621;-0.005278;0
1102;11.50;5.25;0.157121;0.385255;0.029928;-0.013542;-0.005554;0
1103;11.50;5.50;0.146038;0.373466;0.026552;-0.013475;-0.005844;0
1104;11.50;5.75;0.133345;0.360267;0.023190;-0.013659;-0.006259;0
1105;11.50;6.00;0.118338;0.345076;0.019723;-0.014347;-0.006929;0
1106;11.50;6.25;0.100105;0.327244;0.016017;-0.014930;-0.007537;0
1107;11.50;6.50;0.079678;0.307764;0.012258;-0.014738;-0.007738;0
1108;11.50;6.75;0.058371;0.287706;0.008648;-0.014197;-0.007737;0
1109;11.50;7.00;0.036117;0.266918;0.005160;-0.013421;-0.007300;0
1110;11.50;7.25;0.014044;0.246226;0.001937;-0.011872;-0.006806;0
1111;11.50;7.50;0.000000;0.227076;-0.000776;-0.011202;-0.006843;0
1112;11.50;7.75;0.000000;0.205946;-0.003664;-0.012615;-0.007701;0
1113;11.50;8.00;0.000000;0.180851;-0.007084;-0.013972;-0.008948;0
1114;11.50;8.25;0.000000;0.153844;-0.010650;-0.014245;-0.009718;0
1115;11.50;8.50;0.000000;0.125778;-0.014206;-0.014235;-0.010123;0
1116;11.50;8.75;0.000000;0.096581;-0.017767;-0.014364;-0.010512;0
1117;11.50;9.00;0.000000;0.065921;-0.021388;-0.014584;-0.010988;0
1118;11.50;9.25;0.000000;0.033878;-0.025059;-0.014803;-0.011500;0
1119;11.50;9.50;0.000000;0.000389;-0.028789;-0.015062;-0.012040;0
1120;11.50;9.75;0.000000;-0.034590;-0.032590;-0.015307;-0.012583;0
1121;11.50;10.00;0.000000;-0.070870;-0.036443;-0.015411;-0.013123;0
1122;12.00;2.00;0.074069;0.327563;0.037034;0.023436;0.001521;1
1123;12.00;2.25;0.096511;0.345777;0.042894;0.020428;0.001179;1
1124;12.00;2.50;0.118121;0.362483;0.047248;0.013339;0.000315;1
1125;12.00;2.75;0.136299;0.376845;0.049563;0.007482;-0.000537;1
1126;12.00;3.00;0.152968;0.391284;0.050989;0.003771;-0.001024;1
1127;12.00;3.25;0.167208;0.403166;0.051449;-0.001488;-0.001990;0
1128;12.00;3.50;0.175858;0.409632;0.050245;-0.007266;-0.002966;0
1129;12.00;3.75;0.179309;0.411321;0.047816;-0.011150;-0.003707;0
1130;12.00;4.00;0.178681;0.409258;0.044670;-0.013085;-0.004157;0
1131;12.00;4.25;0.175411;0.404728;0.041273;-0.013814;-0.004499;0
1132;12.00;4.50;0.169935;0.398110;0.037763;-0.014119;-0.004811;0
1133;12.00;4.75;0.162516;0.389642;0.034214;-0.014207;-0.005095;0
1134;12.00;5.00;0.153299;0.379481;0.030660;-0.014183;-0.005378;0
1135;12.00;5.25;0.142393;0.367764;0.027123;-0.014123;-0.005670;0
1136;12.00;5.50;0.129790;0.354490;0.023598;-0.014313;-0.006079;0
1137;12.00;5.75;0.114804;0.339174;0.019966;-0.015004;-0.006735;0
1138;12.00;6.00;0.096578;0.321185;0.016096;-0.015541;-0.007315;0
1139;12.00;6.25;0.076221;0.301589;0.012195;-0.015250;-0.007461;0
1140;12.00;6.50;0.055063;0.281443;0.008471;-0.014671;-0.007288;0
1141;12.00;6.75;0.032803;0.260434;0.004860;-0.013360;-0.006876;0
1142;12.00;7.00;0.012539;0.240816;0.001791;-0.011919;-0.006615;0
1143;12.00;7.25;0.000000;0.220933;-0.001100;-0.012536;-0.007032;0
1144;12.00;7.50;0.000000;0.197435;-0.004477;-0.014083;-0.008158;0
1145;12.00;7.75;0.000000;0.171254;-0.008141;-0.014742;-0.009119;0
1146;12.00;8.00;0.000000;0.143647;-0.011848;-0.014821;-0.009583;0
1147;12.00;8.25;0.000000;0.114858;-0.015552;-0.014919;-0.009969;0
1148;12.00;8.50;0.000000;0.084579;-0.019307;-0.015154;-0.010429;0
1149;12.00;8.75;0.000000;0.052733;-0.023128;-0.015391;-0.010939;0
1150;12.00;9.00;0.000000;0.019426;-0.027003;-0.015621;-0.011451;0
1151;12.00;9.25;0.000000;-0.015379;-0.030939;-0.015885;-0.011985;0
1152;12.00;9.50;0.000000;-0.051701;-0.034945;-0.016138;-0.012527;0
1153;12.00;9.75;0.000000;-0.089411;-0.039008;-0.016379;-0.013069;0
1154;12.00;10.00;0.000000;-0.128580;-0.043135;-0.016508;-0.013563;0
1155;12.50;2.00;0.075565;0.327004;0.037782;0.022655;0.001455;1
1156;12.50;2.25;0.097754;0.344581;0.043446;0.019119;0.001019;1
1157;12.50;2.50;0.118354;0.360335;0.047342;0.011637;0.000067;1
1158;12.50;2.75;0.135477;0.373932;0.049265;0.006158;-0.000668;1
1159;12.50;3.00;0.151262;0.387433;0.050421;0.002236;-0.001242;1
1160;12.50;3.25;0.163742;0.397418;0.050382;-0.003417;-0.002276;0
1161;12.50;3.50;0.170493;0.401978;0.048712;-0.008912;-0.003149;0
1162;12.50;3.75;0.172224;0.401942;0.045926;-0.012284;-0.003831;0
1163;12.50;4.00;0.170280;0.398496;0.042570;-0.013844;-0.004242;0
1164;12.50;4.25;0.165768;0.392659;0.039004;-0.014464;-0.004580;0
1165;12.50;4.50;0.159022;0.384719;0.035338;-0.014721;-0.004889;0
1166;12.50;4.75;0.150307;0.374913;0.031644;-0.014785;-0.005186;0
1167;12.50;5.00;0.139729;0.363381;0.027946;-0.014771;-0.005480;0
1168;12.50;5.25;0.127356;0.350225;0.024258;-0.014946;-0.005872;0
1169;12.50;5.50;0.112602;0.334963;0.020473;-0.015606;-0.006499;0
1170;12.50;5.75;0.094619;0.317032;0.016455;-0.016130;-0.007069;0
1171;12.50;6.00;0.074447;0.297417;0.012408;-0.015800;-0.007198;0
1172;12.50;6.25;0.053471;0.277227;0.008555;-0.014876;-0.006882;0
1173;12.50;6.50;0.032305;0.256843;0.004970;-0.013569;-0.006480;0
1174;12.50;6.75;0.011955;0.236908;0.001771;-0.012850;-0.006495;0
1175;12.50;7.00;0.000000;0.215689;-0.001455;-0.013732;-0.007245;0
1176;12.50;7.25;0.000000;0.191168;-0.005095;-0.014958;-0.008358;0
1177;12.50;7.50;0.000000;0.164384;-0.008934;-0.015376;-0.008988;0
1178;12.50;7.75;0.000000;0.136255;-0.012783;-0.015465;-0.009396;0
1179;12.50;8.00;0.000000;0.106641;-0.016667;-0.015672;-0.009832;0
1180;12.50;8.25;0.000000;0.075375;-0.020619;-0.015938;-0.010331;0
1181;12.50;8.50;0.000000;0.042498;-0.024636;-0.016174;-0.010834;0
1182;12.50;8.75;0.000000;0.008113;-0.028706;-0.016407;-0.011337;0
1183;12.50;9.00;0.000000;-0.027810;-0.032839;-0.016678;-0.011865;0
1184;12.50;9.25;0.000000;-0.065299;-0.037045;-0.016954;-0.012405;0
1185;12.50;9.50;0.000000;-0.104304;-0.041316;-0.017229;-0.012934;0
1186;12.50;9.75;0.000000;-0.144863;-0.045659;-0.017379;-0.013397;0
1187;12.50;10.00;0.000000;-0.186430;-0.050006;-0.017385;-0.013828;0
1188;13.00;2.00;0.076979;0.326351;0.038489;0.021693;0.001374;1
1189;13.00;2.25;0.098804;0.343261;0.043913;0.017651;0.000834;1
1190;13.00;2.50;0.118288;0.358034;0.047315;0.009965;-0.000163;1
1191;13.00;2.75;0.134462;0.370940;0.048895;0.004864;-0.000788;1
1192;13.00;3.00;0.149242;0.383303;0.049747;0.000555;-0.001467;1
1193;13.00;3.25;0.159812;0.391292;0.049173;-0.005303;-0.002517;0
1194;13.00;3.50;0.164835;0.394147;0.047096;-0.010376;-0.003319;0
1195;13.00;3.75;0.164943;0.392461;0.043985;-0.013335;-0.003934;0
1196;13.00;4.00;0.161713;0.387687;0.040428;-0.014582;-0.004323;0
1197;13.00;4.25;0.155948;0.380550;0.036694;-0.015108;-0.004660;0
1198;13.00;4.50;0.147933;0.371318;0.032874;-0.015331;-0.004970;0
1199;13.00;4.75;0.137883;0.360159;0.029028;-0.015388;-0.005276;0
1200;13.00;5.00;0.125900;0.347250;0.025180;-0.015555;-0.005643;0
1201;13.00;5.25;0.111565;0.332259;0.021250;-0.016162;-0.006231;0
1202;13.00;5.50;0.094044;0.314559;0.017099;-0.016707;-0.006804;0
1203;13.00;5.75;0.074159;0.295027;0.012897;-0.016401;-0.006943;0
1204;13.00;6.00;0.053391;0.274844;0.008899;-0.015168;-0.006587;0
1205;13.00;6.25;0.033208;0.255018;0.005313;-0.013815;-0.006252;0
1206;13.00;6.50;0.012941;0.234985;0.001991;-0.013898;-0.006525;0
1207;13.00;6.75;0.000000;0.212245;-0.001636;-0.014889;-0.007325;0
1208;13.00;7.00;0.000000;0.187267;-0.005453;-0.015644;-0.008262;0
1209;13.00;7.25;0.000000;0.160016;-0.009458;-0.016022;-0.008800;0
1210;13.00;7.50;0.000000;0.131382;-0.013465;-0.016159;-0.009213;0
1211;13.00;7.75;0.000000;0.101007;-0.017537;-0.016431;-0.009687;0
1212;13.00;8.00;0.000000;0.068918;-0.021680;-0.016691;-0.010183;0
1213;13.00;8.25;0.000000;0.035201;-0.025883;-0.016922;-0.010671;0
1214;13.00;8.50;0.000000;-0.000064;-0.030141;-0.017166;-0.011170;0
1215;13.00;8.75;0.000000;-0.036937;-0.034466;-0.017454;-0.011693;0
1216;13.00;9.00;0.000000;-0.075459;-0.038868;-0.017756;-0.012233;0
1217;13.00;9.25;0.000000;-0.115591;-0.043344;-0.018022;-0.012747;0
1218;13.00;9.50;0.000000;-0.157203;-0.047879;-0.018123;-0.013199;0
1219;13.00;9.75;0.000000;-0.199809;-0.052405;-0.018167;-0.013629;0
1220;13.00;10.00;0.000000;-0.243702;-0.056962;-0.018229;-0.014147;0
1221;13.50;2.00;0.078314;0.325636;0.039157;0.020495;0.001284;1
1222;13.50;2.25;0.099631;0.341806;0.044281;0.016045;0.000630;1
1223;13.50;2.50;0.117948;0.355576;0.047179;0.008392;-0.000372;1
1224;13.50;2.75;0.133311;0.367904;0.048477;0.003549;-0.000910;1
1225;13.50;3.00;0.146860;0.378871;0.048953;-0.001222;-0.001708;0
1226;13.50;3.25;0.155563;0.384980;0.047866;-0.007120;-0.002703;0
1227;13.50;3.50;0.158878;0.386100;0.045394;-0.011746;-0.003476;0
1228;13.50;3.75;0.157471;0.382894;0.041992;-0.014294;-0.004023;0
1229;13.50;4.00;0.152987;0.376830;0.038247;-0.015296;-0.004399;0
1230;13.50;4.25;0.145962;0.368420;0.034344;-0.015757;-0.004739;0
1231;13.50;4.50;0.136658;0.357890;0.030368;-0.015953;-0.005053;0
1232;13.50;4.75;0.125245;0.345387;0.026367;-0.016130;-0.005401;0
1233;13.50;5.00;0.111516;0.330825;0.022303;-0.016680;-0.005937;0
1234;13.50;5.25;0.094645;0.313570;0.018028;-0.017269;-0.006524;0
1235;13.50;5.50;0.075177;0.294219;0.013669;-0.017030;-0.006705;0
1236;13.50;5.75;0.054697;0.274119;0.009513;-0.015694;-0.006344;0
1237;13.50;6.00;0.034928;0.254477;0.005821;-0.014418;-0.006079;0
1238;13.50;6.25;0.014399;0.234106;0.002304;-0.014752;-0.006519;0
1239;13.50;6.50;0.000000;0.210836;-0.001555;-0.015716;-0.007362;0
1240;13.50;6.75;0.000000;0.185492;-0.005554;-0.016324;-0.008066;0
1241;13.50;7.00;0.000000;0.157912;-0.009717;-0.016681;-0.008595;0
1242;13.50;7.25;0.000000;0.128809;-0.013895;-0.016861;-0.009018;0
1243;13.50;7.50;0.000000;0.097850;-0.018147;-0.017150;-0.009509;0
1244;13.50;7.75;0.000000;0.065143;-0.022470;-0.017406;-0.009990;0
1245;13.50;8.00;0.000000;0.030783;-0.026850;-0.017639;-0.010464;0
1246;13.50;8.25;0.000000;-0.005204;-0.031290;-0.017910;-0.010964;0
1247;13.50;8.50;0.000000;-0.042900;-0.035805;-0.018218;-0.011483;0
1248;13.50;8.75;0.000000;-0.082294;-0.040399;-0.018533;-0.012029;0
1249;13.50;9.00;0.000000;-0.123363;-0.045072;-0.018785;-0.012535;0
1250;13.50;9.25;0.000000;-0.165886;-0.049791;-0.018888;-0.012985;0
1251;13.50;9.50;0.000000;-0.209569;-0.054516;-0.018994;-0.013441;0
1252;13.50;9.75;0.000000;-0.254729;-0.059288;-0.019274;-0.013992;0
1253;13.50;10.00;0.000000;-0.301688;-0.064153;-0.019458;-0.014564;0
1254;14.00;2.00;0.079546;0.324815;0.039773;0.019080;0.001181;1
1255;14.00;2.25;0.100222;0.340215;0.044543;0.014341;0.000418;1
1256;14.00;2.50;0.117359;0.353003;0.046943;0.006885;-0.000547;1
1257;14.00;2.75;0.131960;0.364733;0.047986;0.002192;-0.001069;1
1258;14.00;3.00;0.144119;0.374163;0.048040;-0.003032;-0.001926;0
1259;14.00;3.25;0.151026;0.378447;0.046470;-0.008840;-0.002868;0
1260;14.00;3.50;0.152668;0.377905;0.043619;-0.013016;-0.003625;0
1261;14.00;3.75;0.149856;0.373300;0.039962;-0.015180;-0.004100;0
1262;14.00;4.00;0.144118;0.365964;0.036030;-0.016013;-0.004472;0
1263;14.00;4.25;0.135809;0.356260;0.031955;-0.016417;-0.004814;0
1264;14.00;4.50;0.125194;0.344432;0.027821;-0.016656;-0.005151;0
1265;14.00;4.75;0.112229;0.330445;0.023627;-0.017156;-0.005630;0
1266;14.00;5.00;0.096214;0.313822;0.019243;-0.017801;-0.006228;0
1267;14.00;5.25;0.077315;0.294813;0.014727;-0.017697;-0.006480;0
1268;14.00;5.50;0.057167;0.274828;0.010394;-0.016347;-0.006154;0
1269;14.00;5.75;0.037680;0.255298;0.006553;-0.015150;-0.005913;0
1270;14.00;6.00;0.016915;0.234654;0.002819;-0.015518;-0.006417;0
1271;14.00;6.25;0.000000;0.211277;-0.001206;-0.016380;-0.007215;0
1272;14.00;6.50;0.000000;0.185768;-0.005371;-0.016992;-0.007857;0
1273;14.00;6.75;0.000000;0.157939;-0.009702;-0.017356;-0.008367;0
1274;14.00;7.00;0.000000;0.128492;-0.014049;-0.017549;-0.008798;0
1275;14.00;7.25;0.000000;0.097119;-0.018476;-0.017849;-0.009285;0
1276;14.00;7.50;0.000000;0.063946;-0.022973;-0.018103;-0.009757;0
1277;14.00;7.75;0.000000;0.029090;-0.027528;-0.018342;-0.010229;0
1278;14.00;8.00;0.000000;-0.007471;-0.032144;-0.018637;-0.010729;0
1279;14.00;8.25;0.000000;-0.045856;-0.036846;-0.018960;-0.011251;0
1280;14.00;8.50;0.000000;-0.085943;-0.041624;-0.019297;-0.011804;0
1281;14.00;8.75;0.000000;-0.127862;-0.046495;-0.019557;-0.012310;0
1282;14.00;9.00;0.000000;-0.171250;-0.051402;-0.019668;-0.012767;0
1283;14.00;9.25;0.000000;-0.215968;-0.056329;-0.019835;-0.013248;0
1284;14.00;9.50;0.000000;-0.262306;-0.061320;-0.020136;-0.013805;0
1285;14.00;9.75;0.000000;-0.310458;-0.066397;-0.020413;-0.014363;0
1286;14.00;10.00;0.000000;-0.360086;-0.071527;-0.020517;-0.014951;0
1287;14.50;2.00;0.080676;0.323909;0.040338;0.017442;0.001072;1
1288;14.50;2.25;0.100572;0.338489;0.044699;0.012589;0.000204;1
1289;14.50;2.50;0.116581;0.350369;0.046632;0.005417;-0.000675;1
1290;14.50;2.75;0.130370;0.361342;0.047407;0.000789;-0.001245;1
1291;14.50;3.00;0.141081;0.369239;0.047027;-0.004819;-0.002157;0
1292;14.50;3.25;0.146242;0.371751;0.044998;-0.010516;-0.003032;0
1293;14.50;3.50;0.146192;0.369575;0.041769;-0.014210;-0.003749;0
1294;14.50;3.75;0.142096;0.363670;0.037892;-0.015988;-0.004179;0
1295;14.50;4.00;0.135101;0.355063;0.033775;-0.016725;-0.004547;0
1296;14.50;4.25;0.125502;0.344089;0.029530;-0.017116;-0.004891;0
1297;14.50;4.50;0.113478;0.330894;0.025217;-0.017585;-0.005319;0
1298;14.50;4.75;0.098502;0.315063;0.020737;-0.018284;-0.005904;0
1299;14.50;5.00;0.080375;0.296593;0.016075;-0.018379;-0.006258;0
1300;14.50;5.25;0.060625;0.276799;0.011548;-0.017121;-0.006017;0
1301;14.50;5.50;0.041330;0.257330;0.007514;-0.015895;-0.005749;0
1302;14.50;5.75;0.020700;0.236716;0.003600;-0.016220;-0.006256;0
1303;14.50;6.00;0.000000;0.213334;-0.000595;-0.017021;-0.006994;0
1304;14.50;6.25;0.000000;0.187842;-0.004911;-0.017632;-0.007626;0
1305;14.50;6.50;0.000000;0.159878;-0.009412;-0.018020;-0.008141;0
1306;14.50;6.75;0.000000;0.130268;-0.013921;-0.018206;-0.008559;0
1307;14.50;7.00;0.000000;0.098658;-0.018515;-0.018517;-0.009036;0
1308;14.50;7.25;0.000000;0.065182;-0.023180;-0.018780;-0.009501;0
1309;14.50;7.50;0.000000;0.029967;-0.027905;-0.019039;-0.009974;0
1310;14.50;7.75;0.000000;-0.007057;-0.032699;-0.019349;-0.010473;0
1311;14.50;8.00;0.000000;-0.045956;-0.037579;-0.019684;-0.011004;0
1312;14.50;8.25;0.000000;-0.086649;-0.042541;-0.020061;-0.011560;0
1313;14.50;8.50;0.000000;-0.129326;-0.047610;-0.020336;-0.012076;0
1314;14.50;8.75;0.000000;-0.173510;-0.052709;-0.020458;-0.012535;0
1315;14.50;9.00;0.000000;-0.219158;-0.057839;-0.020661;-0.013025;0
1316;14.50;9.25;0.000000;-0.266497;-0.063039;-0.020964;-0.013570;0
1317;14.50;9.50;0.000000;-0.315626;-0.068321;-0.021224;-0.014105;0
1318;14.50;9.75;0.000000;-0.366211;-0.073651;-0.021567;-0.014678;0
1319;14.50;10.00;0.000000;-0.418805;-0.079104;-0.021811;-0.015270;0
1320;15.00;2.00;0.081690;0.322910;0.040845;0.015607;0.000947;1
1321;15.00;2.25;0.100680;0.336628;0.044747;0.010848;-0.000013;1
1322;15.00;2.50;0.115672;0.347717;0.046269;0.003987;-0.000793;1
1323;15.00;2.75;0.128536;0.357744;0.046740;-0.000773;-0.001408;0
1324;15.00;3.00;0.137647;0.363969;0.045882;-0.006605;-0.002382;0
1325;15.00;3.25;0.141173;0.364879;0.043438;-0.012023;-0.003195;0
1326;15.00;3.50;0.139548;0.361154;0.039871;-0.015311;-0.003841;0
1327;15.00;3.75;0.134183;0.353980;0.035782;-0.016776;-0.004256;0
1328;15.00;4.00;0.125931;0.344132;0.031483;-0.017436;-0.004623;0
1329;15.00;4.25;0.115022;0.331885;0.027064;-0.017962;-0.005006;0
1330;15.00;4.50;0.101257;0.317056;0.022502;-0.018683;-0.005558;0
1331;15.00;4.75;0.084183;0.299368;0.017723;-0.019033;-0.006012;0
1332;15.00;5.00;0.064926;0.279889;0.012985;-0.018026;-0.005906;0
1333;15.00;5.25;0.045726;0.260375;0.008710;-0.016681;-0.005610;0
1334;15.00;5.50;0.025547;0.240048;0.004645;-0.016826;-0.006051;0
1335;15.00;5.75;0.001707;0.216893;0.000297;-0.017639;-0.006754;0
1336;15.00;6.00;0.000000;0.191528;-0.004174;-0.018257;-0.007362;0
1337;15.00;6.25;0.000000;0.163618;-0.008832;-0.018675;-0.007898;0
1338;15.00;6.50;0.000000;0.133928;-0.013512;-0.018859;-0.008295;0
1339;15.00;6.75;0.000000;0.102266;-0.018261;-0.019145;-0.008768;0
1340;15.00;7.00;0.000000;0.068677;-0.023085;-0.019433;-0.009229;0
1341;15.00;7.25;0.000000;0.033218;-0.027977;-0.019725;-0.009704;0
1342;15.00;7.50;0.000000;-0.004147;-0.032947;-0.020047;-0.010206;0
1343;15.00;7.75;0.000000;-0.043422;-0.038001;-0.020403;-0.010740;0
1344;15.00;8.00;0.000000;-0.084639;-0.043149;-0.020812;-0.011301;0
1345;15.00;8.25;0.000000;-0.127916;-0.048407;-0.021103;-0.011819;0
1346;15.00;8.50;0.000000;-0.172796;-0.053700;-0.021246;-0.012273;0
1347;15.00;8.75;0.000000;-0.219219;-0.059030;-0.021454;-0.012758;0
1348;15.00;9.00;0.000000;-0.267317;-0.064427;-0.021738;-0.013281;0
1349;15.00;9.25;0.000000;-0.317151;-0.069899;-0.021996;-0.013801;0
1350;15.00;9.50;0.000000;-0.368476;-0.075425;-0.022353;-0.014364;0
1351;15.00;9.75;0.000000;-0.421828;-0.081075;-0.022743;-0.014963;0
1352;15.00;10.00;0.000000;-0.476798;-0.086796;-0.022883;-0.015509;0
1353;15.50;2.00;0.082570;0.321823;0.041285;0.013605;0.000802;1
1354;15.50;2.25;0.100544;0.334623;0.044686;0.009109;-0.000219;1
1355;15.50;2.50;0.114598;0.344987;0.045839;0.002625;-0.000909;1
1356;15.50;2.75;0.126496;0.353983;0.045999;-0.002388;-0.001588;0
1357;15.50;3.00;0.133935;0.358511;0.044645;-0.008392;-0.002561;0
1358;15.50;3.25;0.135859;0.357841;0.041803;-0.013435;-0.003334;0
1359;15.50;3.50;0.132747;0.352655;0.037928;-0.016332;-0.003923;0
1360;15.50;3.75;0.126138;0.344253;0.033637;-0.017551;-0.004323;0
1361;15.50;4.00;0.116609;0.333165;0.029152;-0.018225;-0.004705;0
1362;15.50;4.25;0.104227;0.319520;0.024524;-0.018986;-0.005191;0
1363;15.50;4.50;0.088467;0.302888;0.019659;-0.019599;-0.005728;0
1364;15.50;4.75;0.069943;0.283915;0.014725;-0.018980;-0.005801;0
1365;15.50;5.00;0.050847;0.264442;0.010169;-0.017574;-0.005507;0
1366;15.50;5.25;0.031173;0.244428;0.005938;-0.017413;-0.005816;0
1367;15.50;5.50;0.008047;0.221714;0.001463;-0.018183;-0.006494;0
1368;15.50;5.75;0.000000;0.196654;-0.003154;-0.018841;-0.007085;0
1369;15.50;6.00;0.000000;0.168990;-0.007957;-0.019310;-0.007630;0
1370;15.50;6.25;0.000000;0.139342;-0.012809;-0.019498;-0.008015;0
1371;15.50;6.50;0.000000;0.107792;-0.017707;-0.019761;-0.008469;0
1372;15.50;6.75;0.000000;0.074197;-0.022689;-0.020074;-0.008939;0
1373;15.50;7.00;0.000000;0.038651;-0.027744;-0.020388;-0.009423;0
1374;15.50;7.25;0.000000;0.001087;-0.032883;-0.020733;-0.009924;0
1375;15.50;7.50;0.000000;-0.038465;-0.038110;-0.021110;-0.010456;0
1376;15.50;7.75;0.000000;-0.080062;-0.043438;-0.021540;-0.011017;0
1377;15.50;8.00;0.000000;-0.123784;-0.048880;-0.021843;-0.011533;0
1378;15.50;8.25;0.000000;-0.169176;-0.054360;-0.022006;-0.011979;0
1379;15.50;8.50;0.000000;-0.216182;-0.059883;-0.022213;-0.012451;0
1380;15.50;8.75;0.000000;-0.264820;-0.065466;-0.022473;-0.012952;0
1381;15.50;9.00;0.000000;-0.315149;-0.071120;-0.022748;-0.013472;0
1382;15.50;9.25;0.000000;-0.367103;-0.076840;-0.023131;-0.014036;0
1383;15.50;9.50;0.000000;-0.421104;-0.082685;-0.023548;-0.014652;0
1384;15.50;9.75;0.000000;-0.476905;-0.088614;-0.023857;-0.015197;0
1385;15.50;10.00;0.000000;-0.534384;-0.094613;-0.023996;-0.015896;0
1386;16.00;2.00;0.083293;0.320639;0.041646;0.011523;0.000636;1
1387;16.00;2.25;0.100186;0.332490;0.044527;0.007427;-0.000408;1
1388;16.00;2.50;0.113400;0.342193;0.045360;0.001250;-0.001012;1
1389;16.00;2.75;0.124169;0.349980;0.045152;-0.004078;-0.001784;0
1390;16.00;3.00;0.129963;0.352857;0.043321;-0.010098;-0.002714;0
1391;16.00;3.25;0.130336;0.350682;0.040103;-0.014746;-0.003464;0
1392;16.00;3.50;0.125818;0.344127;0.035948;-0.017289;-0.003993;0
1393;16.00;3.75;0.117971;0.334519;0.031459;-0.018341;-0.004394;0
1394;16.00;4.00;0.107110;0.322144;0.026777;-0.019171;-0.004827;0
1395;16.00;4.25;0.092962;0.306867;0.021873;-0.020008;-0.005387;0
1396;16.00;4.50;0.075481;0.288708;0.016774;-0.019903;-0.005669;0
1397;16.00;4.75;0.056630;0.269364;0.011922;-0.018591;-0.005442;0
1398;16.00;5.00;0.037391;0.249646;0.007478;-0.018058;-0.005570;0
1399;16.00;5.25;0.015190;0.227557;0.002893;-0.018654;-0.006214;0
1400;16.00;5.50;0.000000;0.203016;-0.001849;-0.019362;-0.006783;0
1401;16.00;5.75;0.000000;0.175787;-0.006788;-0.019912;-0.007347;0
1402;16.00;6.00;0.000000;0.146357;-0.011805;-0.020118;-0.007740;0
1403;16.00;6.25;0.000000;0.115052;-0.016847;-0.020352;-0.008165;0
1404;16.00;6.50;0.000000;0.081612;-0.021981;-0.020706;-0.008640;0
1405;16.00;6.75;0.000000;0.046078;-0.027200;-0.021055;-0.009128;0
1406;16.00;7.00;0.000000;0.008434;-0.032508;-0.021404;-0.009631;0
1407;16.00;7.25;0.000000;-0.031248;-0.037902;-0.021791;-0.010154;0
1408;16.00;7.50;0.000000;-0.073073;-0.043403;-0.022232;-0.010707;0
1409;16.00;7.75;0.000000;-0.117038;-0.049018;-0.022557;-0.011219;0
1410;16.00;8.00;0.000000;-0.162790;-0.054682;-0.022737;-0.011659;0
1411;16.00;8.25;0.000000;-0.210162;-0.060386;-0.022939;-0.012122;0
1412;16.00;8.50;0.000000;-0.259180;-0.066151;-0.023192;-0.012610;0
1413;16.00;8.75;0.000000;-0.309882;-0.071982;-0.023495;-0.013137;0
1414;16.00;9.00;0.000000;-0.362407;-0.077899;-0.023906;-0.013710;0
1415;16.00;9.25;0.000000;-0.416969;-0.083935;-0.024355;-0.014342;0
1416;16.00;9.50;0.000000;-0.473557;-0.090077;-0.024674;-0.014886;0
1417;16.00;9.75;0.000000;-0.531794;-0.096272;-0.025232;-0.015815;0
1418;16.00;10.00;0.000000;-0.591691;-0.102693;-0.025682;-0.016886;0
1419;16.50;2.00;0.083841;0.319339;0.041921;0.009431;0.000458;1
1420;16.50;2.25;0.099626;0.330249;0.044278;0.005813;-0.000570;1
1421;16.50;2.50;0.112068;0.339317;0.044827;-0.000127;-0.001138;0
1422;16.50;2.75;0.121591;0.345796;0.044215;-0.005791;-0.001953;0
1423;16.50;3.00;0.125794;0.347074;0.041931;-0.011752;-0.002844;0
1424;16.50;3.25;0.124602;0.343402;0.038339;-0.015993;-0.003591;0
1425;16.50;3.50;0.118771;0.335573;0.033935;-0.018192;-0.004065;0
1426;16.50;3.75;0.109662;0.324729;0.029243;-0.019220;-0.004480;0
1427;16.50;4.00;0.097299;0.310952;0.024325;-0.020213;-0.004998;0
1428;16.50;4.25;0.081331;0.294034;0.019137;-0.020669;-0.005458;0
1429;16.50;4.50;0.062956;0.275043;0.013990;-0.019709;-0.005386;0
1430;16.50;4.75;0.044091;0.255571;0.009282;-0.018782;-0.005345;0
1431;16.50;5.00;0.022997;0.234297;0.004599;-0.019117;-0.005890;0
1432;16.50;5.25;0.000000;0.210344;-0.000276;-0.019838;-0.006461;0
1433;16.50;5.50;0.000000;0.183803;-0.005320;-0.020449;-0.007041;0
1434;16.50;5.75;0.000000;0.154753;-0.010500;-0.020756;-0.007462;0
1435;16.50;6.00;0.000000;0.123766;-0.015698;-0.020946;-0.007853;0
1436;16.50;6.25;0.000000;0.090640;-0.020974;-0.021296;-0.008337;0
1437;16.50;6.50;0.000000;0.055291;-0.026346;-0.021687;-0.008827;0
1438;16.50;6.75;0.000000;0.017719;-0.031817;-0.022058;-0.009323;0
1439;16.50;7.00;0.000000;-0.021966;-0.037375;-0.022440;-0.009832;0
1440;16.50;7.25;0.000000;-0.063804;-0.043037;-0.022884;-0.010374;0
1441;16.50;7.50;0.000000;-0.107869;-0.048817;-0.023241;-0.010885;0
1442;16.50;7.75;0.000000;-0.153787;-0.054658;-0.023443;-0.011324;0
1443;16.50;8.00;0.000000;-0.201372;-0.060539;-0.023647;-0.011779;0
1444;16.50;8.25;0.000000;-0.250661;-0.066481;-0.023908;-0.012266;0
1445;16.50;8.50;0.000000;-0.301676;-0.072493;-0.024243;-0.012803;0
1446;16.50;8.75;0.000000;-0.354675;-0.078603;-0.024675;-0.013396;0
1447;16.50;9.00;0.000000;-0.409732;-0.084830;-0.025158;-0.014027;0
1448;16.50;9.25;0.000000;-0.467031;-0.091182;-0.025481;-0.014688;0
1449;16.50;9.50;0.000000;-0.525965;-0.097571;-0.026496;-0.015721;0
1450;16.50;9.75;0.000000;-0.586281;-0.104430;-0.027858;-0.016918;0
1451;16.50;10.00;0.000000;-0.648274;-0.111499;-0.028278;-0.017904;0
1452;17.00;2.00;0.084210;0.317931;0.042105;0.007410;0.000276;1
1453;17.00;2.25;0.098904;0.327945;0.043957;0.004233;-0.000694;1
1454;17.00;2.50;0.110554;0.336301;0.044222;-0.001516;-0.001285;0
1455;17.00;2.75;0.118798;0.341459;0.043199;-0.007489;-0.002150;0
1456;17.00;3.00;0.121431;0.341175;0.040477;-0.013374;-0.002981;0
1457;17.00;3.25;0.118664;0.336008;0.036512;-0.017189;-0.003695;0
1458;17.00;3.50;0.111589;0.326965;0.031883;-0.019065;-0.004140;0
1459;17.00;3.75;0.101173;0.314874;0.026979;-0.020207;-0.004602;0
1460;17.00;4.00;0.087116;0.299545;0.021779;-0.021127;-0.005145;0
1461;17.00;4.25;0.069767;0.281380;0.016416;-0.020784;-0.005309;0
1462;17.00;4.50;0.051242;0.262171;0.011387;-0.019678;-0.005181;0
1463;17.00;4.75;0.031240;0.241695;0.006577;-0.019599;-0.005557;0
1464;17.00;5.00;0.007939;0.218589;0.001588;-0.020289;-0.006135;0
1465;17.00;5.25;0.000000;0.192794;-0.003567;-0.020956;-0.006704;0
1466;17.00;5.50;0.000000;0.164336;-0.008890;-0.021365;-0.007173;0
1467;17.00;5.75;0.000000;0.133775;-0.014250;-0.021535;-0.007545;0
1468;17.00;6.00;0.000000;0.101138;-0.019658;-0.021868;-0.008010;0
1469;17.00;6.25;0.000000;0.066085;-0.025184;-0.022300;-0.008507;0
1470;17.00;6.50;0.000000;0.028760;-0.030808;-0.022678;-0.009002;0
1471;17.00;6.75;0.000000;-0.010767;-0.036523;-0.023063;-0.009495;0
1472;17.00;7.00;0.000000;-0.052468;-0.042340;-0.023506;-0.010023;0
1473;17.00;7.25;0.000000;-0.096450;-0.048276;-0.023897;-0.010537;0
1474;17.00;7.50;0.000000;-0.142397;-0.054288;-0.024131;-0.010975;0
1475;17.00;7.75;0.000000;-0.190063;-0.060341;-0.024344;-0.011432;0
1476;17.00;8.00;0.000000;-0.239522;-0.066460;-0.024621;-0.011927;0
1477;17.00;8.25;0.000000;-0.290787;-0.072652;-0.024988;-0.012470;0
1478;17.00;8.50;0.000000;-0.344170;-0.078954;-0.025452;-0.013088;0
1479;17.00;8.75;0.000000;-0.399698;-0.085378;-0.025943;-0.013724;0
1480;17.00;9.00;0.000000;-0.457545;-0.091926;-0.026490;-0.014548;0
1481;17.00;9.25;0.000000;-0.517023;-0.098623;-0.027744;-0.015552;0
1482;17.00;9.50;0.000000;-0.577842;-0.105797;-0.029135;-0.016806;0
1483;17.00;9.75;0.000000;-0.640558;-0.113191;-0.029598;-0.017742;0
1484;17.00;10.00;0.000000;-0.705444;-0.120597;-0.029623;-0.018655;0
1485;17.50;2.00;0.084394;0.316416;0.042197;0.005549;0.000093;1
1486;17.50;2.25;0.098064;0.325608;0.043584;0.002690;-0.000793;1
1487;17.50;2.50;0.108855;0.333131;0.043542;-0.003039;-0.001426;0
1488;17.50;2.75;0.115678;0.336836;0.042065;-0.009182;-0.002342;0
1489;17.50;3.00;0.116852;0.335141;0.038951;-0.014841;-0.003128;0
1490;17.50;3.25;0.112593;0.328540;0.034644;-0.018312;-0.003775;0
1491;17.50;3.50;0.104281;0.318311;0.029795;-0.020006;-0.004217;0
1492;17.50;3.75;0.092403;0.304850;0.024641;-0.021229;-0.004753;0
1493;17.50;4.00;0.076720;0.288063;0.019180;-0.021626;-0.005158;0
1494;17.50;4.25;0.058769;0.269304;0.013828;-0.020741;-0.005094;0
1495;17.50;4.50;0.039643;0.249508;0.008809;-0.020205;-0.005259;0
1496;17.50;4.75;0.017695;0.227409;0.003725;-0.020691;-0.005808;0
1497;17.50;5.00;0.000000;0.202570;-0.001536;-0.021410;-0.006362;0
1498;17.50;5.25;0.000000;0.174883;-0.006980;-0.021914;-0.006866;0
1499;17.50;5.50;0.000000;0.144927;-0.012493;-0.022131;-0.007243;0
1500;17.50;5.75;0.000000;0.112841;-0.018045;-0.022430;-0.007673;0
1501;17.50;6.00;0.000000;0.078315;-0.023708;-0.022871;-0.008186;0
1502;17.50;6.25;0.000000;0.041364;-0.029481;-0.023281;-0.008667;0
1503;17.50;6.50;0.000000;0.002148;-0.035349;-0.023663;-0.009150;0
1504;17.50;6.75;0.000000;-0.039275;-0.041312;-0.024098;-0.009658;0
1505;17.50;7.00;0.000000;-0.083005;-0.047398;-0.024523;-0.010179;0
1506;17.50;7.25;0.000000;-0.128837;-0.053574;-0.024789;-0.010623;0
1507;17.50;7.50;0.000000;-0.176457;-0.059792;-0.025032;-0.011085;0
1508;17.50;7.75;0.000000;-0.226010;-0.066090;-0.025347;-0.011589;0
1509;17.50;8.00;0.000000;-0.277475;-0.072466;-0.025722;-0.012141;0
1510;17.50;8.25;0.000000;-0.331123;-0.078951;-0.026231;-0.012772;0
1511;17.50;8.50;0.000000;-0.387122;-0.085581;-0.026752;-0.013464;0
1512;17.50;8.75;0.000000;-0.445344;-0.092327;-0.027593;-0.014360;0
1513;17.50;9.00;0.000000;-0.505244;-0.099378;-0.028813;-0.015428;0
1514;17.50;9.25;0.000000;-0.566778;-0.106734;-0.029998;-0.016563;0
1515;17.50;9.50;0.000000;-0.630306;-0.114377;-0.030876;-0.017450;0
1516;17.50;9.75;0.000000;-0.696146;-0.122172;-0.031556;-0.018275;0
1517;17.50;10.00;0.000000;-0.764474;-0.130155;-0.031931;-0.019296;0
1518;18.00;2.00;0.084396;0.314789;0.042198;0.003867;-0.000098;1
1519;18.00;2.25;0.097121;0.323244;0.043165;0.001195;-0.000898;1
1520;18.00;2.50;0.106989;0.329835;0.042796;-0.004614;-0.001560;0
1521;18.00;2.75;0.112358;0.332078;0.040857;-0.010894;-0.002491;0
1522;18.00;3.00;0.112046;0.328943;0.037349;-0.016240;-0.003259;0
1523;18.00;3.25;0.106397;0.321019;0.032737;-0.019366;-0.003844;0
1524;18.00;3.50;0.096830;0.309608;0.027666;-0.021022;-0.004323;0
1525;18.00;3.75;0.083350;0.294677;0.022227;-0.022089;-0.004865;0
1526;18.00;4.00;0.066484;0.276810;0.016621;-0.021810;-0.005014;0
1527;18.00;4.25;0.048117;0.257614;0.011322;-0.020986;-0.005029;0
1528;18.00;4.50;0.027575;0.236615;0.006128;-0.021107;-0.005457;0
1529;18.00;4.75;0.003650;0.212852;0.000768;-0.021804;-0.006002;0
1530;18.00;5.00;0.000000;0.186224;-0.004774;-0.022404;-0.006533;0
1531;18.00;5.25;0.000000;0.156981;-0.010433;-0.022718;-0.006936;0
1532;18.00;5.50;0.000000;0.125561;-0.016133;-0.022979;-0.007339;0
1533;18.00;5.75;0.000000;0.091734;-0.021923;-0.023421;-0.007839;0
1534;18.00;6.00;0.000000;0.055297;-0.027844;-0.023855;-0.008324;0
1535;18.00;6.25;0.000000;0.016579;-0.033851;-0.024228;-0.008797;0
1536;18.00;6.50;0.000000;-0.024432;-0.039958;-0.024661;-0.009287;0
1537;18.00;6.75;0.000000;-0.067747;-0.046181;-0.025122;-0.009811;0
1538;18.00;7.00;0.000000;-0.113345;-0.052519;-0.025437;-0.010270;0
1539;18.00;7.25;0.000000;-0.160801;-0.058900;-0.025709;-0.010736;0
1540;18.00;7.50;0.000000;-0.210357;-0.065373;-0.026061;-0.011251;0
1541;18.00;7.75;0.000000;-0.261923;-0.071930;-0.026455;-0.011811;0
1542;18.00;8.00;0.000000;-0.315750;-0.078601;-0.026989;-0.012449;0
1543;18.00;8.25;0.000000;-0.372096;-0.085424;-0.027634;-0.013180;0
1544;18.00;8.50;0.000000;-0.430595;-0.092418;-0.028628;-0.014143;0
1545;18.00;8.75;0.000000;-0.490969;-0.099738;-0.029872;-0.015216;0
1546;18.00;9.00;0.000000;-0.553070;-0.107354;-0.030896;-0.016224;0
1547;18.00;9.25;0.000000;-0.617412;-0.115186;-0.031787;-0.017134;0
1548;18.00;9.50;0.000000;-0.684219;-0.123247;-0.032559;-0.018040;0
1549;18.00;9.75;0.000000;-0.753623;-0.131466;-0.033290;-0.018926;0
1550;18.00;10.00;0.000000;-0.825937;-0.139892;-0.033705;-0.019852;0
1551;18.50;2.00;0.084199;0.313034;0.042099;0.002347;-0.000279;1
1552;18.50;2.25;0.096044;0.320803;0.042686;-0.000234;-0.000997;0
1553;18.50;2.50;0.104955;0.326404;0.041982;-0.006225;-0.001712;0
1554;18.50;2.75;0.108827;0.327161;0.039574;-0.012580;-0.002626;0
1555;18.50;3.00;0.107076;0.322652;0.035692;-0.017547;-0.003365;0
1556;18.50;3.25;0.100100;0.313486;0.030800;-0.020441;-0.003916;0
1557;18.50;3.50;0.089150;0.300761;0.025471;-0.022049;-0.004456;0
1558;18.50;3.75;0.074159;0.284472;0.019776;-0.022610;-0.004865;0
1559;18.50;4.00;0.056665;0.265992;0.014166;-0.021954;-0.004873;0
1560;18.50;4.25;0.037394;0.245990;0.008799;-0.021627;-0.005124;0
1561;18.50;4.50;0.015088;0.223492;0.003353;-0.022151;-0.005644;0
1562;18.50;4.75;0.000000;0.198066;-0.002277;-0.022843;-0.006176;0
1563;18.50;5.00;0.000000;0.169803;-0.008069;-0.023277;-0.006629;0
1564;18.50;5.25;0.000000;0.139141;-0.013915;-0.023527;-0.007017;0
1565;18.50;5.50;0.000000;0.106129;-0.019832;-0.023938;-0.007483;0
1566;18.50;5.75;0.000000;0.070431;-0.025884;-0.024399;-0.007980;0
1567;18.50;6.00;0.000000;0.032318;-0.032032;-0.024786;-0.008432;0
1568;18.50;6.25;0.000000;-0.008133;-0.038277;-0.025208;-0.008916;0
1569;18.50;6.50;0.000000;-0.050929;-0.044636;-0.025691;-0.009425;0
1570;18.50;6.75;0.000000;-0.096131;-0.051123;-0.026065;-0.009915;0
1571;18.50;7.00;0.000000;-0.143331;-0.057668;-0.026374;-0.010380;0
1572;18.50;7.25;0.000000;-0.192744;-0.064310;-0.026750;-0.010907;0
1573;18.50;7.50;0.000000;-0.244312;-0.071043;-0.027183;-0.011477;0
1574;18.50;7.75;0.000000;-0.298248;-0.077901;-0.027743;-0.012121;0
1575;18.50;8.00;0.000000;-0.354820;-0.084915;-0.028460;-0.012884;0
1576;18.50;8.25;0.000000;-0.413542;-0.092131;-0.029619;-0.013853;0
1577;18.50;8.50;0.000000;-0.474285;-0.099724;-0.030825;-0.014898;0
1578;18.50;8.75;0.000000;-0.536888;-0.107544;-0.031756;-0.015817;0
1579;18.50;9.00;0.000000;-0.601831;-0.115602;-0.032649;-0.016772;0
1580;18.50;9.25;0.000000;-0.669446;-0.123868;-0.033630;-0.017758;0
1581;18.50;9.50;0.000000;-0.739540;-0.132417;-0.034459;-0.018539;0
1582;18.50;9.75;0.000000;-0.812720;-0.141098;-0.035179;-0.019466;0
1583;18.50;10.00;0.000000;-0.888515;-0.150007;-0.035636;-0.020389;0
1584;19.00;2.00;0.083838;0.311184;0.041919;0.000995;-0.000441;1
1585;19.00;2.25;0.094877;0.318320;0.042168;-0.001671;-0.001088;0
1586;19.00;2.50;0.102708;0.322809;0.041083;-0.007872;-0.001857;0
1587;19.00;2.75;0.105137;0.322142;0.038232;-0.014200;-0.002735;0
1588;19.00;3.00;0.101949;0.316286;0.033983;-0.018821;-0.003479;0
1589;19.00;3.25;0.093669;0.305883;0.028821;-0.021547;-0.004010;0
1590;19.00;3.50;0.081235;0.291794;0.023210;-0.022919;-0.004564;0
1591;19.00;3.75;0.065106;0.274469;0.017362;-0.022923;-0.004759;0
1592;19.00;4.00;0.046993;0.255390;0.011748;-0.022328;-0.004860;0
1593;19.00;4.25;0.026340;0.234207;0.006198;-0.022528;-0.005279;0
1594;19.00;4.50;0.002179;0.210131;0.000484;-0.023210;-0.005805;0
1595;19.00;4.75;0.000000;0.183083;-0.005407;-0.023774;-0.006298;0
1596;19.00;5.00;0.000000;0.153379;-0.011403;-0.024087;-0.006699;0
1597;19.00;5.25;0.000000;0.121229;-0.017451;-0.024427;-0.007130;0
1598;19.00;5.50;0.000000;0.086489;-0.023616;-0.024905;-0.007622;0
1599;19.00;5.75;0.000000;0.049111;-0.029903;-0.025319;-0.008072;0
1600;19.00;6.00;0.000000;0.009396;-0.036276;-0.025728;-0.008543;0
1601;19.00;6.25;0.000000;-0.032774;-0.042767;-0.026214;-0.009040;0
1602;19.00;6.50;0.000000;-0.077368;-0.049383;-0.026658;-0.009554;0
1603;19.00;6.75;0.000000;-0.124238;-0.056096;-0.027032;-0.010020;0
1604;19.00;7.00;0.000000;-0.173358;-0.062899;-0.027421;-0.010556;0
1605;19.00;7.25;0.000000;-0.224813;-0.069807;-0.027903;-0.011138;0
1606;19.00;7.50;0.000000;-0.278781;-0.076851;-0.028489;-0.011783;0
1607;19.00;7.75;0.000000;-0.335428;-0.084051;-0.029268;-0.012568;0
1608;19.00;8.00;0.000000;-0.394329;-0.091485;-0.030452;-0.013528;0
1609;19.00;8.25;0.000000;-0.455316;-0.099277;-0.031664;-0.014533;0
1610;19.00;8.50;0.000000;-0.518251;-0.107317;-0.032557;-0.015443;0
1611;19.00;8.75;0.000000;-0.583617;-0.115556;-0.033619;-0.016415;0
1612;19.00;9.00;0.000000;-0.651692;-0.124126;-0.034778;-0.017354;0
1613;19.00;9.25;0.000000;-0.722280;-0.132945;-0.035320;-0.018134;0
1614;19.00;9.50;0.000000;-0.796017;-0.141786;-0.035974;-0.018916;0
1615;19.00;9.75;0.000000;-0.872208;-0.150932;-0.036990;-0.019904;0
1616;19.00;10.00;0.000000;-0.950629;-0.160281;-0.037397;-0.021077;0
1617;19.50;2.00;0.083317;0.309242;0.041658;-0.000243;-0.000586;0
1618;19.50;2.25;0.093595;0.315759;0.041598;-0.003066;-0.001203;0
1619;19.50;2.50;0.100313;0.319108;0.040125;-0.009518;-0.002006;0
1620;19.50;2.75;0.101307;0.317040;0.036839;-0.015825;-0.002841;0
1621;19.50;3.00;0.096638;0.309804;0.032213;-0.020098;-0.003583;0
1622;19.50;3.25;0.087067;0.298190;0.026790;-0.022611;-0.004125;0
1623;19.50;3.50;0.073176;0.282764;0.020907;-0.023545;-0.004585;0
1624;19.50;3.75;0.056314;0.264762;0.015017;-0.023202;-0.004666;0
1625;19.50;4.00;0.037225;0.244816;0.009306;-0.022994;-0.004945;0
1626;19.50;4.25;0.014960;0.222249;0.003520;-0.023517;-0.005432;0
1627;19.50;4.50;0.000000;0.196628;-0.002452;-0.024190;-0.005944;0
1628;19.50;4.75;0.000000;0.168091;-0.008575;-0.024630;-0.006381;0
1629;19.50;5.00;0.000000;0.136984;-0.014767;-0.024940;-0.006786;0
1630;19.50;5.25;0.000000;0.103232;-0.021045;-0.025374;-0.007248;0
1631;19.50;5.50;0.000000;0.066817;-0.027454;-0.025822;-0.007716;0
1632;19.50;5.75;0.000000;0.027943;-0.033956;-0.026241;-0.008163;0
1633;19.50;6.00;0.000000;-0.013460;-0.040575;-0.026722;-0.008659;0
1634;19.50;6.25;0.000000;-0.057337;-0.047317;-0.027229;-0.009178;0
1635;19.50;6.50;0.000000;-0.103733;-0.054189;-0.027652;-0.009667;0
1636;19.50;6.75;0.000000;-0.152409;-0.061143;-0.028069;-0.010199;0
1637;19.50;7.00;0.000000;-0.203636;-0.068224;-0.028610;-0.010785;0
1638;19.50;7.25;0.000000;-0.257487;-0.075448;-0.029204;-0.011437;0
1639;19.50;7.50;0.000000;-0.314063;-0.082826;-0.030042;-0.012220;0
1640;19.50;7.75;0.000000;-0.373075;-0.090469;-0.031233;-0.013152;0
1641;19.50;8.00;0.000000;-0.434035;-0.098443;-0.032390;-0.014139;0
1642;19.50;8.25;0.000000;-0.497181;-0.106664;-0.033449;-0.015086;0
1643;19.50;8.50;0.000000;-0.562680;-0.115167;-0.034590;-0.016007;0
1644;19.50;8.75;0.000000;-0.631002;-0.123959;-0.035578;-0.016953;0
1645;19.50;9.00;0.000000;-0.701930;-0.132956;-0.036086;-0.017594;0
1646;19.50;9.25;0.000000;-0.775849;-0.142002;-0.036754;-0.018361;0
1647;19.50;9.50;0.000000;-0.851790;-0.151333;-0.037999;-0.019503;0
1648;19.50;9.75;0.000000;-0.929497;-0.161002;-0.039501;-0.020756;0
1649;19.50;10.00;0.000000;-1.008990;-0.171084;-0.040328;-0.022305;0
1650;20.00;2.00;0.082666;0.307242;0.041333;-0.001473;-0.000651;0
1651;20.00;2.25;0.092171;0.313083;0.040965;-0.004513;-0.001266;0
1652;20.00;2.50;0.097692;0.315217;0.039077;-0.011149;-0.002097;0
1653;20.00;2.75;0.097323;0.311844;0.035390;-0.017353;-0.002897;0
1654;20.00;3.00;0.091202;0.303246;0.030401;-0.021387;-0.003625;0
1655;20.00;3.25;0.080264;0.290372;0.024697;-0.023551;-0.004187;0
1656;20.00;3.50;0.065188;0.273878;0.018625;-0.024002;-0.004564;0
1657;20.00;3.75;0.047607;0.255197;0.012695;-0.023644;-0.004644;0
1658;20.00;4.00;0.027213;0.234129;0.006803;-0.023860;-0.005006;0
1659;20.00;4.25;0.003253;0.210110;0.000765;-0.024526;-0.005509;0
1660;20.00;4.50;0.000000;0.182981;-0.005460;-0.025106;-0.006015;0
1661;20.00;4.75;0.000000;0.153055;-0.011788;-0.025459;-0.006426;0
1662;20.00;5.00;0.000000;0.120485;-0.018189;-0.025822;-0.006844;0
1663;20.00;5.25;0.000000;0.085172;-0.024699;-0.026286;-0.007307;0
1664;20.00;5.50;0.000000;0.047231;-0.031332;-0.026735;-0.007756;0
1665;20.00;5.75;0.000000;0.006790;-0.038066;-0.027205;-0.008220;0
1666;20.00;6.00;0.000000;-0.036279;-0.044935;-0.027757;-0.008720;0
1667;20.00;6.25;0.000000;-0.081971;-0.051945;-0.028229;-0.009256;0
1668;20.00;6.50;0.000000;-0.130095;-0.059049;-0.028700;-0.009720;0
1669;20.00;6.75;0.000000;-0.180932;-0.066295;-0.029268;-0.010304;0
1670;20.00;7.00;0.000000;-0.234482;-0.073683;-0.029898;-0.010919;0
1671;20.00;7.25;0.000000;-0.290884;-0.081244;-0.030773;-0.011592;0
1672;20.00;7.50;0.000000;-0.349801;-0.089070;-0.031917;-0.012488;0
1673;20.00;7.75;0.000000;-0.410635;-0.097202;-0.033106;-0.013467;0
1674;20.00;8.00;0.000000;-0.473738;-0.105623;-0.034321;-0.014361;0
1675;20.00;8.25;0.000000;-0.539226;-0.114363;-0.035401;-0.015398;0
1676;20.00;8.50;0.000000;-0.607517;-0.123324;-0.036291;-0.016313;0
1677;20.00;8.75;0.000000;-0.678489;-0.132508;-0.036792;-0.017099;0
1678;20.00;9.00;0.000000;-0.752072;-0.141720;-0.037595;-0.017528;0
1679;20.00;9.25;0.000000;-0.827294;-0.151306;-0.039137;-0.018608;0
1680;20.00;9.50;0.000000;-0.904375;-0.161289;-0.040763;-0.019911;0
1681;20.00;9.75;0.000000;-0.983564;-0.171688;-0.042595;-0.021372;0
1682;20.00;10.00;0.000000;-1.064942;-0.182586;-0.043595;-0.023005;0
