NaN;NaN;NaN;NaN;NaN;1.26635839726027e-05;2.72184409589041e-05;4.1833967260274e-05;5.65087138356164e-05;7.12403235616438e-05;8.60261539726027e-05;0.000100862682191781;0.000115746009589041;0.000130671869863014;0.000145635867123288;0.000160632982191781;0.000175657989041096;0.000190705609589041;0.000205770310958904;0.00023593027260274;0.000251014219178082;0.000266093491780822;0.000281162606849315;0.000296216406849315;0.00031125004109589;0.000326258649315069;0.000341237536986301;0.000356181990410959;0.000371087550684931;0.000385950002739726;0.000400765334246575;0.000415529369863014;0.000430238515068493;0.000444889308219178;0.000459478367123288;0.000474002452054794;0.000488458265753425;0.000502842439726027;0.000517151153424658;0.000531380645205479;0.000545526931506849;0.00055958602739726;0.000573553519178082;0.000587425205479452;0.000601196595890411;0.000614863269863014;0.000628420576712329;0.000641864079452055;0.000655190720547945;0.000668396579452055;0.000681477884931507;0.000694430952054795;0.000707252238356164;0.000719938019178082;0.000732485038356164;0.000744834523287671;0.000756942073972603;0.000768906838356164;0.000780810731506849;0.000792622073972603;0.000804273764383562;0.000815761842465754;0.000827147195890411;0.000838391864383562;0.000849446435616438;0.000860263894520548;0.000870847476712329;0.000881242636986301;0.000891446108219178;0.000901454897260274;0.000911265891780822;0.00092087645479452;0.00093028352739726;0.000939484182191781;0.000948474982191781;0.000957252265753425;0.000965812361643836;0.000974151498630137;0.000982265680821918;0.000990150835616438;0.000997802830136986;0.00100521745205479;0.00101239116438356;0.0010193205890411;0.00102600420547945;0.00103244206849315;0.00103863412328767;0.00104458089041096;0.00105028265753425;0.00105573968493151;0.00106095191780822;0.00106591747945205;0.00107063449315068;0.00107509908219178;0.00107930391780822;0.00108324012328767;0.00108689989041096;0.00109027408219178;0.00109335490410959;0.00109613968493151;0.00109862709589041;0.00110082390410959;0.00110275043835616;0.00110443745205479;0.00110593056164384;0.00110727850684931;0.00110853205479452;0.00110975620547945;0.00111101350684932;0.00111238264383562;0.00111394765753425;0.00111579120547945;0.00111799912328767;0.0011206401369863;0.00112378594520548;0.00112750017808219;0.0011318201369863;0.00113679224657534;0.00114250409589041;0.00114894519178082
NaN;NaN;NaN;NaN;NaN;2.57589031506849e-05;5.50980071232877e-05;8.45512364383562e-05;0.000114112087671233;0.000143773380821918;0.000173527090410959;0.0002033649;0.00023327928630137;0.000263261882191781;0.000293303416438356;0.000323393838356164;0.000353522639726027;0.000383679715068493;0.000413855338356164;0.000474225250684932;0.000504399389041096;0.000534552387671233;0.000564672723287671;0.000594750798630137;0.000624775657534247;0.000654737571232877;0.000684626720547945;0.000714433997260274;0.000744151495890411;0.000773772257534247;0.000803290176712329;0.000832699064383562;0.00086199251369863;0.000891164010958904;0.00092020661369863;0.000949113826027397;0.000977878632876712;0.00100649343835616;0.00103494975342466;0.00106323795890411;0.0010913484109589;0.0011192714109589;0.00114699760273973;0.00117451745205479;0.00120182154794521;0.00122890183561644;0.00125560091780822;0.00128202246575342;0.00130819860273973;0.00133409756164384;0.00135973936986301;0.00138530676712329;0.00141072878082192;0.00143591193150685;0.00146081683561644;0.00148542021917808;0.00150972752054795;0.00153362901369863;0.00155712982191781;0.00158030249315069;0.00160313764383562;0.00162563053424658;0.0016477695890411;0.00166954646575342;0.00169095378082192;0.00171198273972603;0.00173262994520548;0.00175288832876712;0.00177275236986301;0.00179221456164384;0.00181127135616438;0.00182991532876712;0.00184813745205479;0.00186593280821918;0.00188330169863014;0.00190022843835616;0.00191671364383562;0.00193274120547945;0.00194831297260274;0.00196341430136986;0.00197804116438356;0.00199219973972603;0.0020058712739726;0.00201906217808219;0.00203177609589041;0.00204400090410959;0.00205576563013699;0.00206704897260274;0.00207779750684931;0.00208804401369863;0.00209777054794521;0.00210696680821918;0.00211562767123288;0.00212370445205479;0.0021311904109589;0.00213805295890411;0.00214427921917808;0.00214984817808219;0.00215478501369863;0.00215917267123288;0.002163125;0.00216671867123288;0.00217012334246575;0.00217342501369863;0.00217675763013699;0.002180269;0.0021841858630137;0.00218869995890411;0.0021939757260274;0.00220017756164384;0.00220744365753425;0.00221582890410959;0.00222544210958904;0.0022364055890411;0.00224880467123288;0.00226266546575342;0.00227805867123288;0.00229506742465753;0.0023134922739726;0.00233316716438356
NaN;NaN;NaN;NaN;NaN;3.91119779452055e-05;8.3507091369863e-05;0.000128046956164384;0.000172722305479452;0.000217523432876712;0.000262437839726027;0.000307452382191781;0.00035255602739726;0.000397737490410959;0.000442985987671233;0.000488289152054795;0.000533632679452055;0.000579001254794521;0.000624378676712329;0.000715094287671233;0.000760399897260274;0.000805648494520548;0.000850826679452055;0.000895919505479452;0.000940913821917808;0.000985798478082192;0.00103056190410959;0.00107519684931507;0.00111969367123288;0.00116404160273973;0.00120823324657534;0.00125225608219178;0.00129609952054795;0.00133975587671233;0.00138321034246575;0.00142645165753425;0.0014694625890411;0.00151209335616438;0.00155440884931507;0.00159643931506849;0.0016381545890411;0.00167955701369863;0.00172060493150685;0.00176153095890411;0.0018023001369863;0.00184273298630137;0.0018828161369863;0.00192251669863014;0.00196183649315069;0.00200070069863014;0.00203894143835616;0.00207674602739726;0.00211412812328767;0.00215108254794521;0.00218759438356164;0.00222364165753425;0.00225921946575342;0.00229432246575343;0.00232891871232877;0.00236300156164384;0.00239655757534247;0.00242960306849315;0.00246215294520548;0.00249418373972603;0.00252568183561644;0.00255659428767123;0.0025869107260274;0.00261662249315069;0.00264572108219178;0.00267419208219178;0.00270202178082192;0.00272920032876712;0.00275570924657534;0.00278153476712329;0.00280666178082192;0.00283108504109589;0.00285481201369863;0.00287782198630137;0.0029001121369863;0.00292167016438356;0.00294250038356164;0.0029625907260274;0.00298197054794521;0.003000641;0.00301857326027397;0.0030357585890411;0.00305216878082192;0.00306777423287671;0.00308255431506849;0.00309648061643836;0.00310949720547945;0.00312158046575342;0.00313265769863014;0.00314272624657534;0.00315180795890411;0.0031599815890411;0.003167387;0.00317414410958904;0.00318041116438356;0.00318637089041096;0.00319226360273973;0.00319833330136986;0.00320493505479452;0.00321241416438356;0.00322101471232877;0.00323103380821918;0.00324270197260274;0.00325622069863014;0.00327185547945206;0.00328970952054795;0.00330990775342466;0.0033325097260274;0.00335752642465753;0.00338505565753425;0.00341510989041096;0.00344781090410959;0.00348318309589041;0.00352064550684931;0.0035604315890411;0.00360369406849315
NaN;NaN;NaN;NaN;NaN;5.2417725890411e-05;0.000112150708219178;0.000172047902739726;0.000232098145205479;0.000292289969863014;0.000352609979452055;0.000413046657534247;0.000473585509589041;0.000534208616438356;0.000594897464383562;0.00065562845890411;0.000716374206849315;0.000777111601369863;0.000837821324657534;0.000959085906849315;0.00101959904109589;0.00108000863013699;0.00114030873972603;0.00120047232876712;0.00126049167123288;0.0013203537260274;0.00138005001369863;0.00143956095890411;0.00149877526027397;0.00155774743835616;0.00161644324657534;0.00167487276712329;0.00173300890410959;0.00179081582191781;0.00184850508219178;0.00190589250684931;0.00196302834246575;0.00201994461643836;0.00207651965753425;0.00213272215068493;0.00218853023287671;0.00224397865753425;0.00229872398630137;0.00235297915068493;0.00240683538356164;0.00246020838356164;0.00251307598630137;0.00256536321917808;0.00261711319178082;0.00266832245205479;0.00271898312328767;0.00276906535616438;0.00281855105479452;0.00286743060273973;0.00291561391780822;0.0029631182739726;0.00300994849315068;0.00305608716438356;0.00310151921917808;0.0031462304109589;0.00319020736986301;0.00323343626027397;0.00327590484931507;0.00331760161643836;0.0033585147260274;0.0033986311369863;0.00343793742465753;0.00347641461643836;0.00351404464383562;0.00355081079452055;0.00358669965753425;0.00362169967123288;0.00365579808219178;0.00368898169863014;0.00372123839726027;0.00375255902739726;0.00378294057534247;0.00381238538356164;0.00384089578082192;0.00386846349315069;0.00389506075342466;0.00392065464383562;0.00394521624657534;0.00396871669863014;0.00399112382191781;0.00401239526027397;0.00403246912328767;0.00405127095890411;0.00406872484931507;0.00408480387671233;0.00409957660273973;0.00411314387671233;0.00412561331506849;0.00413711110958904;0.00414779023287671;0.00415786710958904;0.00416765889041096;0.00417757680821918;0.00418809536986301;0.00419968238356164;0.004212744;0.00422764316438356;0.00424472931506849;0.00426434464383562;0.00428681657534247;0.00431239238356164;0.00434122715068493;0.00437345517808219;0.00440914979452055;0.00444833821917808;0.0044910092739726;0.00453711352054795;0.00458656645205479;0.00463940594520548;0.00469581426027397;0.00475565943835616;0.00481840053424657;0.00488375628767123;0.00495146054794521;0.00502315489041096
NaN;NaN;NaN;NaN;NaN;6.53092278082192e-05;0.000140745547945205;0.000216369354794521;0.000292167128767123;0.0003681213;0.000444201221917808;0.000520389780821918;0.00059665982739726;0.000672990376712329;0.000749350839726027;0.000825713656164384;0.000902056069863014;0.00097835827260274;0.00105456675342466;0.00120659971232877;0.00128238921917808;0.00135803298630137;0.00143352153424658;0.00150878949315068;0.00158386790410959;0.00165881645205479;0.00173360112328767;0.00180811054794521;0.00188239132876712;0.0019566097260274;0.00203050624657534;0.00210414490410959;0.00217740826027397;0.00225035160273973;0.00232275342465753;0.00239453632876712;0.00246574043835616;0.00253644876712329;0.0026066425890411;0.00267630506849315;0.00274541997260274;0.00281397293150685;0.00288194854794521;0.00294933030136986;0.00301610276712329;0.00308225464383562;0.00314774450684931;0.00321251815068493;0.00327659757534247;0.00333995921917808;0.00340257293150685;0.00346441495890411;0.00352546179452055;0.00358569017808219;0.00364507956164384;0.0037036117260274;0.00376126947945206;0.00381803421917808;0.00387388849315069;0.00392881523287671;0.0039828011369863;0.00403583023287671;0.00408788520547945;0.00413894524657534;0.00418898842465753;0.00423799305479452;0.0042859442739726;0.00433282638356164;0.00437862410958904;0.0044233225890411;0.00446690536986301;0.00450936001369863;0.00455067953424658;0.0045908617260274;0.00462990495890411;0.00466779202739726;0.00470448660273973;0.00473994560273973;0.0047741254109589;0.00480698145205479;0.00483846664383562;0.0048685227260274;0.0048970758630137;0.00492403904109589;0.00494933321917808;0.00497294898630137;0.00499496445205479;0.00501549091780822;0.00503464546575342;0.00505255704109589;0.00506939619178082;0.00508541306849315;0.00510094924657534;0.00511644508219178;0.00513243120547945;0.00514948365753425;0.00516815883561644;0.00518897867123288;0.00521244843835616;0.00523904508219178;0.00526919164383562;0.00530320402739726;0.00534135152054795;0.00538388904109589;0.00543100375342466;0.00548281063013699;0.00553931806849315;0.00560039049315068;0.00566580516438356;0.00573538179452055;0.00580907478082192;0.00588690768493151;0.0059686534109589;0.00605358678082192;0.0061422945479452;0.00623883906849315;0.00634545747945205;0.00645501416438356;0.00655942331506849;0.00665962161643836
NaN;NaN;NaN;NaN;NaN;7.7745738630137e-05;0.000169329149315068;0.000261115665753425;0.000353073382191781;0.000445162863013699;0.000537336706849315;0.000629577447945206;0.000721859950684932;0.00081414635890411;0.000906430131506849;0.000998681082191781;0.00109091010958904;0.00118309923287671;0.00127514154794521;0.00145872665753425;0.00155037880821918;0.00164198767123288;0.00173342480821918;0.00182463649315069;0.00191564280821918;0.00200642020547945;0.00209675232876712;0.00218656347945205;0.00227597909589041;0.00236496787671233;0.00245349775342466;0.00254153802739726;0.00262906484931507;0.00271605673972603;0.00280249215068493;0.00288834949315068;0.0029736088630137;0.00305825315068493;0.00314226379452055;0.00322562265753425;0.0033083085890411;0.00339029880821918;0.00347156564383562;0.00355207736986301;0.00363180695890411;0.00371073953424657;0.00378881263013699;0.00386594319178082;0.00394217987671233;0.00401749531506849;0.00409185831506849;0.00416524776712329;0.00423764356164383;0.00430902198630137;0.00437936246575342;0.00444864373972603;0.00451684639726027;0.00458394869863014;0.00464992695890411;0.00471475605479452;0.00477841263013699;0.00484087293150685;0.00490211678082192;0.00496212421917808;0.00502087639726027;0.00507835467123288;0.00513454339726027;0.00518942724657534;0.00524299563013699;0.00529523876712329;0.00534614006849315;0.00539567084931507;0.00544378771232877;0.00549043942465753;0.00553557206849315;0.00557912526027397;0.00562102894520548;0.00566120161643836;0.00569955206849315;0.00573599742465754;0.00577048953424658;0.00580304767123288;0.00583375717808219;0.00586273864383562;0.00589013053424657;0.00591610439726027;0.0059408868630137;0.00596476564383562;0.00598808502739726;0.00601124291780822;0.00603470568493151;0.0060590254109589;0.00608483024657534;0.00611279101369863;0.00614359397260274;0.0061779127260274;0.00621635949315069;0.00625941516438356;0.00630746182191781;0.00636084717808219;0.00641988410958904;0.00648480204109589;0.00655566305479452;0.00663233667123288;0.00671455936986301;0.00680204720547945;0.00689451076712329;0.00699158273972603;0.00709286623287671;0.00719849138356164;0.00731027978082192;0.00743134226027397;0.00756178610958904;0.00769611945205479;0.00782864215068493;0.00795808283561644;0.00808448032876712;0.00820712271232877;0.00832296783561644;0.00843117445205479
NaN;NaN;NaN;NaN;NaN;8.95145471232877e-05;0.000197701015068493;0.000306053357534247;0.000414546604109589;0.000523123168493151;0.000631761715068493;0.000740360880821918;0.000849144841095891;0.000957949617808219;0.00106675324657534;0.00117551491780822;0.00128424935616438;0.00139293871232877;0.00150154020547945;0.00171775576712329;0.00182552953424658;0.00193302979452055;0.00204021639726027;0.00214704879452055;0.00225348745205479;0.00235949649315069;0.00246504132876712;0.00257008609589041;0.00267460021917808;0.0027785577260274;0.00288193650684931;0.00298471368493151;0.00308686493150685;0.00318836747945205;0.00328920712328767;0.00338936390410959;0.00348881235616438;0.00358752639726027;0.00368547549315069;0.00378262701369863;0.00387894508219178;0.00397439417808219;0.00406893649315069;0.00416253028767123;0.00425514221917808;0.00434676032876712;0.00443730124657534;0.00452665417808219;0.00461491283561644;0.00470204997260274;0.00478802697260274;0.00487282146575342;0.00495641198630137;0.00503876961643836;0.00511986936986301;0.00519968461643836;0.00527818995890411;0.00535535787671233;0.00543116330136986;0.00550558184931507;0.00557859298630137;0.00565017469863014;0.00572030983561644;0.00578898126027397;0.00585617038356164;0.00592185579452055;0.00598600905479452;0.00604858478082192;0.00610952852054795;0.00616877595890411;0.00622625415068493;0.00628188217808219;0.00633556863013699;0.00638721869863014;0.00643674115068493;0.00648406576712329;0.00652916916438356;0.00657209312328767;0.00661294316438356;0.00665187383561644;0.00668908384931507;0.00672481502739726;0.00675935367123288;0.00679302824657534;0.00682619457534247;0.00685922480821918;0.00689249832876712;0.00692644990410959;0.00696164117808219;0.00699875043835616;0.00703852545205479;0.00708174579452055;0.00712924356164384;0.00718181928767123;0.00724013301369863;0.00730469461643835;0.00737590561643836;0.00745408230136986;0.00753938953424657;0.00763181161643836;0.00773116623287671;0.00783709439726027;0.00794905965753425;0.00806650104109589;0.00818926130136986;0.00831797243835617;0.00845397868493151;0.00859862165753425;0.00875155091780822;0.00890966502739726;0.00906946717808219;0.00923011319178082;0.00939157604109589;0.00954886757534246;0.00969342671232877;0.00982216376712329;0.0099389711369863;0.0100486146712329;0.0101508383561644;0.0102441406849315
NaN;NaN;NaN;NaN;NaN;0.000100275973287671;0.000225656526027397;0.000351228420547945;0.000477006764383562;0.0006027249;0.000728490402739726;0.000854266254794521;0.000980033871232877;0.00110576946575342;0.00123143957534247;0.00135700757534247;0.00148243584931507;0.0016076808630137;0.00173270368493151;0.00198191902739726;0.00210602034246575;0.0022297234109589;0.00235298356164384;0.00247575820547945;0.0025980102739726;0.00271970998630137;0.00284083101369863;0.00296134580821918;0.00308122935616438;0.00320045942465753;0.00331901446575342;0.00343686864383562;0.00355399415068493;0.00367035847945205;0.00378592839726028;0.00390066920547945;0.00401454163013699;0.00412750368493151;0.0042395128630137;0.0043505272739726;0.00446050460273973;0.00456940347945205;0.00467718042465753;0.00478378843835616;0.00488919468493151;0.00499339780821918;0.00509628936986301;0.0051977207260274;0.0052978424109589;0.00539662324657534;0.00549401382191781;0.0055899912739726;0.00568453273972603;0.00577760868493151;0.00586919478082192;0.00595926938356164;0.00604781119178082;0.00613479461643836;0.00622019668493151;0.00630399561643835;0.0063861682739726;0.00646667995890411;0.0065454875890411;0.00662253364383562;0.00669774289041096;0.00677102832876712;0.00684229543835616;0.00691143845205479;0.00697834493150685;0.00704290639726027;0.00710503080821918;0.00716466410958904;0.00722180563013699;0.00727652724657534;0.00732897749315069;0.00737936735616438;0.00742795947945205;0.00747506720547945;0.00752104742465753;0.00756628369863014;0.0076111658630137;0.00765606979452055;0.00770135879452055;0.00774737180821918;0.00779450056164384;0.00784328760273973;0.00789442045205479;0.00794869464383562;0.00800698232876712;0.00807024426027397;0.00813945087671233;0.00821544004109589;0.00829886928767123;0.00839021071232877;0.00848977150684932;0.00859767616438356;0.0087138492739726;0.00883795089041096;0.00896949593150685;0.00910812365753425;0.00925370853424658;0.00940648449315068;0.00956696467123288;0.00973556669863014;0.0099122632739726;0.0100956973972603;0.0102828590410959;0.0104708502739726;0.01065891;0.0108468642465753;0.0110291121917808;0.0111951952054795;0.0113399591780822;0.0114679493150685;0.0115838534246575;0.0116905283561644;0.0117906912328767;0.011886404109589;0.0119774784931507;0.0120651180821918
NaN;NaN;NaN;NaN;NaN;0.000109745932876712;0.000252810230136986;0.000396011389041096;0.000539320316438356;0.000682699991780822;0.000826095731506849;0.000969459115068493;0.00111276397260274;0.0012559764109589;0.00139904897260274;0.00154193191780822;0.00168457635616438;0.00182693276712329;0.00196894957534247;0.00225176538356164;0.00239247165753425;0.00253265480821918;0.00267227623287671;0.00281129846575342;0.00294969056164384;0.00308742860273973;0.00322448942465753;0.00336084331506849;0.00349646193150685;0.00363131669863014;0.00376537595890411;0.00389860001369863;0.00403094708219178;0.00416237571232877;0.00429283919178082;0.0044222891369863;0.00455067409589041;0.00467794302739726;0.00480404657534247;0.004928939;0.0050525765890411;0.00517491608219178;0.00529590953424658;0.00541550443835616;0.00553366816438356;0.0056504115479452;0.00576559317808219;0.00587901516438356;0.00599090421917808;0.00610122908219178;0.00620993467123288;0.00631700620547945;0.00642243139726027;0.00652618634246575;0.00662824879452055;0.00672859575342466;0.00682719739726027;0.00692400638356164;0.0070189638630137;0.00711199842465753;0.00720302112328767;0.00729191775342466;0.00737856368493151;0.00746282532876712;0.00754456679452055;0.00762366412328767;0.00770002109589041;0.00777358484931507;0.00784436978082192;0.00791247039726027;0.00797807508219178;0.00804146309589041;0.00810297867123288;0.00816301779452055;0.00822201112328767;0.00828039982191781;0.00833862320547945;0.00839709880821918;0.00845620789041096;0.00851629971232877;0.0085776936849315;0.00864074371232877;0.00870594963013699;0.00877396183561644;0.00884557657534247;0.00892173602739726;0.00900349206849315;0.00909192236986301;0.00918799317808219;0.00929249660273973;0.00940603735616439;0.00952896434246575;0.00966132960273973;0.00980294842465753;0.00995360008219178;0.0101131078082192;0.010281362739726;0.0104584005479452;0.0106440409589041;0.0108379667123288;0.0110399773972603;0.0112491582191781;0.01146316;0.0116791345205479;0.0118944115068493;0.0121070367123288;0.0123158064383562;0.0125170795890411;0.0127032182191781;0.0128691616438356;0.0130163002739726;0.013146767260274;0.0132632716438356;0.0133714426027397;0.0134756582191781;0.0135756767123288;0.0136725661643836;0.0137707716438356;0.0138688479452055;0.0139602647945206
NaN;NaN;NaN;NaN;NaN;0.000118496634246575;0.000280123006849315;0.000441853498630137;0.000603648580821918;0.000765456889041096;0.000927202276712329;0.00108881832876712;0.00125027184931507;0.00141152264383562;0.00157251406849315;0.00173318910958904;0.00189349620547945;0.00205338445205479;0.00221280267123288;0.00253004712328767;0.00268779331506849;0.0028449071369863;0.00300135342465753;0.00315709738356164;0.00331210563013699;0.00346635194520548;0.00361980654794521;0.00377243047945206;0.00392418156164384;0.00407501816438356;0.00422489605479452;0.00437376175342466;0.00452155879452055;0.00466823260273973;0.00481372715068493;0.00495798494520548;0.00510094778082192;0.00524256156164384;0.00538277406849315;0.00552153663013699;0.00565880252054795;0.00579452819178082;0.00592866821917808;0.00606116946575343;0.00619200667123288;0.00632121389041096;0.00644861582191781;0.00657395956164384;0.00669757515068493;0.00681944132876712;0.00693949728767123;0.0070577274109589;0.0071741077260274;0.00728858317808219;0.00740108701369863;0.00751153908219178;0.00761983684931507;0.00772584597260274;0.00782941295890411;0.00793037723287671;0.00802857798630137;0.00812386626027397;0.00821613;0.00830531597260274;0.00839144382191781;0.0084746198630137;0.00855505426027397;0.00863305719178082;0.00870903675342466;0.00878347152054794;0.00885688304109589;0.00892980487671233;0.00900275;0.00907618816438356;0.00915055006849315;0.00922623016438356;0.00930357563013699;0.00938291073972603;0.0094645755479452;0.00954899752054795;0.00963674897260274;0.00972857432876712;0.00982540956164384;0.00992835619178082;0.0100385628767123;0.0101571032876712;0.010284901369863;0.010422638630137;0.0105706579452055;0.0107290846575342;0.0108979976712329;0.0110773953424658;0.0112673593150685;0.0114678924657534;0.0116784471232877;0.011898234109589;0.0121263356164384;0.012361578630137;0.0126020754794521;0.0128451849315068;0.0130880290410959;0.0133278842465753;0.0135624554794521;0.0137905936986301;0.0140099802739726;0.0142160749315069;0.0144052380821918;0.0145767054794521;0.0147283778082192;0.014863097260274;0.0149848290410959;0.0150957804109589;0.0152014257534247;0.0153054526027397;0.0154072387671233;0.015506392739726;0.0155989098630137;0.0156847119178082;0.015764942739726;0.0158357267123288
NaN;NaN;NaN;NaN;NaN;0.000125619126027397;0.000306514476712329;0.000487446978082192;0.000668365364383562;0.000849206534246575;0.00102987776712329;0.0012103022739726;0.00139044991780822;0.0015702814109589;0.00174973643835616;0.00192875667123288;0.00210729352054795;0.00228530152054795;0.00246273324657534;0.00281564067123288;0.00299103628767123;0.00316568865753425;0.00333955982191781;0.00351260646575342;0.00368478645205479;0.00385606430136986;0.00402639815068493;0.00419573338356164;0.00436401463013699;0.00453118682191781;0.00469719165753425;0.00486196157534247;0.00502542828767123;0.00518752983561644;0.00534820282191781;0.00550738601369863;0.00566501932876712;0.00582104567123288;0.00597541579452055;0.00612808901369863;0.0062790291369863;0.00642820445205479;0.00657557736986301;0.00672110010958904;0.00686475967123288;0.00700662153424658;0.00714646864383562;0.00728397367123288;0.00741956761643836;0.00755319298630137;0.00768472464383562;0.00781408257534247;0.00794116436986301;0.00806582490410959;0.00818789932876712;0.00830721153424657;0.00842357784931507;0.00853681369863014;0.00864677746575342;0.00875339820547945;0.00885669060273973;0.00895676034246575;0.00905382230136986;0.00914819795890411;0.00924032035616438;0.009330715;0.00941998005479452;0.00950873793150685;0.00959759995890411;0.00968713761643836;0.00977787520547945;0.00987028269863014;0.00996477708219178;0.0100617287671233;0.0101614593150685;0.0102642867123288;0.0103705635616438;0.0104807642465753;0.0105955598630137;0.0107158353424658;0.0108426620547945;0.0109772026027397;0.0111206157534247;0.0112738752054795;0.0114376720547945;0.0116125335616438;0.0117988924657534;0.0119970609589041;0.0122074120547945;0.012430014109589;0.0126643197260274;0.0129093643835616;0.0131635349315068;0.0134250304109589;0.0136921539726027;0.0139626532876712;0.0142336035616438;0.0145019608219178;0.0147647947945205;0.0150210384931507;0.0152704465753425;0.0155110108219178;0.0157391632876712;0.0159522142465753;0.0161477963013699;0.0163239254794521;0.0164802620547945;0.0166199895890411;0.0167462742465753;0.016861187260274;0.0169689236986301;0.0170706483561644;0.0171640916438356;0.0172530760273973;0.0173380610958904;0.0174174710958904;0.017487065890411;0.0175387536986301;0.0175674124657534;0.0175746080821918
NaN;NaN;NaN;NaN;NaN;0.000130875180821918;0.000331677782191781;0.000532416704109589;0.000733039926027397;0.000933479138356164;0.00113362821917808;0.00133340026027397;0.00153277094520548;0.00173170761643836;0.00193015390410959;0.00212805442465753;0.00232536280821918;0.00252203416438356;0.00271801849315069;0.00310775149315069;0.00330141910958904;0.00349423101369863;0.00368613557534247;0.00387707208219178;0.00406698205479452;0.00425581842465753;0.00444352649315068;0.00463003467123288;0.00481527094520548;0.00499916745205479;0.00518165360273973;0.00536265012328767;0.0055420825890411;0.00571986634246575;0.00589593175342466;0.00607023382191781;0.00624272480821918;0.00641336547945205;0.00658212252054795;0.00674897165753425;0.00691389152054795;0.00707686220547945;0.00723785434246575;0.00739681339726027;0.00755371784931507;0.00770862894520548;0.00786121863013699;0.00801099656164384;0.00815844439726027;0.00830340942465753;0.00844565054794521;0.00858499101369863;0.00872124349315069;0.00885420389041096;0.0089837068630137;0.00910965749315068;0.009232046;0.00935094804109589;0.00946655283561644;0.00957917521917808;0.00968925212328767;0.00979732567123288;0.00990403015068493;0.0100100531506849;0.0101160957534247;0.0102228479452055;0.0103309536986301;0.0104409954794521;0.0105535053424658;0.0106689534246575;0.0107877236986301;0.0109101320547945;0.0110364468493151;0.0111669708219178;0.0113021135616438;0.0114424476712329;0.0115887815068493;0.0117421168493151;0.0119035736986301;0.0120742435616438;0.012255075890411;0.0124469323287671;0.0126506779452055;0.0128670397260274;0.0130966812328767;0.0133399230136986;0.0135964291780822;0.0138652273972603;0.0141445138356164;0.0144320232876712;0.0147257932876712;0.0150238778082192;0.0153235561643836;0.015621461369863;0.0159147606849315;0.0162020931506849;0.0164826987671233;0.0167555394520548;0.0170199730136986;0.0172724661643836;0.0175093809589041;0.0177282980821918;0.0179278904109589;0.0181078973972603;0.0182704657534247;0.0184158046575342;0.0185462983561644;0.0186618990410959;0.018763017260274;0.0188524671232877;0.0189349216438356;0.0190138401369863;0.019088595890411;0.0191514605479452;0.0191960304109589;0.0192173430136986;0.0192180046575342;0.0192023090410959;0.0191787397260274;0.019144958630137
NaN;NaN;NaN;NaN;NaN;0.000133659589041096;0.000355102035616438;0.000576374941095891;0.000797423612328767;0.00101817487671233;0.00123851050684932;0.00145834;0.00167765112328767;0.00189642112328767;0.00211458967123288;0.00233209823287671;0.00254890094520548;0.00276495328767123;0.00298020494520548;0.0034081051369863;0.00362064861643836;0.00383217443835616;0.00404261343835616;0.00425188821917808;0.00445992453424657;0.00466666153424657;0.00487202975342466;0.00507594276712329;0.00527831767123288;0.00547908247945205;0.00567816787671233;0.00587549989041096;0.00607101090410959;0.00626464830136986;0.00645636491780822;0.00664611982191781;0.00683387642465753;0.00701960491780822;0.00720327990410959;0.00738488189041096;0.0075643808630137;0.00774173193150685;0.00791685539726027;0.00808961915068493;0.00825991750684931;0.00842773978082192;0.00859258584931507;0.0087537522739726;0.00891178824657534;0.00906645223287671;0.00921746834246575;0.0093647284520548;0.00950820334246575;0.00964793576712329;0.00978408383561644;0.00991694128767123;0.0100469220547945;0.010174541369863;0.010300428630137;0.0104253146575342;0.0105499682191781;0.0106751775342466;0.0108017053424658;0.0109302695890411;0.0110615412328767;0.0111961243835616;0.0113345232876712;0.0114771380821918;0.0116242642465753;0.0117761406849315;0.0119330471232877;0.0120953236986301;0.0122634867123288;0.0124382631506849;0.0126205454794521;0.01281132;0.0130115204109589;0.0132221082191781;0.0134442797260274;0.0136791863013699;0.0139277605479452;0.0141907479452055;0.0144682406849315;0.014759367260274;0.0150624773972603;0.015375224109589;0.0156953208219178;0.0160207319178082;0.0163491453424658;0.0166774975342466;0.017003015890411;0.0173236684931507;0.0176375269863014;0.0179438865753425;0.0182437538356164;0.0185342260273973;0.0188112349315068;0.0190720947945205;0.0193150721917808;0.0195385247945205;0.019743832739726;0.0199292442465753;0.0200963869863014;0.0202462087671233;0.0203755208219178;0.0204824426027397;0.0205730036986301;0.020652075890411;0.0207242621917808;0.0207884171232877;0.0208396926027397;0.0208716183561644;0.0208833401369863;0.0208762754794521;0.020851852739726;0.0208188873972603;0.0207849694520548;0.0207460631506849;0.0206947969863014;0.02062151
NaN;NaN;NaN;NaN;NaN;0.000133405838356164;0.000376302789041096;0.000618918108219178;0.000861201573972603;0.00110308042465753;0.0013444234109589;0.00158513357534247;0.00182520715068493;0.00206462795890411;0.0023033352739726;0.0025412678630137;0.00277837745205479;0.00301461201369863;0.00324990653424657;0.00371739432876712;0.00394944380821918;0.00418026232876712;0.00440976365753425;0.00463785053424657;0.00486443291780822;0.00508944147945205;0.00531280369863014;0.00553443332876712;0.00575425723287671;0.00597221865753425;0.00618826368493151;0.00640233056164384;0.00661436647945205;0.00682433708219178;0.00703221128767123;0.00723795420547945;0.00744152808219178;0.00764288306849315;0.00784195284931507;0.00803865678082192;0.00823288595890411;0.00842450221917808;0.00861331593150685;0.00879907847945206;0.00898158430136986;0.00916077646575342;0.00933603378082192;0.00950655368493151;0.00967319265753425;0.00983593531506849;0.00999477710958904;0.0101499745205479;0.0103019182191781;0.0104510836986301;0.0105980793150685;0.0107436428767123;0.010888588630137;0.0110337557534247;0.0111799938356164;0.0113281567123288;0.0114790584931507;0.0116334549315069;0.0117919998630137;0.0119552442465753;0.0121235984931507;0.012297338630137;0.0124767116438356;0.0126619369863014;0.0128533319178082;0.0130513776712329;0.0132567191780822;0.0134701280821918;0.013692374109589;0.0139242389041096;0.0141669365753425;0.0144218873972603;0.0146901839726027;0.0149729583561644;0.0152709563013699;0.0155836657534247;0.0159096928767123;0.0162469952054795;0.0165930969863014;0.0169457449315068;0.0173024553424658;0.0176611289041096;0.0180198156164384;0.0183754973972603;0.0187246104109589;0.0190666601369863;0.0194024210958904;0.0197305656164384;0.0200476850684931;0.0203509083561644;0.0206375208219178;0.0209047476712329;0.0211540167123288;0.0213844195890411;0.0215938849315068;0.0217849943835616;0.0219562302739726;0.022101525890411;0.0222229050684932;0.0223222712328767;0.0224045319178082;0.022473265890411;0.0225271026027397;0.0225634982191781;0.0225795509589041;0.0225795750684932;0.0225611897260274;0.0225250667123288;0.0224813169863014;0.0224353715068493;0.0223902810958904;0.0223361020547945;0.0222585535616438;0.02214609;0.0219850647945205;0.0217568354794521
NaN;NaN;NaN;NaN;NaN;0.000129641012328767;0.00039490028630137;0.000659771369863014;0.000924209784931507;0.00118814032876712;0.0014514144109589;0.00171392684931507;0.00197568497260274;0.00223667852054795;0.00249683531506849;0.00275607826027397;0.0030143428630137;0.00327155680821918;0.00352763063013699;0.00403600091780822;0.00428812126027397;0.00453874349315068;0.00478777039726027;0.00503509543835616;0.00528062979452055;0.00552431882191781;0.00576611009589041;0.0060059367260274;0.00624373883561644;0.00647947739726027;0.00671311446575342;0.00694459702739726;0.00717387753424658;0.00740091321917808;0.00762564376712329;0.00784798291780822;0.00806781543835616;0.00828500032876712;0.00849937412328767;0.00871075101369863;0.00891891468493151;0.00912363373972603;0.00932464805479452;0.00952168568493151;0.00971461628767123;0.00990358532876712;0.010088137260274;0.0102676623287671;0.0104436239726027;0.0106164352054795;0.0107865163013699;0.0109545891780822;0.0111214939726027;0.0112881139726027;0.0114553823287671;0.0116242702739726;0.0117957236986301;0.0119706319178082;0.0121497949315069;0.0123339412328767;0.0125236731506849;0.0127194038356164;0.0129214294520548;0.0131299687671233;0.0133452180821918;0.013567481369863;0.0137972079452055;0.0140349605479452;0.0142813528767123;0.0145369119178082;0.0148025205479452;0.0150796664383562;0.0153695819178082;0.0156733209589041;0.0159922667123288;0.0163266710958904;0.0166754663013699;0.0170370645205479;0.0174091873972603;0.0177893312328767;0.0181749024657534;0.0185635417808219;0.0189549238356164;0.0193463189041096;0.0197329023287671;0.0201128461643836;0.0204865079452055;0.0208527301369863;0.0212100332876712;0.0215558476712329;0.0218878916438356;0.0222010163013699;0.0224952410958904;0.0227712967123288;0.0230264067123288;0.0232622023287671;0.0234814573972603;0.0236735108219178;0.0238378830136986;0.0239780682191781;0.0240942480821918;0.0241867939726027;0.0242591047945206;0.0243069610958904;0.0243298716438356;0.0243318005479452;0.0243199557534247;0.0242854873972603;0.0242357626027397;0.0241800105479452;0.0241161275342466;0.0240480287671233;0.0239859906849315;0.0239067916438356;0.0237903201369863;0.0236245316438356;0.0234040593150685;0.0231085221917808;0.0227407230136986;0.0223054395890411
NaN;NaN;NaN;NaN;NaN;0.000122035690410959;0.000410677778082192;0.000698832431506849;0.000986458176712329;0.00127347464383562;0.00155971373972603;0.00184505076712329;0.00212949082191781;0.00241301534246575;0.00269552850684931;0.00297692853424658;0.00325712915068493;0.00353603954794521;0.00381355301369863;0.00436397257534247;0.00463669004109589;0.00490762790410959;0.00517669780821918;0.00544380742465754;0.00570888856164384;0.00597190982191781;0.00623283921917808;0.00649162001369863;0.00674819987671233;0.00700254263013699;0.00725459361643836;0.00750426273972603;0.00775144021917808;0.00799600124657534;0.00823778850684932;0.00847661126027397;0.00871224598630137;0.00894445095890411;0.00917297524657534;0.0093975844520548;0.00961807987671233;0.00983432783561644;0.0100462649315069;0.0102538975342466;0.0104574591780822;0.0106575412328767;0.0108540260273973;0.011046588630137;0.0112374130136986;0.0114273738356164;0.0116172798630137;0.0118082120547945;0.0120012575342466;0.0121974434246575;0.0123977491780822;0.0126030980821918;0.0128142990410959;0.0130319473972603;0.0132564769863014;0.0134882015068493;0.0137273367123288;0.0139740680821918;0.0142286873972603;0.0144915917808219;0.0147632631506849;0.0150441082191781;0.015334564109589;0.0156357447945206;0.015949158630137;0.0162756932876712;0.0166166532876712;0.0169733268493151;0.0173453076712329;0.0177312475342466;0.0181295356164384;0.0185376015068493;0.0189527819178082;0.019372488630137;0.0197958060273973;0.0202221505479452;0.0206469276712329;0.0210669684931507;0.0214810669863014;0.0218873945205479;0.0222852793150685;0.0226739189041096;0.0230517201369863;0.0234135943835616;0.0237552763013699;0.0240802580821918;0.0243843183561644;0.0246655873972603;0.0249315512328767;0.0251774273972603;0.0253957580821918;0.0255839054794521;0.0257440869863014;0.0258805847945205;0.0259915089041096;0.0260736056164384;0.0261233164383562;0.0261407961643836;0.0261327071232877;0.0261086287671233;0.0260594216438356;0.0259958656164384;0.0259245189041096;0.025838567260274;0.0257488653424658;0.0256538408219178;0.0255657036986301;0.0254515669863014;0.0252812576712329;0.0250633560273973;0.0247741867123288;0.0244105839726027;0.0239793468493151;0.02347088;0.0228941694520548;0.022279827260274
NaN;NaN;NaN;NaN;NaN;0.000110462519178082;0.000423627393150685;0.000736204905479452;0.0010481521369863;0.00135936965753425;0.00166964847945205;0.00197882969863014;0.00228691023287671;0.00259385853424658;0.00289955367123288;0.0032038747260274;0.00350672283561644;0.00380799515068493;0.0041075794109589;0.00470129375342466;0.00499526883561644;0.00528723089041096;0.00557711046575343;0.00586483056164384;0.00615033316438356;0.00643359869863014;0.00671459609589041;0.00699324428767123;0.00726944764383562;0.00754310254794521;0.00781407239726028;0.00808216271232877;0.00834715643835617;0.00860881847945206;0.00886689423287671;0.00912111330136986;0.00937121657534247;0.00961699169863014;0.00985830947945206;0.0100951598630137;0.0103276493150685;0.010556024109589;0.0107806226027397;0.011001882739726;0.0112205078082192;0.0114376297260274;0.0116534784931507;0.0118680004109589;0.0120840408219178;0.0123027236986301;0.0125249976712329;0.0127519843835616;0.0129847510958904;0.0132241373972603;0.0134708052054795;0.0137252893150685;0.0139879376712329;0.0142589093150685;0.0145383768493151;0.0148266087671233;0.0151239789041096;0.0154308456164384;0.0157474276712329;0.0160741638356164;0.0164123968493151;0.0167634457534247;0.0171280008219178;0.0175076315068493;0.0179032930136986;0.0183141016438356;0.01873857;0.0191750873972603;0.0196205332876712;0.0200724861643836;0.0205293269863014;0.0209901612328767;0.0214524556164384;0.0219132135616438;0.022370248630137;0.022820277260274;0.0232609753424658;0.0236923508219178;0.0241157071232877;0.024527554109589;0.0249207863013699;0.0252948984931507;0.0256533320547945;0.02598711;0.0262992661643836;0.0265962030136986;0.0268709039726027;0.0271183824657534;0.0273349649315068;0.0275212268493151;0.027679564109589;0.0278118678082192;0.0279116402739726;0.027970267260274;0.0279919767123288;0.0279843045205479;0.0279498917808219;0.0278882364383562;0.0278144931506849;0.0277229536986301;0.0276184063013699;0.027504805890411;0.0273771954794521;0.0272537139726027;0.0271331656164384;0.0269671457534247;0.0267456671232877;0.0264647250684932;0.0261127424657534;0.0256838657534247;0.0251808191780822;0.0246063821917808;0.0239659973972603;0.0232869965753425;0.0225878804109589;0.0218776043835616
NaN;NaN;NaN;NaN;NaN;9.49878623287671e-05;0.00043389614109589;0.000772084026027397;0.00110949178082192;0.00144599301369863;0.00178132691780822;0.00211529495890411;0.00244789249315068;0.0027790867260274;0.00310874201369863;0.00343672746575342;0.00376294893150685;0.00408731908219178;0.00440974176712329;0.00504844091780822;0.00536460634246575;0.00567857745205479;0.00599028747945206;0.00629964990410959;0.00660658298630137;0.00691102831506849;0.00721288554794521;0.00751198193150685;0.00780811612328767;0.00810108445205479;0.00839063634246575;0.00867647384931507;0.00895830442465753;0.00923586504109589;0.00950893739726027;0.00977738645205479;0.0100411795890411;0.0103004235616438;0.0105553684931507;0.0108064098630137;0.0110541228767123;0.0112992267123288;0.0115425594520548;0.0117850389041096;0.0120278647945205;0.0122726176712329;0.0125196984931507;0.0127690156164384;0.0130237828767123;0.013285111369863;0.0135537035616438;0.0138303609589041;0.0141157406849315;0.0144101865753425;0.0147138768493151;0.0150270582191781;0.0153499747945205;0.0156828963013699;0.0160260550684932;0.0163795015068493;0.0167437023287671;0.0171201042465753;0.0175098598630137;0.0179135605479452;0.0183329230136986;0.0187686909589041;0.0192196639726027;0.0196842568493151;0.0201607010958904;0.0206454153424658;0.0211368875342466;0.0216341715068493;0.0221344231506849;0.0226350676712329;0.0231356534246575;0.023632184109589;0.024120634520548;0.0245981228767123;0.0250658497260274;0.0255270169863014;0.0259746067123288;0.0264023598630137;0.0268132439726027;0.0272067009589041;0.0275742683561644;0.0279207731506849;0.0282504178082192;0.0285583109589041;0.0288373142465753;0.0290855031506849;0.0293033893150685;0.0294902909589041;0.029645975890411;0.0297678420547945;0.0298438604109589;0.0298777039726027;0.0298783819178082;0.0298454178082192;0.0297773467123288;0.0296919598630137;0.029586578630137;0.0294626521917808;0.0293247104109589;0.0291725206849315;0.0290108367123288;0.0288560363013699;0.028687508630137;0.0284662898630137;0.0281897497260274;0.0278500957534247;0.0274318235616438;0.0269342856164384;0.0263653664383562;0.0257297726027397;0.025033398630137;0.024302868630137;0.0235567039726027;0.0227758228767123;0.0219779279452055;0.0211725410958904
NaN;NaN;NaN;NaN;NaN;7.56799801369863e-05;0.000441532124657534;0.000806470864383562;0.00117041383561644;0.00153320468493151;0.00189453619178082;0.00225418631506849;0.00261216104109589;0.00296844224657534;0.00332290202739726;0.00367542319178082;0.00402593423287671;0.00437437146575342;0.00472066219178082;0.00540655991780822;0.00574605217808219;0.0060831448630137;0.00641772668493151;0.00674963421917808;0.00707869271232877;0.00740474580821918;0.00772758946575342;0.00804693053424657;0.0083624604109589;0.00867390204109589;0.00898097775342466;0.00928342036986301;0.00958106367123288;0.00987387497260274;0.0101619584931507;0.0104455579452055;0.0107250460273973;0.0110009936986301;0.0112741539726027;0.011545441369863;0.0118159505479452;0.0120869269863014;0.0123596365753425;0.0126353242465753;0.0129153708219178;0.0132015156164384;0.0134940106849315;0.0137923328767123;0.0140997156164384;0.0144168339726027;0.0147438417808219;0.0150810156164384;0.0154286610958904;0.015786957260274;0.0161561410958904;0.016536437260274;0.0169277665753425;0.0173304328767123;0.0177458582191781;0.0181751753424658;0.0186189060273973;0.019078765890411;0.0195555845205479;0.0200480050684931;0.0205542639726027;0.0210724650684932;0.0215989008219178;0.0221328717808219;0.0226733891780822;0.0232155276712329;0.0237579684931507;0.0243016034246575;0.0248406724657534;0.0253708752054795;0.0258886506849315;0.02639628;0.0268975197260274;0.0273834610958904;0.0278501695890411;0.0283014502739726;0.0287325260273973;0.0291382534246575;0.0295221867123288;0.0298881961643836;0.0302323935616438;0.0305474154794521;0.0308308117808219;0.0310834868493151;0.0313048421917808;0.0314924408219178;0.0316391387671233;0.0317395043835616;0.0317944493150685;0.0318082617808219;0.0317865494520548;0.0317255642465753;0.0316318547945205;0.0315189163013699;0.0313786335616438;0.0312176387671233;0.031043818630137;0.0308521857534247;0.0306615153424658;0.0304612164383562;0.030235585890411;0.0299655969863014;0.0296313576712329;0.0292260771232877;0.0287436178082192;0.0281825160273973;0.0275482409589041;0.0268589415068493;0.0261189436986301;0.0253430042465753;0.0245253161643836;0.0236770247945205;0.0228217646575342;0.0219419168493151;0.0210173556164384;0.0200622963013699
NaN;NaN;NaN;NaN;NaN;5.23810604109589e-05;0.000446313694520548;0.000839075457534247;0.00123057387671233;0.00162063873972603;0.00200893146575342;0.00239522015068493;0.00277954673972603;0.00316192798630137;0.0035422522739726;0.00392042402739726;0.00429639998630137;0.0046701304109589;0.00504153597260274;0.00577701408219178;0.00614086757534247;0.00650192367123288;0.0068599662739726;0.00721471767123288;0.00756587945205479;0.00791318223287671;0.00825634058904109;0.00859502205479452;0.00892894149315068;0.00925793636986301;0.0095819461369863;0.00990101410958904;0.0102153430136986;0.0105253126027397;0.0108314954794521;0.0111346594520548;0.0114357064383562;0.0117357505479452;0.0120360897260274;0.0123381391780822;0.0126433775342466;0.0129532616438356;0.0132691875342466;0.0135924008219178;0.0139241330136986;0.0142658619178082;0.0146172416438356;0.0149769897260274;0.0153481498630137;0.0157309302739726;0.0161252191780822;0.0165312823287671;0.0169493657534247;0.0173792587671233;0.0178210364383562;0.0182760601369863;0.0187456549315068;0.0192301564383562;0.0197310706849315;0.0202496106849315;0.0207845776712329;0.0213339054794521;0.0218956626027397;0.0224664378082192;0.0230454950684932;0.0236318160273973;0.0242193294520548;0.0248070776712329;0.0253966354794521;0.0259820324657534;0.0265577954794521;0.0271203615068493;0.0276719256164384;0.0282157938356164;0.0287435701369863;0.029253685890411;0.029749061369863;0.0302218310958904;0.0306693967123288;0.0310947857534247;0.0315012978082192;0.0318850475342466;0.0322402115068493;0.0325643110958904;0.0328556115068493;0.0331149452054795;0.0333413160273973;0.0335229405479452;0.0336525982191781;0.0337358302739726;0.033771674520548;0.0337671849315068;0.0337211231506849;0.0336339839726027;0.0335188421917808;0.0333706042465753;0.0331923167123288;0.0329954432876712;0.0327832030136986;0.0325614954794521;0.0323261993150685;0.0320739845205479;0.0318008168493151;0.0314753430136986;0.0310771171232877;0.030610902739726;0.0300658246575343;0.0294408478082192;0.0287518230136986;0.0280171605479452;0.0272340802739726;0.0263950789041096;0.0255077835616438;0.0246077101369863;0.023681668630137;0.022711471369863;0.0217007053424658;0.0206627191780822;0.0196000620547945;0.0184745836986301
NaN;NaN;NaN;NaN;NaN;2.46748006849315e-05;0.000447793947945205;0.000869459384931507;0.00128958694520548;0.00170801221917808;0.00212437960273973;0.00253845709589041;0.00295033242465753;0.00336006839726027;0.00376756919178082;0.00417273924657534;0.00457552295890411;0.00497583716438356;0.00537353797260274;0.00616038379452055;0.00654910382191781;0.00693432447945205;0.0073156941369863;0.00769282576712329;0.0080653594109589;0.00843303994520548;0.00879566938356165;0.0091531088630137;0.00950535942465753;0.00985262438356165;0.0101952512328767;0.0105337434246575;0.0108688468493151;0.0112014884931507;0.011532811369863;0.0118641475342466;0.012196955890411;0.0125327808219178;0.0128731887671233;0.0132197842465753;0.0135741106849315;0.0139375176712329;0.0143110917808219;0.0146956443835616;0.0150919254794521;0.0155008952054795;0.0159214424657534;0.0163516879452055;0.0167949990410959;0.0172514708219178;0.0177205756164384;0.0182021663013699;0.0186972623287671;0.0192074252054794;0.0197331097260274;0.0202753869863014;0.0208360510958904;0.0214143721917808;0.0220080016438356;0.0226148220547945;0.0232321910958904;0.0238586205479452;0.024493205890411;0.0251298387671233;0.0257664969863014;0.0264048353424658;0.0270406019178082;0.0276664620547945;0.0282786330136986;0.0288787391780822;0.0294691180821918;0.0300426228767123;0.0305999668493151;0.0311436535616438;0.0316634994520548;0.032156634109589;0.0326279957534247;0.0330792439726027;0.0335069261643836;0.0339058626027397;0.0342755989041096;0.0346115116438356;0.0349137628767123;0.0351819057534247;0.0354081743835616;0.0355775939726027;0.0356957991780822;0.0357610683561644;0.0357830908219178;0.035759498630137;0.0356872579452055;0.0355814564383562;0.0354368617808219;0.0352505290410959;0.0350365568493151;0.03480447;0.0345614752054795;0.0342952342465753;0.0340140236986301;0.0337156093150685;0.0333896643835616;0.0330027246575342;0.0325475916438356;0.0320192063013699;0.0314114819178082;0.0307308373972603;0.0299981089041096;0.0292162909589041;0.0283739250684932;0.0274677232876712;0.0265324323287671;0.0255697293150685;0.0245606345205479;0.0235016694520548;0.0224074017808219;0.0212867912328767;0.0201418690410959;0.0189303415068493;0.0176380016438356;0.0163069534246575
NaN;NaN;NaN;NaN;NaN;NaN;0.000445566989041096;0.00089734575890411;0.00134734719178082;0.00179541873972603;0.00224119531506849;0.00268445154794521;0.00312531312328767;0.00356385679452055;0.00399995876712329;0.00443346856164384;0.00486425497260274;0.00529214078082192;0.0057168742739726;0.00655566831506849;0.00696904295890411;0.00737791193150685;0.00778189505479452;0.00818064039726027;0.00857393995890411;0.00896181117808219;0.0093443992739726;0.0097219555479452;0.0100949384931507;0.0104640928767123;0.0108303468493151;0.0111947845205479;0.0115587365753425;0.0119237436986301;0.0122914489041096;0.0126635223287671;0.0130416661643836;0.0134275519178082;0.0138227030136986;0.0142284795890411;0.0146460563013699;0.0150763182191781;0.0155197471232877;0.015976477260274;0.0164468190410959;0.0169315976712329;0.0174293406849315;0.0179375580821918;0.0184595346575342;0.018995442739726;0.019546457260274;0.0201137280821918;0.0206977201369863;0.0213003476712329;0.0219220660273973;0.0225607624657534;0.0232138378082192;0.0238793865753425;0.0245553339726027;0.0252402594520548;0.0259292949315068;0.0266188089041096;0.0273090906849315;0.0279985508219178;0.0286797479452055;0.0293465556164384;0.0300002490410959;0.0306425280821918;0.03126659;0.0318742369863014;0.0324703320547945;0.0330437057534247;0.0335872760273973;0.0341086579452055;0.0346098898630137;0.0350862876712329;0.0355333550684932;0.035952364520548;0.03633905;0.0366910076712329;0.0370059519178082;0.0372811831506849;0.0375016924657534;0.0376652676712329;0.0377702469863014;0.0378241945205479;0.0378334898630137;0.0377881293150685;0.0376967742465753;0.0375678087671233;0.037389804109589;0.0371672412328767;0.0369207398630137;0.0366618506849315;0.0363743720547945;0.0360645773972603;0.0357424301369863;0.0353943090410959;0.0350081076712329;0.0345673976712329;0.0340552165753425;0.0334649587671233;0.0327997432876712;0.0320740936986301;0.0312973802739726;0.0304577812328767;0.0295472306849315;0.028588118630137;0.0276037743835616;0.0265670852054795;0.0254751531506849;0.024330318630137;0.0231523569863014;0.0219503834246575;0.0207248169863014;0.0194274902739726;0.0180516410958904;0.0166369397260274;0.0151907635616438;0.0137239912328767
NaN;NaN;NaN;NaN;NaN;NaN;0.00043953114109589;0.000922830236986301;0.00140417045205479;0.00188341246575342;0.00236015552054795;0.00283413949315069;0.00330548457534247;0.00377422301369863;0.00424013850684931;0.0047029748630137;0.00516248819178082;0.00561836835616438;0.00607021569863014;0.00696019102739726;0.00739757071232877;0.00782947561643836;0.00825574395890411;0.00867631764383562;0.00909135987671233;0.00950133841095891;0.00990693217808219;0.0103089704109589;0.0107085167123288;0.0111069406849315;0.0115058052054795;0.0119067845205479;0.0123116245205479;0.0127221826027397;0.0131403156164384;0.01356774;0.0140059826027397;0.0144564090410959;0.0149201164383562;0.015397907260274;0.0158902726027397;0.0163975035616438;0.0169197142465753;0.0174567694520548;0.0180087371232877;0.0185760632876712;0.0191565119178082;0.0197481773972603;0.0203570623287671;0.0209835095890411;0.0216281087671233;0.0222928298630137;0.0229766997260274;0.0236766571232877;0.0243907869863014;0.0251177604109589;0.0258549409589041;0.0265986361643836;0.0273446869863014;0.0280911250684932;0.028836721369863;0.0295778742465753;0.0303051142465753;0.0310176304109589;0.0317177635616438;0.0323990883561644;0.0330606364383562;0.0337119478082192;0.0343450643835616;0.0349465184931507;0.0355216745205479;0.0360780234246575;0.0366092484931507;0.0371094815068493;0.0375813763013699;0.0380236820547945;0.0384315323287671;0.038802048630137;0.039130052739726;0.0394091467123288;0.0396287404109589;0.0397867032876712;0.0398833424657534;0.0399306690410959;0.0399250250684931;0.0398622365753425;0.0397526556164384;0.0395966636986301;0.0393853342465753;0.0391297415068493;0.0388606352054795;0.038565084109589;0.0382321571232877;0.0378855180821918;0.0375202550684931;0.0371153250684931;0.036674587260274;0.0361811990410959;0.0356125630136986;0.0349645169863014;0.0342513719178082;0.0334813920547945;0.0326537268493151;0.0317498110958904;0.0307777902739726;0.0297695036986301;0.0287249769863014;0.0276126375342466;0.0264416854794521;0.0252135075342466;0.0239524467123288;0.0226691957534247;0.021363878630137;0.0199814179452055;0.0185199917808219;0.0170208469863014;0.0154888190410959;0.0139368335616438;0.0123626464383562;0.0107643202739726
NaN;NaN;NaN;NaN;NaN;NaN;0.000429983094520548;0.000946445163013699;0.00146078932876712;0.00197284938356164;0.00248213532876712;0.00298828582191781;0.0034913584109589;0.00399130308219178;0.00448777042465753;0.00498034930136986;0.00546865356164384;0.00595227502739726;0.00643076382191781;0.00737093105479452;0.00783226369863014;0.0082877764109589;0.00873771773972603;0.00918252143835616;0.00962292471232877;0.0100600216438356;0.0104951405479452;0.0109297615068493;0.0113656071232877;0.0118045890410959;0.0122486616438356;0.0126998036986301;0.0131599149315069;0.0136307949315069;0.0141140645205479;0.0146110989041096;0.0151229180821918;0.0156502201369863;0.016193415890411;0.0167527664383562;0.0173284046575342;0.0179203265753425;0.0185283110958904;0.0191515691780822;0.0197898847945206;0.0204455790410959;0.0211181478082192;0.0218046043835616;0.0225115964383562;0.0232400978082192;0.0239871478082192;0.0247500036986301;0.0255281610958904;0.0263191330136986;0.0271185653424658;0.0279232935616438;0.0287304061643836;0.0295358663013699;0.0303389371232877;0.0311328545205479;0.0319101545205479;0.0326737582191781;0.0334198328767123;0.0341421509589041;0.0348504442465753;0.0355471243835616;0.0362154679452055;0.036851048630137;0.0374654868493151;0.0380588178082192;0.0386189983561644;0.0391477889041096;0.0396494954794521;0.0401185561643836;0.040551811369863;0.0409420747945205;0.0412831676712329;0.0415693850684931;0.0417905261643836;0.041945721369863;0.0420416173972603;0.0420825882191781;0.0420638605479452;0.0419866421917808;0.0418578236986301;0.0416758495890411;0.0414306294520548;0.0411527389041096;0.0408579010958904;0.0405194894520548;0.0401506643835617;0.0397670928767123;0.0393535634246575;0.038894228630137;0.0384004621917808;0.0378564530136986;0.0372331257534247;0.0365367064383562;0.0357773350684931;0.0349603484931507;0.03407462;0.0331098869863014;0.0320830598630137;0.0310207539726027;0.0299057457534247;0.0287218128767123;0.0274748894520548;0.0261665547945205;0.0248244173972603;0.0234594802739726;0.022072092739726;0.0206058550684932;0.0190580490410959;0.0174726442465753;0.0158545434246575;0.0142151890410959;0.0125509498630137;0.0108614569863014;0.00914782932876712;0.00741578
NaN;NaN;NaN;NaN;NaN;NaN;0.000417584776712329;0.00096894697260274;0.00151795068493151;0.00206433680821918;0.00260746850684932;0.00314684447945206;0.00368241594520548;0.00421400224657534;0.00474110167123288;0.00526320263013699;0.00577988991780822;0.00629080542465753;0.00679567961643836;0.00778708763013699;0.00827409402739726;0.00875602682191781;0.00923373012328767;0.00970829283561644;0.0101811276712329;0.0106540219178082;0.0111289652054795;0.011607941369863;0.0120930663013699;0.0125865383561644;0.0130904084931507;0.0136065046575342;0.014136485890411;0.0146817402739726;0.0152432978082192;0.0158218298630137;0.0164176745205479;0.0170309730136986;0.0176617349315068;0.0183098917808219;0.0189752067123288;0.019656932739726;0.0203548890410959;0.0210706621917808;0.0218055490410959;0.022560785890411;0.0233363343835616;0.0241287091780822;0.0249402402739726;0.0257689260273973;0.0266138615068493;0.0274705616438356;0.0283346565753425;0.0292043484931507;0.0300749226027397;0.030941724109589;0.0318050191780822;0.032654721369863;0.0334874975342466;0.0343044528767123;0.0350975880821918;0.0358682806849315;0.0366285917808219;0.0373698721917808;0.03807709;0.0387542901369863;0.0394131693150685;0.0400432293150685;0.0406352987671233;0.0411988523287671;0.0417343028767123;0.0422348039726027;0.042696457260274;0.0431078017808219;0.0434656208219178;0.0437626632876712;0.0439880779452055;0.0441482593150685;0.0442468;0.0442832736986301;0.0442549330136986;0.0441641339726027;0.0440192650684931;0.0438102771232877;0.0435381578082192;0.0432424108219178;0.0429142249315068;0.0425393606849315;0.0421377284931507;0.0417170042465753;0.0412535536986301;0.0407438850684932;0.0401964134246575;0.0396041310958904;0.0389333268493151;0.03819308;0.0373870631506849;0.0365188346575342;0.0355727638356164;0.0345538864383562;0.0334753519178082;0.0323521217808219;0.0311620602739726;0.0299087815068493;0.0285892595890411;0.0272045294520548;0.0257825621917808;0.0243370478082192;0.0228637556164384;0.0213144945205479;0.0196802624657534;0.0180068794520548;0.0163029867123288;0.0145744605479452;0.0128187136986301;0.011034208630137;0.00922944824657534;0.00740427904109589;0.00556765193150685;0.00372483182191781
NaN;NaN;NaN;NaN;NaN;NaN;0.000402965597260274;0.000990812019178082;0.00157585512328767;0.00215769952054794;0.00273550979452055;0.00330859678082192;0.00387679660273973;0.0044398647260274;0.00499726657534247;0.00554855330136986;0.00609352117808219;0.00663211220547945;0.00716444197260274;0.00821220497260274;0.00872932690410959;0.0092435922739726;0.00975654669863014;0.0102699683561644;0.010785914109589;0.0113066916438356;0.0118346945205479;0.0123721660273973;0.012921235890411;0.0134839520547945;0.0140621120547945;0.0146570443835616;0.0152697510958904;0.0159009256164384;0.0165508760273973;0.0172196793150685;0.0179072268493151;0.0186133080821918;0.0193375326027397;0.0200789991780822;0.0208378063013699;0.0216160621917808;0.0224146695890411;0.0232337375342466;0.0240757865753425;0.0249412468493151;0.025824428630137;0.0267204460273973;0.02763426;0.0285591279452055;0.0294912910958904;0.0304295539726027;0.0313663461643836;0.0322979880821918;0.0332242398630137;0.034134147260274;0.0350269987671233;0.0358994047945205;0.0367444971232877;0.0375703161643836;0.0383845549315069;0.0391726976712329;0.0399253309589041;0.0406506679452055;0.0413561075342466;0.0420246052054794;0.0426545942465753;0.0432579328767123;0.0438320578082192;0.0443677980821918;0.04486103;0.04529704;0.0456772626027397;0.0459882297260274;0.046223931369863;0.0463961275342466;0.046500564109589;0.0465360502739726;0.0465010782191781;0.0464000069863014;0.0462415004109589;0.0460077216438356;0.0457169052054795;0.0454007328767123;0.0450397783561644;0.0446332784931507;0.0442010763013699;0.0437423152054795;0.0432334124657534;0.042674327260274;0.0420742769863014;0.0414364406849315;0.0407250590410959;0.0399421694520548;0.03909051;0.0381674079452055;0.0371631004109589;0.036094045890411;0.0349646191780822;0.0337754008219178;0.0325121824657534;0.0311888116438356;0.0297977928767123;0.0283422735616438;0.0268406079452055;0.0253155406849315;0.0237546553424658;0.0221224334246575;0.0204004532876712;0.0186381554794521;0.0168488950684932;0.0150299947945205;0.0131807083561644;0.0113000184931507;0.00940127368493151;0.00748372053424658;0.00555106743835617;0.00360781515068493;0.00165299621917808;NaN
NaN;NaN;NaN;NaN;NaN;NaN;0.000386226767123288;0.00101177367123288;0.00163377084931507;0.00225164432876712;0.00286434630136986;0.00347106561643836;0.00407165234246575;0.00466596830136986;0.00525368943835616;0.00583467393150685;0.00640913801369863;0.00697757910958904;0.00754070595890411;0.00865565334246575;0.00921065075342466;0.00976659845205479;0.0103257039726027;0.0108902515068493;0.0114626961643836;0.0120455982191781;0.0126413308219178;0.013251997260274;0.0138794357534247;0.0145251308219178;0.0151902163013699;0.0158753083561644;0.0165806167123288;0.0173061771232877;0.0180518268493151;0.018817287260274;0.0196020553424658;0.0204049879452055;0.0212261234246575;0.0220677438356164;0.0229309312328767;0.0238161284931507;0.02472573;0.0256584615068493;0.0266116438356164;0.0275861954794521;0.028576937260274;0.0295714104109589;0.0305750630136986;0.0315856;0.0325920361643836;0.0335923554794521;0.0345856905479452;0.0355610349315068;0.036517494109589;0.0374488394520548;0.0383521880821918;0.0392382019178082;0.0401085135616438;0.0409485019178082;0.0417530154794521;0.042531532739726;0.0432858469863014;0.0439973260273973;0.0446710002739726;0.04531891;0.0459366715068493;0.0465121236986301;0.0470407083561644;0.0475075449315068;0.0479152353424658;0.0482453839726027;0.0484991534246575;0.0486893578082192;0.0488035163013699;0.0488429256164384;0.0488051176712329;0.0486991065753425;0.0485282817808219;0.0482760182191781;0.0479715289041096;0.0476325682191781;0.0472436601369863;0.0468089163013699;0.046346504109589;0.0458521790410959;0.0453029669863014;0.044696975890411;0.0440458875342466;0.0433653478082192;0.0426161208219178;0.0417927261643836;0.0408973463013699;0.0399183510958904;0.038859175890411;0.0377413310958904;0.0365603056164384;0.0353042046575342;0.0339718657534247;0.0325776150684932;0.0311155678082192;0.0295917098630137;0.028013152739726;0.0264073969863014;0.0247605961643836;0.0230449721917808;0.0212335164383562;0.0193821683561644;0.0175054724657534;0.0155969138356164;0.0136522706849315;0.0116751593150685;0.00967991247945206;0.00766799263013699;0.00563709990410959;0.00359171394520548;0.00153542232876712;NaN;NaN;NaN
NaN;NaN;NaN;NaN;NaN;NaN;0.000366592573972603;0.00103051538356164;0.00168978156164384;0.00234371301369863;0.00299116954794521;0.00363137798630137;0.00426444836986301;0.00489059830136986;0.00550993464383562;0.00612289157534247;0.00673029778082192;0.00733335191780822;0.00793356406849315;0.00913302394520548;0.00973687575342466;0.010346844109589;0.0109655494520548;0.0115954776712329;0.0122390532876712;0.0128987315068493;0.0135765756164384;0.0142740694520548;0.0149923853424658;0.0157322867123288;0.0164940350684931;0.0172775053424658;0.0180824087671233;0.0189084256164384;0.0197550405479452;0.0206209791780822;0.0215059943835616;0.022412317260274;0.0233413045205479;0.0242932671232877;0.0252708643835616;0.0262734961643836;0.0272985575342466;0.028345445890411;0.0294112147945205;0.0304884126027397;0.0315734734246575;0.0326581738356164;0.0337382019178082;0.0348118054794521;0.0358768967123288;0.0369230610958904;0.0379476371232877;0.038943154520548;0.0399105152054794;0.0408604197260274;0.0417904936986301;0.0426886815068493;0.0435512964383562;0.0443868901369863;0.0451937424657534;0.0459544852054795;0.046677097260274;0.0473744710958904;0.0480406160273973;0.0486608889041096;0.0492301295890411;0.0497351360273973;0.0501757132876712;0.0505324138356164;0.0508122812328767;0.0510264343835616;0.0511555253424658;0.0512045689041096;0.051169795890411;0.051064241369863;0.0508839891780822;0.0506201932876712;0.050305131369863;0.0499448019178082;0.0495326117808219;0.0490724676712329;0.0485810761643836;0.0480541057534247;0.0474700821917808;0.0468226828767123;0.0461228179452055;0.0453965291780822;0.0446150109589041;0.043753037260274;0.0428167376712329;0.0417837657534246;0.0406735930136986;0.0395061202739726;0.0382729645205479;0.03695178;0.0355551502739726;0.0340903954794521;0.0325572078082192;0.0309650438356164;0.0293139932876712;0.0276262550684932;0.0258955269863014;0.0240973276712329;0.0221956065753425;0.0202542336986301;0.0182872428767123;0.016288915890411;0.0142493745205479;0.0121751545205479;0.0100817480821918;0.00797183798630137;0.00584131375342466;0.00369228106849315;0.00153384078082192;NaN;NaN;NaN;NaN;NaN
NaN;NaN;NaN;NaN;NaN;NaN;0.000342187095890411;0.00104462765753425;0.00174113398630137;0.00243106823287671;0.00311342997260274;0.00378773965753425;0.00445460216438356;0.00511487238356164;0.00576927102739726;0.00641894579452055;0.00706557594520548;0.00771111105479452;0.00835780794520548;0.00966501747945206;0.0103311373972603;0.0110093305479452;0.0117022024657534;0.0124121310958904;0.013141201369863;0.0138912508219178;0.0146636926027397;0.0154592621917808;0.0162781416438356;0.0171203016438356;0.0179854731506849;0.0188731580821918;0.0197827706849315;0.0207130139726027;0.0216631994520548;0.0226353549315069;0.0236314024657534;0.0246513747945205;0.0256978346575342;0.0267710931506849;0.0278690254794521;0.0289912589041096;0.0301343738356164;0.0312884239726027;0.0324531861643836;0.0336268852054795;0.0347924956164384;0.0359420121917808;0.0370835343835616;0.0382068912328767;0.0393048204109589;0.0403705191780822;0.0414078401369863;0.0424259482191781;0.0434201430136986;0.0443825876712329;0.0453094454794521;0.0462062547945206;0.0470706521917808;0.0478874669863014;0.0486641408219178;0.0494155694520548;0.0501352782191781;0.0508064319178082;0.051422601369863;0.0519732563013699;0.0524534154794521;0.0528459554794521;0.0531597260273973;0.0534043515068493;0.0535550135616438;0.0536206047945205;0.0535964882191781;0.0534964943835617;0.0533127731506849;0.0530429121917808;0.0527205649315069;0.0523428780821918;0.0519125187671233;0.051429472739726;0.0509113398630137;0.050354202739726;0.0497420421917808;0.0490591847945206;0.0483155142465753;0.0475377805479452;0.0467297449315068;0.0458314649315068;0.0448567090410959;0.0437751624657534;0.0426164953424658;0.0413997563013699;0.0401136809589041;0.0387310108219178;0.0372734901369863;0.035742047260274;0.0341365917808219;0.0324757887671233;0.0307548647945205;0.0289873234246575;0.0271726106849315;0.0252931550684931;0.0233036697260274;0.0212692071232877;0.0192104356164384;0.0171197061643836;0.0149868023287671;0.0128156246575342;0.0106222384931507;0.00841138636986302;0.0061796494109589;0.0039258381369863;0.00166278561643836;NaN;NaN;NaN;NaN;NaN;NaN;NaN
NaN;NaN;NaN;NaN;NaN;NaN;0.000310324687671233;0.00105130169863014;0.00178522367123288;0.00251176160273973;0.00323029773972603;0.00394092173972603;0.00464492910958904;0.00534393832876712;0.00603954482191781;0.0067336628630137;0.0074287425479452;0.00812751898630137;0.00883287439726027;0.010275221369863;0.0110180921917808;0.0117790968493151;0.012560505890411;0.0133640550684931;0.0141911757534247;0.0150429453424658;0.0159197420547945;0.0168213793150685;0.0177474397260274;0.0186975257534247;0.0196711415068493;0.0206669564383562;0.0216836091780822;0.0227225516438356;0.0237865109589041;0.0248755908219178;0.0259918378082192;0.0271368445205479;0.0283088423287671;0.0295072504109589;0.03072922;0.0319647860273973;0.0332118845205479;0.0344682682191781;0.0357191778082192;0.0369617090410959;0.0381925445205479;0.0393974060273972;0.0405745034246575;0.0417177264383562;0.0428307353424658;0.043922047260274;0.0449858291780822;0.0460187565753425;0.0470157693150685;0.0479783365753425;0.0489058069863014;0.0497858747945205;0.0506222504109589;0.0514320336986301;0.0522104491780822;0.0529396421917808;0.0536095379452055;0.054213774109589;0.0547410108219178;0.0551799206849315;0.0555356693150685;0.0558183754794521;0.0559988820547945;0.0560887253424658;0.056084528630137;0.055995727260274;0.0558166020547945;0.0555462297260274;0.0552197991780822;0.0548302731506849;0.054387737260274;0.0538852971232877;0.0533426061643836;0.0527584912328767;0.0521236826027397;0.0514122676712329;0.0506323178082192;0.0498061826027397;0.048961277260274;0.0480383175342466;0.0470239893150685;0.0459020146575343;0.0446974136986301;0.0434323084931507;0.0420944239726027;0.0406542593150685;0.0391378212328767;0.0375440383561644;0.0358687176712329;0.0341365031506849;0.0323475938356164;0.0305053467123288;0.0286061163013699;0.0266449608219178;0.0245734947945206;0.0224434308219178;0.0202900890410959;0.0181057545205479;0.0158784864383562;0.013611051369863;0.0113173956164384;0.00900317589041096;0.00666759765753425;0.00430930950684931;0.0019380018630137;NaN;NaN;NaN;NaN;NaN;NaN;NaN;NaN;NaN
NaN;NaN;NaN;NaN;NaN;NaN;0.000268334901369863;0.0010483962739726;0.00182090691780822;0.00258612032876712;0.00334401053424658;0.0040953477260274;0.00484238289041096;0.00558760121917808;0.00633335987671233;0.00708239135616438;0.00783785854794521;0.00860298606849315;0.00938091471232877;0.0109873095890411;0.011821325890411;0.0126788452054795;0.0135614917808219;0.0144702112328767;0.0154053393150685;0.0163668938356164;0.0173546236986301;0.0183679152054795;0.0194061002739726;0.0204682617808219;0.0215527417808219;0.0226597190410959;0.023792241369863;0.0249513671232877;0.026137942739726;0.0273551971232877;0.0286022868493151;0.0298782164383562;0.0311806231506849;0.0325000093150685;0.0338313994520548;0.035175507260274;0.0365167442465753;0.0378463673972603;0.0391653912328767;0.0404714901369863;0.04174372;0.0429694145205479;0.0441639602739726;0.0453351635616438;0.0464743165753425;0.0475833021917808;0.0486573615068493;0.0496920295890411;0.0506875347945205;0.0516375720547945;0.0525402456164384;0.0534126;0.0542548628767123;0.0550495934246575;0.05578074;0.0564464275342466;0.0570294045205479;0.0575253746575342;0.0579324994520548;0.0582614571232877;0.0584822483561644;0.058604382739726;0.0586309783561644;0.0585607643835616;0.0583945632876712;0.0581315864383562;0.0578043363013699;0.057408555890411;0.05696002;0.0564447683561644;0.0558799595890411;0.0552715673972603;0.054617751369863;0.0538876219178082;0.0530774456164384;0.0522103930136986;0.0513132182191781;0.0503774546575342;0.0493291093150685;0.048170194109589;0.0469252864383562;0.04561313;0.0442265323287671;0.0427325620547945;0.0411602732876712;0.0395061173972603;0.0377652890410959;0.0359617661643836;0.0341040857534247;0.0321904219178082;0.0302123593150685;0.0281661938356164;0.0260184646575342;0.0237934550684932;0.0215423935616438;0.0192621532876712;0.0169402187671233;0.0145758338356164;0.0121815171232877;0.0097639325890411;0.00732211016438356;0.00485723493150685;0.00237729419178082;NaN;NaN;NaN;NaN;NaN;NaN;NaN;NaN;NaN;NaN;NaN
NaN;NaN;NaN;NaN;NaN;NaN;0.000214716975342466;0.00103571891780822;0.00184974364383562;0.00265773908219178;0.00346050094520548;0.00425965264383562;0.00505828343835616;0.00585977573972603;0.00666727321917808;0.00748405949315068;0.00831359509589041;0.00915928710958904;0.0100242660273973;0.0118229563013699;0.0127610095890411;0.013726861369863;0.014721032739726;0.0157432369863014;0.0167930069863014;0.0178699423287671;0.0189734857534247;0.0201027601369863;0.0212560053424658;0.0224322568493151;0.0236340579452055;0.0248639253424658;0.0261217531506849;0.0274111964383562;0.0287335067123288;0.0300875901369863;0.0314715050684932;0.0328771624657534;0.034296037260274;0.0357296147945206;0.0371652901369863;0.03858952;0.0400017345205479;0.0414019412328767;0.0427711097260274;0.0441014284931507;0.0453941905479452;0.0466494590410959;0.0478704389041096;0.0490613819178082;0.0502192978082192;0.0513336080821918;0.0524031552054795;0.0534298098630137;0.0544062275342466;0.0553450565753425;0.056255994109589;0.0571227898630137;0.0579250687671233;0.0586584478082192;0.0593078336986301;0.0598697978082192;0.0603405439726027;0.0607243156164384;0.0609974934246575;0.0611610863013699;0.0612292704109589;0.0611889246575342;0.0610432915068493;0.060798068630137;0.060475347260274;0.0600780678082192;0.0596282058904109;0.0591108187671233;0.058526905890411;0.0578985742465753;0.0572260526027397;0.0564873180821918;0.05565461;0.0547545276712329;0.0538099982191781;0.0528465828767123;0.0517804936986301;0.0505864793150685;0.0493065682191781;0.0479511575342466;0.0465192165753425;0.0449771030136986;0.0433508543835616;0.0416399046575342;0.0398358401369863;0.037964021369863;0.0360374387671233;0.0340533197260274;0.0320036836986301;0.0298736764383562;0.0276512112328767;0.0253344783561644;0.0229839068493151;0.0206045335616438;0.0181874634246575;0.0157253878082192;0.0132294756164384;0.010708327260274;0.0081607585890411;0.00558617491780822;0.00299587883561644;0.00039409334109589;NaN;NaN;NaN;NaN;NaN;NaN;NaN;NaN;NaN;NaN;NaN;NaN
NaN;NaN;NaN;NaN;NaN;NaN;0.000150290802739726;0.00101597295890411;0.00187657091780822;0.00273397242465753;0.0035897221369863;0.00444624531506849;0.00530758267123288;0.0061778295479452;0.00706045980821918;0.00795899065753425;0.00887697479452055;0.00981764460273972;0.0107836480821918;0.0127998905479452;0.0138527034246575;0.0149356410958904;0.0160481931506849;0.0171895609589041;0.0183588728767123;0.0195555564383562;0.0207784932876712;0.0220256530136986;0.0232976435616438;0.0245983568493151;0.0259286790410959;0.0272903012328767;0.0286872884931507;0.0301192687671233;0.0315847619178082;0.0330778320547945;0.034587828630137;0.0361127547945206;0.0376466395890411;0.0391709191780822;0.0406812620547945;0.0421814964383562;0.0436563263013699;0.0450854319178082;0.0464770154794521;0.0478397331506849;0.0491612712328767;0.0504365079452055;0.0516840226027397;0.0528877389041096;0.0540388738356164;0.0551469601369863;0.0562061823287671;0.0572179546575342;0.058200968630137;0.0591443135616438;0.0600281646575343;0.0608361217808219;0.0615630197260274;0.0621984756164384;0.0627465452054795;0.0631954502739726;0.0635334769863014;0.0637510208219178;0.0638692605479452;0.0638743283561644;0.0637584184931507;0.0635401963013699;0.0632329784931507;0.062839348630137;0.0623892938356164;0.0618824116438356;0.0612867497260274;0.0606417357534247;0.0599536895890411;0.0592071116438356;0.0583676419178082;0.0574415287671233;0.0564592875342466;0.0554476660273973;0.054378805890411;0.0531599312328767;0.0518462289041096;0.0504532084931507;0.0489805582191781;0.0473964634246575;0.0457201591780822;0.043955054109589;0.0420918820547945;0.0401527675342466;0.0381593110958904;0.0361068357534247;0.0339874554794521;0.0317820209589041;0.0294848964383562;0.0270810630136986;0.0246302930136986;0.0221498446575342;0.0196349471232877;0.0170752245205479;0.0144768990410959;0.0118514319178082;0.00919817416438356;0.00651429679452055;0.00381011130136986;0.00109458993150685;NaN;NaN;NaN;NaN;NaN;NaN;NaN;NaN;NaN;NaN;NaN;NaN;NaN;NaN
NaN;NaN;NaN;NaN;NaN;NaN;7.87781602739726e-05;0.000995165483561644;0.00190990419178082;0.0028256974109589;0.00374494695890411;0.00467085038356164;0.00560794168493151;0.00656063891780822;0.00753262505479452;0.00852728478082192;0.00954780824657534;0.0105968530136986;0.0116763535616438;0.0139307332876712;0.0151055878082192;0.0163114598630137;0.017547425890411;0.018812295890411;0.0201051142465753;0.0214242591780822;0.0227685121917808;0.0241406061643836;0.0255436560273973;0.0269781383561644;0.0284488609589041;0.0299579938356164;0.0315044615068493;0.0330842324657534;0.0346872906849315;0.0363062823287671;0.0379399397260274;0.0395707519178082;0.0411854423287671;0.0427890269863014;0.0443751390410959;0.0459155626027397;0.0474133801369863;0.048876922739726;0.0502994608219178;0.0516832847945205;0.0530365045205479;0.054336135890411;0.0555786895890411;0.0567730283561644;0.0579230271232877;0.0590178550684931;0.0600759854794521;0.0611009815068493;0.0620722660273973;0.0629662089041096;0.0637770878082192;0.0644972043835616;0.0651317731506849;0.0656623632876712;0.0660750606849315;0.0663629156164384;0.0665398063013699;0.0666053116438356;0.0665351008219178;0.0663492873972603;0.0660731605479452;0.065692428630137;0.0652433187671233;0.0647507131506849;0.0641629708219178;0.0635012134246575;0.0628034219178082;0.0620478824657534;0.0612117406849315;0.060274287260274;0.0592620949315069;0.0582070689041096;0.0571176206849315;0.0558950463013699;0.0545517316438356;0.0531244247945205;0.0516165823287671;0.0499971509589041;0.0482770647945205;0.0464626523287671;0.0445420642465753;0.0425398076712329;0.0404793802739726;0.03836096;0.0361754208219178;0.0339006963013699;0.0315300256164384;0.0290478075342466;0.0264978339726027;0.0239141820547945;0.0212977994520548;0.0186412457534247;0.0159391802739726;0.0132082390410959;0.0104492728767123;0.00765693350684931;0.00483844280821918;0.00200565684931507;NaN;NaN;NaN;NaN;NaN;NaN;NaN;NaN;NaN;NaN;NaN;NaN;NaN;NaN;NaN;NaN
NaN;NaN;NaN;NaN;NaN;NaN;7.18343315068493e-06;0.000982627224657534;0.00196129902739726;0.00294687749315068;0.00394225645205479;0.00495088457534247;0.00597768805479452;0.00702715567123288;0.00810265128767123;0.00920708538356164;0.0103429935616438;0.0115121378082192;0.0127152252054795;0.0152218683561644;0.0165239963013699;0.0178572546575342;0.019220604109589;0.0206126150684932;0.0220308928767123;0.0234758483561644;0.0249518319178082;0.0264607401369863;0.0280043794520548;0.029588787260274;0.0312146950684931;0.0328796391780822;0.0345755116438356;0.0362918105479452;0.038024715890411;0.0397656475342466;0.041492472739726;0.0432051632876712;0.0449055205479452;0.046567872739726;0.0481791636986301;0.0497553516438356;0.05128783;0.0527724973972603;0.0542263076712329;0.0556485330136986;0.0570073857534247;0.0582922135616438;0.0595370021917808;0.0607280734246575;0.0618673883561644;0.0629766450684931;0.0640399265753425;0.0650323220547945;0.0659336821917808;0.0667487208219178;0.0674755593150685;0.0681064364383561;0.0686063573972603;0.0689795057534247;0.069229814109589;0.0693647582191781;0.0693631423287671;0.0692190065753425;0.0689840124657534;0.0686345353424657;0.0681917345205479;0.0677065161643836;0.067149874109589;0.0664797897260274;0.0657722412328767;0.0650148194520548;0.0641806802739726;0.0632483384931507;0.0622216002739726;0.0611311963013699;0.0600002326027397;0.0587869915068493;0.0574284152054795;0.0559716368493151;0.0544312398630137;0.0527835883561644;0.0510275131506849;0.0491708710958904;0.0471974876712329;0.0451337276712329;0.0430089410958904;0.0408242061643836;0.0385768093150685;0.0362382171232877;0.0337976971232877;0.0312467652054794;0.0286022465753425;0.02591456;0.0231924620547945;0.0204368568493151;0.0176334584931507;0.0147937230136986;0.0119288036986301;0.00902908678082192;0.00609670780821918;0.00314581243835616;0.000175339149315068;NaN;NaN;NaN;NaN;NaN;NaN;NaN;NaN;NaN;NaN;NaN;NaN;NaN;NaN;NaN;NaN;NaN
NaN;NaN;NaN;NaN;NaN;NaN;NaN;0.000990473169863014;0.00204515450684932;0.00311347412328767;0.0041985794109589;0.00530409494520548;0.00643478909589041;0.00759484090410959;0.008787061;0.0100135082191781;0.0112756291780822;0.0125737295890411;0.0139071615068493;0.0166762724657534;0.0181096219178082;0.0195741676712329;0.0210681209589041;0.0225890273972603;0.0241386042465753;0.0257218824657534;0.0273403439726027;0.0289984317808219;0.0307012016438356;0.0324483616438356;0.0342345924657534;0.0360491273972603;0.0378831419178082;0.0397326316438356;0.0415789382191781;0.0434069050684932;0.0452245936986301;0.0470160739726027;0.048754121369863;0.0504491978082192;0.0521021683561644;0.0537002317808219;0.0552603805479452;0.0567907693150685;0.0582680850684931;0.0596775410958904;0.0610328753424658;0.0623267798630137;0.0635602631506849;0.0647548957534246;0.065915528630137;0.0670102887671233;0.0680187123287671;0.0689320294520548;0.0697623850684932;0.0704997267123288;0.0711112104109589;0.0715783478082192;0.0719233120547945;0.0721374208219178;0.072221225890411;0.0721437790410959;0.0719509226027397;0.0716558815068493;0.0712332119178082;0.0707521587671233;0.0702268093150685;0.0695808957534247;0.0688587890410959;0.0681045130136986;0.0672759535616438;0.0663547961643836;0.0653326679452055;0.0642214023287671;0.0630537638356164;0.0618260887671233;0.0604769132876712;0.0589990295890411;0.0574304732876712;0.0557589457534247;0.0539739249315069;0.0520845421917808;0.0500690504109589;0.0479446410958904;0.0457561153424658;0.0435084589041096;0.041197768630137;0.0388032409589041;0.0362987016438356;0.03368724;0.0309553938356164;0.0281683164383562;0.0253373402739726;0.0224762347945205;0.0195738557534247;0.0166257815068493;0.0136505893150685;0.010644875890411;0.00760083483561644;0.00453136742465753;0.00144095967123288;NaN;NaN;NaN;NaN;NaN;NaN;NaN;NaN;NaN;NaN;NaN;NaN;NaN;NaN;NaN;NaN;NaN;NaN;NaN
NaN;NaN;NaN;NaN;NaN;NaN;NaN;0.00103314073972603;0.00217700236986301;0.00334191531506849;0.00453091095890411;0.00574721412328767;0.00699530278082192;0.0082786917260274;0.00959916612328767;0.0109574645205479;0.0123534730136986;0.0137864484931507;0.015255261369863;0.0182947557534247;0.0198633167123288;0.0214618816438356;0.0230887504109589;0.0247470476712329;0.0264413167123288;0.0281735309589041;0.0299506723287671;0.0317764404109589;0.0336488691780822;0.0355591354794521;0.0374961804109589;0.0394522060273973;0.0414187531506849;0.0433714415068493;0.0453094083561644;0.0472321364383562;0.0491105202739726;0.0509345776712329;0.0527182794520548;0.0544426739726027;0.0561160616438356;0.057760585890411;0.0593626295890411;0.0608935849315068;0.0623568921917808;0.0637797382191781;0.0651381334246575;0.0664222042465753;0.0676779571232877;0.0688828642465753;0.0700065890410959;0.0710313463013699;0.0719694908219178;0.0728216775342466;0.0735604461643836;0.074142012739726;0.0745920320547945;0.0749103021917808;0.0750839763013699;0.0751059590410959;0.0749674232876712;0.0747344732876712;0.0743619257534247;0.0738916650684931;0.0733808045205479;0.0727887178082192;0.0720676387671233;0.0713097068493151;0.0704970046575342;0.0695893587671233;0.0685831402739726;0.0674746130136986;0.0662824284931507;0.0650214282191781;0.0636837446575342;0.0622091631506849;0.0606184045205479;0.0589271432876712;0.057118535890411;0.0552052031506849;0.0531594263013699;0.0509857875342466;0.0487303652054795;0.0464215023287671;0.044048484109589;0.041600288630137;0.0390395989041096;0.0363729426027397;0.0335692479452055;0.0306865687671233;0.0277517938356164;0.0247781297260274;0.0217726476712329;0.0187202739726027;0.0156319197260274;0.0125173705479452;0.00936456668493151;0.00617827793150685;0.00296788845205479;NaN;NaN;NaN;NaN;NaN;NaN;NaN;NaN;NaN;NaN;NaN;NaN;NaN;NaN;NaN;NaN;NaN;NaN;NaN;NaN;NaN
NaN;NaN;NaN;NaN;NaN;NaN;NaN;0.00112569010958904;0.00237271120547945;0.00364819226027397;0.00495472395890411;0.00629501721917808;0.00767269363013699;0.00909018142465753;0.0105477290410959;0.0120445976712329;0.0135798908219178;0.0151523509589041;0.016760295890411;0.0200780365753425;0.0217842017808219;0.0235202031506849;0.0252907863013699;0.0271002075342466;0.0289507508219178;0.0308511802739726;0.0328044397260274;0.0348056210958904;0.0368432297260274;0.0389069950684931;0.0409884815068493;0.0430724075342466;0.0451373908219178;0.0471914747945205;0.049215625890411;0.0511852805479452;0.0531056969863014;0.0549739591780822;0.0567732680821918;0.0585355357534247;0.0602639669863014;0.0619318519178082;0.0635207104109589;0.0650521182191781;0.0665335645205479;0.0679502039726027;0.0693153026027397;0.0706303728767123;0.0718713767123288;0.0730247115068493;0.0740766034246575;0.0750509865753425;0.0759195680821918;0.0766491236986301;0.0772105349315068;0.0776545261643836;0.077936834109589;0.0780690123287671;0.0780267049315068;0.077850402739726;0.0775582836986301;0.0771215420547945;0.0766198356164384;0.0760720412328767;0.0753964089041096;0.0746318501369863;0.0738321779452055;0.0729498549315069;0.0719650301369863;0.070875658630137;0.0696824176712329;0.0684018552054795;0.0670409087671233;0.0655898916438356;0.0639973946575342;0.0622918646575342;0.0604636276712329;0.0585324038356164;0.0564690346575342;0.0542607150684932;0.0519459846575342;0.049571758630137;0.0471371753424658;0.0446350845205479;0.0420279868493151;0.0393040679452055;0.0364546997260274;0.0334793152054795;0.030448812739726;0.0273636167123288;0.0242462491780822;0.0210895421917808;0.0178903698630137;0.0146617263013699;0.0114006657534247;0.00810073673972603;0.00477144765753425;0.00141125002739726;NaN;NaN;NaN;NaN;NaN;NaN;NaN;NaN;NaN;NaN;NaN;NaN;NaN;NaN;NaN;NaN;NaN;NaN;NaN;NaN;NaN;NaN
NaN;NaN;NaN;NaN;NaN;NaN;NaN;0.00128325489041096;0.00264716184931507;0.00404666557534247;0.00548356401369863;0.00695944675342466;0.00847668887671233;0.0100361676712329;0.0116368394520548;0.0132773032876712;0.0149560484931507;0.016671577260274;0.018422782739726;0.0220250638356164;0.0238735756164384;0.0257598445205479;0.0276879921917808;0.029661631369863;0.0316897816438356;0.0337746501369863;0.0359078652054795;0.0380770657534247;0.0402716520547945;0.0424810850684932;0.0446847460273973;0.0468701643835616;0.0490412471232877;0.0511673694520548;0.0532376375342466;0.0552572921917808;0.0572071420547945;0.0590942482191781;0.0609524197260274;0.0627603804109589;0.0644936067123288;0.0661489453424658;0.0677539308219178;0.0692965435616438;0.0707723587671233;0.0722156208219178;0.0736024532876712;0.0748796475342466;0.0760665943835616;0.0771598578082192;0.078170542739726;0.0790501864383562;0.0797669387671233;0.0803300415068493;0.0807608708219178;0.0810045909589041;0.0810938038356164;0.0809999730136986;0.080788918630137;0.0804288073972603;0.0799487226027397;0.0794213893150685;0.0788154969863014;0.0780738442465753;0.0772766289041096;0.0764258443835616;0.0754705605479452;0.074411908630137;0.0732398949315069;0.0719595460273973;0.070576071369863;0.0691271579452055;0.0675569108219178;0.0658527542465753;0.0640158136986301;0.0620645609589041;0.0599953006849315;0.0577687116438356;0.0554094160273973;0.0529711108219178;0.0504743545205479;0.0479138109589041;0.0452655973972603;0.0424915302739726;0.0396063528767123;0.0365601934246575;0.0334354836986301;0.0302489224657534;0.0270159528767123;0.0237485479452055;0.0204394415068493;0.0170960683561644;0.0137222453424658;0.0103110163013699;0.00686497278082192;0.00338646280821918;NaN;NaN;NaN;NaN;NaN;NaN;NaN;NaN;NaN;NaN;NaN;NaN;NaN;NaN;NaN;NaN;NaN;NaN;NaN;NaN;NaN;NaN;NaN;NaN
NaN;NaN;NaN;NaN;NaN;NaN;6.4509014109589e-05;0.0015196495890411;0.00301370069863014;0.004549597;0.0061278782739726;0.00774855287671233;0.00941250783561644;0.0111195636986301;0.0128680446575342;0.0146559142465753;0.016481802739726;0.0183447957534247;0.0202432106849315;0.0241386176712329;0.0261440493150685;0.0281943054794521;0.0302949898630137;0.0324555830136986;0.0346758524657534;0.036944547260274;0.0392500173972603;0.0415794710958904;0.0439194939726027;0.0462477143835616;0.0485602291780822;0.0508480149315068;0.0530821102739726;0.0552608887671233;0.0573781783561644;0.0594142376712329;0.0614021097260274;0.0633558671232877;0.0652419432876712;0.0670451084931507;0.0687760158904109;0.0704540779452055;0.0720620305479452;0.0736112498630137;0.0751239667123288;0.0765665069863014;0.0779072426027397;0.0791377984931507;0.0802787897260274;0.0813204404109589;0.0822106484931507;0.0829240461643836;0.08350099;0.0839065190410959;0.0841184752054795;0.0841648145205479;0.0840343969863014;0.0837783075342466;0.0833599128767123;0.0828499746575342;0.082292035890411;0.081619025890411;0.0808343350684931;0.0800034290410959;0.0790914698630137;0.0780701567123288;0.0769357171232877;0.0756809843835616;0.0743030457534247;0.0728225135616438;0.071282747260274;0.0695976243835617;0.0677755321917808;0.0658068479452055;0.0637336312328767;0.061505177260274;0.0591210956164384;0.0566277650684931;0.0540706402739726;0.0514477326027397;0.0487537524657534;0.0459426960273973;0.0430111083561644;0.0399351332876712;0.0367211863013699;0.0334429128767123;0.0301002132876712;0.0267168049315069;0.0232945776712329;0.0198358654794521;0.0163458869863014;0.0128219915068493;0.00926062082191781;0.00566578857534247;0.00203072293150685;NaN;NaN;NaN;NaN;NaN;NaN;NaN;NaN;NaN;NaN;NaN;NaN;NaN;NaN;NaN;NaN;NaN;NaN;NaN;NaN;NaN;NaN;NaN;NaN;NaN
NaN;NaN;NaN;NaN;NaN;NaN;0.000256141716438356;0.00184724956164384;0.00348334006849315;0.00516609046575342;0.00689428006849315;0.00866634768493151;0.0104822620547945;0.0123412643835616;0.0142412065753425;0.0161804232876712;0.0181580564383562;0.0201725478082192;0.0222208221917808;0.0264328678082192;0.0286087005479452;0.0308399936986301;0.0331368982191781;0.0354965991780822;0.0379049478082192;0.040350955890411;0.0428193105479452;0.0452937016438356;0.0477528609589041;0.0501963023287671;0.0526033706849315;0.0549538790410959;0.0572449710958904;0.0594598523287671;0.0615927556164384;0.0636893021917808;0.0657361846575343;0.0677031891780822;0.0695831665753425;0.0713958689041096;0.0731475768493151;0.0748274067123288;0.076457938630137;0.0780395661643836;0.0795304664383562;0.0809317090410959;0.0822397671232877;0.0834286446575342;0.0844959091780822;0.0854018723287671;0.0861291265753425;0.0867174332876712;0.0870923490410959;0.0872829556164384;0.0872909443835616;0.0871298315068493;0.0868232183561644;0.0863607321917808;0.0858283571232877;0.0852271897260274;0.084498882739726;0.0836814556164383;0.0828122016438356;0.0818376746575342;0.0807539982191781;0.0795427538356164;0.0782005876712329;0.076716788630137;0.0751596998630137;0.0735160750684932;0.071722338630137;0.0697667334246575;0.0676830412328767;0.0654638243835616;0.0630747645205479;0.0605445320547945;0.0579318928767123;0.0552504536986301;0.0525000719178082;0.0496569331506849;0.0466818073972603;0.0435897426027397;0.040316697260274;0.0369500879452055;0.0335107931506849;0.0300136338356164;0.0264742268493151;0.0228964943835617;0.0192891649315068;0.0156476395890411;0.0119714482191781;0.00825995169863014;0.00451029454794521;0.000714643805479452;NaN;NaN;NaN;NaN;NaN;NaN;NaN;NaN;NaN;NaN;NaN;NaN;NaN;NaN;NaN;NaN;NaN;NaN;NaN;NaN;NaN;NaN;NaN;NaN;NaN;NaN
NaN;NaN;NaN;NaN;NaN;NaN;0.00053734382739726;0.00227587443835616;0.00406392731506849;0.00590150021917808;0.00778578920547945;0.00971422652054794;0.0116862119178082;0.0137008357534247;0.0157564245205479;0.0178517783561644;0.0199853826027397;0.0221543397260274;0.0243614336986301;0.0289201504109589;0.0312854946575342;0.0337221978082192;0.0362245431506849;0.0387774530136986;0.0413685817808219;0.0439798376712329;0.0465933476712329;0.0491901536986301;0.0517676361643836;0.0542995353424658;0.0567741908219178;0.0591794382191781;0.06149618;0.0637375295890411;0.0659452879452055;0.0680853698630137;0.0701386512328767;0.0721027776712329;0.0740010809589041;0.0758298276712329;0.0775897341095891;0.0793030564383561;0.0809521436986301;0.0825019960273973;0.0839645665753425;0.0853423795890411;0.0866033856164384;0.0876986234246575;0.088627271369863;0.0893811342465753;0.0899742867123288;0.0903239687671233;0.0905011326027397;0.0904771657534247;0.0902863791780822;0.0899311949315068;0.0894370020547945;0.0888807545205479;0.0882334164383562;0.0874626489041096;0.0866188739726027;0.085702937260274;0.0846741389041096;0.0835249097260274;0.0822383634246575;0.0807967338356164;0.0792192305479452;0.0775895815068493;0.0758395728767123;0.0739293987671233;0.0718471283561644;0.06963909;0.0672618804109589;0.0647191734246575;0.0620587517808219;0.0593282219178082;0.0565204635616438;0.0536343315068493;0.0506298447945205;0.047501084109589;0.0442179597260274;0.0407766890410959;0.0372524312328767;0.0336520747945205;0.0299973390410959;0.0262985824657534;0.0225667494520548;0.0188074780821918;0.0150112556164384;0.0111817590410959;0.0073175055890411;0.00340748060273973;NaN;NaN;NaN;NaN;NaN;NaN;NaN;NaN;NaN;NaN;NaN;NaN;NaN;NaN;NaN;NaN;NaN;NaN;NaN;NaN;NaN;NaN;NaN;NaN;NaN;NaN;NaN;NaN
NaN;NaN;NaN;NaN;NaN;NaN;0.000916896250684932;0.00281229421917808;0.00475986324657534;0.00675814591780822;0.0088033075890411;0.0108920884931507;0.0130239636986301;0.01519859;0.0174148554794521;0.0196708642465753;0.0219638287671233;0.0242972049315069;0.0266802187671233;0.0316200828767123;0.0341996897260274;0.0368480404109589;0.039549732739726;0.0422909347945206;0.0450499510958904;0.0478080363013699;0.0505485609589041;0.053264125890411;0.0559286036986301;0.0585329939726027;0.0610549097260274;0.0634816368493151;0.0658410293150685;0.0681604287671233;0.0703968817808219;0.0725424750684932;0.0745974426027397;0.0765847534246575;0.0784963076712329;0.0803434769863014;0.0821388824657534;0.0838564931506849;0.0854752305479452;0.087013221369863;0.0884516479452055;0.0897708545205479;0.0909295836986302;0.0918927176712329;0.0926748905479452;0.0932691878082192;0.0936071475342466;0.0937758638356164;0.0937250973972603;0.0935062079452055;0.0931091812328767;0.0925919316438356;0.0920056643835616;0.0913192050684932;0.0905152623287671;0.0896470442465753;0.088682054520548;0.0876045979452055;0.0863883216438356;0.0850238628767123;0.0834767316438356;0.0818232016438356;0.0801139179452055;0.0782619361643836;0.0762230387671233;0.0740260467123288;0.0716750410958904;0.0691408532876712;0.0664539480821918;0.0636765794520548;0.0608236398630137;0.0578876228767123;0.054853437260274;0.0516873395890411;0.048402592739726;0.0449228838356164;0.0413259175342466;0.0376378264383562;0.0338771680821918;0.0300605106849315;0.026201208630137;0.0223158054794521;0.0183991210958904;0.0144469634246575;0.0104628242465753;0.0064408898630137;0.00236839046575342;NaN;NaN;NaN;NaN;NaN;NaN;NaN;NaN;NaN;NaN;NaN;NaN;NaN;NaN;NaN;NaN;NaN;NaN;NaN;NaN;NaN;NaN;NaN;NaN;NaN;NaN;NaN;NaN;NaN
NaN;NaN;NaN;NaN;NaN;NaN;0.00140062206849315;0.00346013512328767;0.0055728657260274;0.00773647912328767;0.00994646728767123;0.0121995856164384;0.0144958794520548;0.0168358312328767;0.0192176735616438;0.0216382031506849;0.0241009791780822;0.0266160815068493;0.0291888739726027;0.0345573012328767;0.037355127260274;0.0402097001369863;0.0431053179452055;0.0460176960273973;0.0489266573972603;0.051816414109589;0.0546756563013699;0.0574808952054795;0.060219894109589;0.0628629605479452;0.0654090916438356;0.0678934263013699;0.0703257964383562;0.0726643352054794;0.0749080990410959;0.0770598857534247;0.0791401138356164;0.0811413290410959;0.0830809264383561;0.0849586249315068;0.0867498461643836;0.0884465050684932;0.0900666069863014;0.0915721783561644;0.0929420363013699;0.094159962739726;0.0951971343835616;0.0960086745205479;0.0966027416438356;0.096944352739726;0.0971087030136986;0.0970365494520548;0.0967918143835616;0.0963620505479452;0.0958249604109589;0.0952076415068493;0.0944885241095891;0.0936614109589041;0.0927650430136986;0.0917573949315068;0.0906301805479452;0.0893500682191781;0.0878982983561644;0.0862568960273973;0.0845350228767123;0.0827426783561644;0.0807829152054794;0.0786200504109589;0.0763012220547945;0.0737990952054795;0.0711134680821918;0.06829578;0.0654040864383562;0.062427511369863;0.0593565179452055;0.0561650232876712;0.052845465890411;0.0493760134246575;0.0457266215068493;0.0419709750684931;0.0381185190410959;0.034195137260274;0.0302133042465753;0.0261937564383562;0.0221520491780822;0.0180740656164384;0.013964592739726;0.00982353242465753;0.00563954560273973;0.00140396269863014;NaN;NaN;NaN;NaN;NaN;NaN;NaN;NaN;NaN;NaN;NaN;NaN;NaN;NaN;NaN;NaN;NaN;NaN;NaN;NaN;NaN;NaN;NaN;NaN;NaN;NaN;NaN;NaN;NaN;NaN
NaN;NaN;NaN;NaN;NaN;NaN;0.00199155631506849;0.0042206485890411;0.00650308491780822;0.00883603821917808;0.0112150160273973;0.0136371271232877;0.0161034873972603;0.0186141646575342;0.0211658853424658;0.0237613997260274;0.0264113891780822;0.0291226928767123;0.0319088738356164;0.037733437260274;0.0407450671232877;0.0437995035616438;0.0468705104109589;0.0499369838356164;0.0529821369863014;0.0559916569863014;0.0589455016438356;0.0618241775342466;0.0645954708219178;0.0672703024657534;0.0698842475342466;0.072432857260274;0.0748804356164384;0.077228404109589;0.0794825036986301;0.0816605047945205;0.0837579065753425;0.0857933634246575;0.0877559668493151;0.0896283394520548;0.091412661369863;0.0931156257534247;0.0946931591780822;0.0961260432876712;0.0974033532876712;0.0985051449315068;0.0993791309589041;0.0999810428767123;0.100335176712329;0.100499149315068;0.100413690410959;0.100145863013699;0.0996924173972603;0.0991350097260274;0.0984921476712329;0.0977447834246575;0.096902604109589;0.0959752342465753;0.0949325460273973;0.0937546636986301;0.0924126824657534;0.0908665857534247;0.0891479302739726;0.0873611649315068;0.0854843576712329;0.0834056683561644;0.0811275784931507;0.0786757260273973;0.0760224028767123;0.073192904109589;0.0702569117808219;0.067247674109589;0.0641468904109589;0.0609321083561644;0.0575818093150685;0.0541110760273973;0.0504445428767123;0.0466407494520548;0.0427209206849315;0.0387051538356164;0.0346155671232877;0.0304663742465753;0.0262870017808219;0.022083941369863;0.0178428290410959;0.0135738171232877;0.00927190443835616;0.00492449526027397;0.000524045209589041;NaN;NaN;NaN;NaN;NaN;NaN;NaN;NaN;NaN;NaN;NaN;NaN;NaN;NaN;NaN;NaN;NaN;NaN;NaN;NaN;NaN;NaN;NaN;NaN;NaN;NaN;NaN;NaN;NaN;NaN;NaN
NaN;NaN;NaN;NaN;NaN;0.00034237955890411;0.00269057557534247;0.00509378612328767;0.0075500231369863;0.0100566260273973;0.0126093863013699;0.0152064838356164;0.0178489053424658;0.0205349747945205;0.0232666779452055;0.0260545423287671;0.0289070179452055;0.0318385454794521;0.0348632895890411;0.0411430430136986;0.0443610961643836;0.0475960145205479;0.0508261304109589;0.0540334052054795;0.0572011247945205;0.0603108952054795;0.0633350484931507;0.0662433557534247;0.0690559526027397;0.0718034906849315;0.0744731743835616;0.0770370335616438;0.0794956316438356;0.0818575706849315;0.0841389565753425;0.0863384069863014;0.0884724024657534;0.0905245530136986;0.0924867109589041;0.0943676869863014;0.0961540971232877;0.097808027260274;0.0993145480821918;0.100668178082192;0.101827757534247;0.102750101369863;0.103406434246575;0.103782124657534;0.103946621917808;0.103856550684932;0.103571538356164;0.10310051369863;0.102523478082192;0.101861130136986;0.101092364383562;0.100238149315068;0.099282028630137;0.0982079379452055;0.0969827619178082;0.0955768057534247;0.0939401143835616;0.0921545667123288;0.0903068987671233;0.0883406531506849;0.0861417306849315;0.0837473795890411;0.0811567775342466;0.0783556480821918;0.0753926968493151;0.0723439178082192;0.0692159502739726;0.0659871389041096;0.0626221609589041;0.0591179412328767;0.055471258630137;0.0516295876712329;0.0476718854794521;0.0435869990410959;0.0394071335616438;0.0351484220547945;0.0308308783561644;0.0264902697260274;0.0221210739726027;0.0177156408219178;0.0132835950684932;0.00881679832876712;0.00430627402739726;NaN;NaN;NaN;NaN;NaN;NaN;NaN;NaN;NaN;NaN;NaN;NaN;NaN;NaN;NaN;NaN;NaN;NaN;NaN;NaN;NaN;NaN;NaN;NaN;NaN;NaN;NaN;NaN;NaN;NaN;NaN;NaN;NaN
NaN;NaN;NaN;NaN;NaN;0.000970700484931507;0.00349753661643836;0.00607907883561644;0.00871353569863014;0.0113987445205479;0.0141315961643836;0.0169103501369863;0.0197338219178082;0.0226047168493151;0.0255335117808219;0.0285299546575342;0.0316087289041096;0.0347862708219178;0.0380526701369863;0.0447770253424658;0.0481815984931507;0.051581328630137;0.0549572393150685;0.0582915224657534;0.0615651038356165;0.0647418483561644;0.067796312739726;0.0707552468493151;0.0736412989041096;0.0764382995890411;0.0791253117808219;0.0817013232876712;0.0841770863013699;0.0865677615068493;0.0888745683561644;0.0911102715068493;0.0932577116438356;0.0953187865753425;0.0973030267123288;0.0991754450684932;0.100912732876712;0.102502517808219;0.103942447945205;0.105172556164384;0.106136778082192;0.106842771232877;0.107283984931507;0.107454995890411;0.107364236986301;0.107069828767123;0.106586093150685;0.105993156164384;0.105314830136986;0.10453364109589;0.103668276712329;0.102688561643836;0.101584553424658;0.100317421917808;0.0988448438356165;0.0971289230136986;0.0952814720547945;0.0933769967123288;0.0913125816438356;0.08899952;0.0864833735616438;0.0837530150684932;0.0808095678082192;0.0777247575342466;0.0745623310958904;0.0713166361643836;0.0679537335616438;0.0644373110958904;0.0607854739726027;0.0569401679452055;0.0529436047945205;0.0488277008219178;0.0445797995890411;0.0402340601369863;0.0358036638356164;0.0313179519178082;0.0268125405479452;0.0222738165753425;0.0177022261643836;0.0131024860273973;0.00846829371232877;0.00379474357534247;NaN;NaN;NaN;NaN;NaN;NaN;NaN;NaN;NaN;NaN;NaN;NaN;NaN;NaN;NaN;NaN;NaN;NaN;NaN;NaN;NaN;NaN;NaN;NaN;NaN;NaN;NaN;NaN;NaN;NaN;NaN;NaN;NaN;NaN
NaN;NaN;NaN;NaN;NaN;0.00170218408219178;0.004411994;0.00717636705479452;0.00999416856164384;0.0128645450684932;0.0157848531506849;0.0187506198630137;0.0217637016438356;0.0248360056164384;0.0279791845205479;0.031207234109589;0.0345389765753425;0.037967278630137;0.0414737424657534;0.0486139326027397;0.0521895330136986;0.0557406968493151;0.0592493532876712;0.0626951039726028;0.0660334469863014;0.0692434926027398;0.0723567160273973;0.0753873216438356;0.0783190843835616;0.0811363356164383;0.0838365497260274;0.086432491369863;0.0889387882191781;0.0913576797260274;0.0936992194520548;0.0959484708219178;0.0981171779452055;0.100209471232877;0.102172567123288;0.104001671232877;0.105685763013699;0.107217639726027;0.108527542465753;0.109550728767123;0.110305968493151;0.11080027260274;0.11102472739726;0.110940389041096;0.110639893150685;0.110148275342466;0.109545712328767;0.108854524657534;0.108068349315068;0.107193620547945;0.106196012328767;0.105065046575342;0.103759926027397;0.102221845205479;0.100438495890411;0.0985343819178082;0.0965756228767123;0.0944057517808219;0.0919839715068493;0.089342008630137;0.0864732284931507;0.0833958923287671;0.0801966590410959;0.0769191983561644;0.0735548849315069;0.0700534490410959;0.0663891421917808;0.062578092739726;0.0585408680821918;0.0543939326027397;0.0501175868493151;0.0457085963013699;0.0411957757534247;0.0365916843835616;0.0319377423287671;0.0272629238356164;0.0225526584931507;0.0178118569863014;0.0130391954794521;0.00823674602739726;0.0033987484109589;NaN;NaN;NaN;NaN;NaN;NaN;NaN;NaN;NaN;NaN;NaN;NaN;NaN;NaN;NaN;NaN;NaN;NaN;NaN;NaN;NaN;NaN;NaN;NaN;NaN;NaN;NaN;NaN;NaN;NaN;NaN;NaN;NaN;NaN;NaN
NaN;NaN;NaN;NaN;NaN;0.0025363902739726;0.00543378306849315;0.0083862667260274;0.0113941660273973;0.0144577271232877;0.0175713387671233;0.0207316847945205;0.0239500947945205;0.0272421321917808;0.0306215004109589;0.0341087401369863;0.0377008916438356;0.0413790195890411;0.0451171679452055;0.0526370938356164;0.0563705678082192;0.060061105890411;0.0636870535616438;0.067197305890411;0.0705732054794521;0.0738485420547945;0.0770304415068493;0.0801054297260274;0.0830605339726028;0.0858921712328767;0.0886145495890411;0.0912431008219178;0.0937789305479452;0.0962310782191781;0.0985891243835616;0.100873446575342;0.103077801369863;0.105138079452055;0.107067690410959;0.10885774109589;0.110486897260274;0.11188501369863;0.112981460273973;0.113806730136986;0.114347457534247;0.114614168493151;0.11458482739726;0.11428525890411;0.11378617260274;0.113179976712329;0.112481712328767;0.111695430136986;0.110814076712329;0.109803934246575;0.108652076712329;0.107312261643836;0.105713442465753;0.103872089041096;0.101919434246575;0.0999039930136986;0.0976276606849315;0.0950983276712329;0.0923299238356164;0.0893252450684931;0.0861249994520548;0.082813887260274;0.0794221056164384;0.0759358705479452;0.0722952897260274;0.0684902847945206;0.0644924198630137;0.0602876126027397;0.055987438630137;0.0515510861643836;0.0469824083561644;0.0423019649315069;0.0375233349315068;0.0326997976712329;0.0278513073972603;0.022968134109589;0.0180536968493151;0.0131033824657534;0.00813206530136986;0.00312709283561644;NaN;NaN;NaN;NaN;NaN;NaN;NaN;NaN;NaN;NaN;NaN;NaN;NaN;NaN;NaN;NaN;NaN;NaN;NaN;NaN;NaN;NaN;NaN;NaN;NaN;NaN;NaN;NaN;NaN;NaN;NaN;NaN;NaN;NaN;NaN;NaN
NaN;NaN;NaN;NaN;0.000439414436986301;0.00347316419178082;0.00656349193150685;0.00971106230136986;0.0129176110958904;0.0161808246575342;0.019494425890411;0.0228638832876712;0.0263067004109589;0.029838892739726;0.0334827697260274;0.0372404001369863;0.0410925179452055;0.0450128695890411;0.0489622987671233;0.0568329194520548;0.0607131265753425;0.0645272689041096;0.068219654520548;0.0717722847945205;0.0752187682191781;0.0785595763013699;0.0817862361643835;0.0848874924657534;0.0878586895890411;0.0907140709589041;0.0934713039726027;0.096129275890411;0.0986975556164384;0.101171226027397;0.103578354794521;0.105899069863014;0.108064193150685;0.110102739726027;0.112009667123288;0.113742267123288;0.115239382191781;0.116421987671233;0.117332401369863;0.117937334246575;0.118241957534247;0.118252989041096;0.11800557260274;0.117504478082192;0.116893947945205;0.1161954;0.115413873972603;0.114529304109589;0.113511452054795;0.112346328767123;0.110977417808219;0.109324620547945;0.107432647945205;0.105441105479452;0.103363936986301;0.100985110958904;0.0983482224657534;0.0954537698630137;0.0923177980821918;0.0890057552054794;0.085582095890411;0.0820774139726028;0.078465097260274;0.0746878967123288;0.0707466405479452;0.0665502454794521;0.0621899517808219;0.0577320235616438;0.053136667260274;0.048410214109589;0.0435618315068493;0.0386094432876712;0.0336132005479452;0.0285880008219178;0.0235302320547945;0.0184369263013699;0.0133054119178082;0.0081635664520548;0.00298868665753425;NaN;NaN;NaN;NaN;NaN;NaN;NaN;NaN;NaN;NaN;NaN;NaN;NaN;NaN;NaN;NaN;NaN;NaN;NaN;NaN;NaN;NaN;NaN;NaN;NaN;NaN;NaN;NaN;NaN;NaN;NaN;NaN;NaN;NaN;NaN;NaN;NaN
NaN;NaN;NaN;NaN;0.00128142010958904;0.00451311510958904;0.0078035612739726;0.0111550409589041;0.0145674367123288;0.0180364334246575;0.0215630295890411;0.0251607994520548;0.0288473805479452;0.0326482610958904;0.0365723721917808;0.0406004216438356;0.0447063982191781;0.048848707260274;0.0529926671232877;0.0611910919178082;0.065201635890411;0.0690867763013699;0.072826238630137;0.0764539741095891;0.0799631150684931;0.0833502716438356;0.0866058463013699;0.0897256268493151;0.0927212980821918;0.0956139153424658;0.0983993216438356;0.101089742465753;0.103685932876712;0.106222015068493;0.1086642;0.110942864383562;0.113097715068493;0.115131760273973;0.11697447260274;0.118583136986301;0.119866853424658;0.120874384931507;0.12155758630137;0.121920965753425;0.121964732876712;0.121753701369863;0.121303398630137;0.120692050684932;0.119993068493151;0.119220794520548;0.118338087671233;0.117318301369863;0.116147089041096;0.11475705890411;0.11305918630137;0.111123679452055;0.109101575342466;0.106957775342466;0.104482989041096;0.101739409589041;0.0987201453424658;0.0954601509589041;0.0920438379452055;0.0885080053424658;0.0848904423287671;0.0811494006849315;0.0772408697260274;0.0731512965753425;0.0687692157534247;0.0642552865753425;0.059636507260274;0.0548822536986301;0.0499999312328767;0.0449846319178082;0.0398600016438356;0.0346873834246575;0.0294831761643836;0.0242484694520548;0.0189711869863014;0.0136558483561644;0.00834012163013699;0.00299240764383562;NaN;NaN;NaN;NaN;NaN;NaN;NaN;NaN;NaN;NaN;NaN;NaN;NaN;NaN;NaN;NaN;NaN;NaN;NaN;NaN;NaN;NaN;NaN;NaN;NaN;NaN;NaN;NaN;NaN;NaN;NaN;NaN;NaN;NaN;NaN;NaN;NaN;NaN
NaN;NaN;NaN;NaN;0.00222171015068493;0.00565859935616438;0.00915817609589041;0.0127215780821918;0.0163458979452055;0.0200318104109589;0.0237898591780822;0.0276349691780822;0.03159323;0.035683282739726;0.0398885852054795;0.0441831306849315;0.0485231543835616;0.0528700193150685;0.0571949961643836;0.0656954342465753;0.0697840876712329;0.0737208594520548;0.0775395734246575;0.0812279489041096;0.0847855478082192;0.0882041815068493;0.0914815446575342;0.0946255260273973;0.0976609721917808;0.100579791780822;0.103398026027397;0.106123578082192;0.108794136986301;0.111363676712329;0.113765252054795;0.116043332876712;0.118212949315068;0.120173817808219;0.121906276712329;0.123308268493151;0.124425179452055;0.125200657534247;0.125637760273973;0.12573437260274;0.125551353424658;0.125133094520548;0.124574543835616;0.123878135616438;0.123112542465753;0.122236875342466;0.121223610958904;0.120054069863014;0.118651375342466;0.116918589041096;0.114948716438356;0.112901873972603;0.11068881369863;0.108125021917808;0.10527688630137;0.102135384931507;0.0987607730136986;0.0952438208219178;0.0915980289041096;0.0878662547945205;0.0839962321917808;0.0799620767123288;0.0757044235616438;0.0711599743835616;0.0664916583561644;0.0617096271232877;0.0567956868493151;0.0517591869863014;0.046579408630137;0.0412848050684932;0.0359324215068493;0.030546858630137;0.0251321050684931;0.0196668365753425;0.0141651964383562;0.00867089354794521;0.00314721920547945;NaN;NaN;NaN;NaN;NaN;NaN;NaN;NaN;NaN;NaN;NaN;NaN;NaN;NaN;NaN;NaN;NaN;NaN;NaN;NaN;NaN;NaN;NaN;NaN;NaN;NaN;NaN;NaN;NaN;NaN;NaN;NaN;NaN;NaN;NaN;NaN;NaN;NaN;NaN
NaN;NaN;NaN;NaN;0.00326259716438356;0.00691371032876712;0.010631152739726;0.0144130116438356;0.0182584498630137;0.0221782134246575;0.0261872210958904;0.0303059365753425;0.034560527260274;0.0389428867123288;0.0434281195890411;0.0479703431506849;0.0525261953424657;0.0570630564383562;0.0615622704109589;0.0702963443835616;0.0744414368493151;0.078461084109589;0.0823396963013699;0.0860785631506849;0.0896707083561644;0.0931147420547945;0.0964151953424658;0.0996016909589041;0.102661168493151;0.10561297260274;0.108473883561644;0.111284020547945;0.113987739726027;0.116521683561644;0.118930310958904;0.121241515068493;0.123330657534247;0.125197190410959;0.126735883561644;0.127975131506849;0.128860768493151;0.129383623287671;0.129548902739726;0.129414160273973;0.129016973972603;0.128489060273973;0.127849553424658;0.127092163013699;0.126221632876712;0.125223745205479;0.124066430136986;0.122660552054795;0.120902739726027;0.118909471232877;0.116842352054795;0.114561835616438;0.111915039726027;0.108964971232877;0.105706131506849;0.102226095890411;0.098610244109589;0.0948581767123288;0.0910098968493151;0.0870135910958904;0.0828538826027397;0.0784211590410959;0.0737301694520548;0.0689069546575342;0.0639603879452055;0.0588849889041096;0.0536950017808219;0.0483549775342466;0.0428926817808219;0.0373586375342466;0.0317889846575342;0.0261903795890411;0.0205344568493151;0.0148440745205479;0.00916537269863014;0.00346218849315068;NaN;NaN;NaN;NaN;NaN;NaN;NaN;NaN;NaN;NaN;NaN;NaN;NaN;NaN;NaN;NaN;NaN;NaN;NaN;NaN;NaN;NaN;NaN;NaN;NaN;NaN;NaN;NaN;NaN;NaN;NaN;NaN;NaN;NaN;NaN;NaN;NaN;NaN;NaN;NaN
NaN;NaN;NaN;0.000601755249315068;0.00440792542465753;0.00828260138356164;0.01222529;0.0162331261643836;0.0203145182191781;0.0244881979452055;0.0287719515068493;0.0331918767123288;0.0377503105479452;0.0424263636986301;0.0471742516438356;0.0519450468493151;0.0567011143835617;0.0614227135616438;0.0660774030136986;0.0749726920547945;0.0792034517808219;0.0832839061643836;0.0872146532876712;0.0909920656164384;0.0946128602739726;0.0980788649315069;0.101424204109589;0.104632789041096;0.107724856164384;0.110726780821918;0.113680453424658;0.116525895890411;0.119201615068493;0.121749187671233;0.124205116438356;0.126435143835616;0.128443368493151;0.130137215068493;0.131512916438356;0.132528965753425;0.133151691780822;0.133400854794521;0.133328383561644;0.132972305479452;0.132460857534247;0.131851073972603;0.131157810958904;0.130295778082192;0.129313831506849;0.128180409589041;0.126783532876712;0.125011810958904;0.123005420547945;0.120922723287671;0.118581150684932;0.115857404109589;0.112807812328767;0.109438798630137;0.105860846575342;0.102147842465753;0.0982932612328767;0.0943271136986301;0.0902083004109589;0.085918914109589;0.0813152052054795;0.0764857130136986;0.0715091569863014;0.0663972747945205;0.0611582015068493;0.0558137090410959;0.0503185460273973;0.0446920356164384;0.0389763253424657;0.03321913;0.027432971369863;0.0215844920547945;0.0157027069863014;0.00983365831506849;0.00394638324657534;NaN;NaN;NaN;NaN;NaN;NaN;NaN;NaN;NaN;NaN;NaN;NaN;NaN;NaN;NaN;NaN;NaN;NaN;NaN;NaN;NaN;NaN;NaN;NaN;NaN;NaN;NaN;NaN;NaN;NaN;NaN;NaN;NaN;NaN;NaN;NaN;NaN;NaN;NaN;NaN;NaN
NaN;NaN;NaN;0.00162683832876712;0.00566193894520548;0.00976853046575342;0.0139431708219178;0.0181895463013699;0.0225264309589041;0.0269755091780822;0.0315631397260274;0.0362985306849315;0.041163604109589;0.0461187152054795;0.0511097257534247;0.0560925742465753;0.0610437154794521;0.0659318593150685;0.0706979690410959;0.0797509395890411;0.0840457794520548;0.088179201369863;0.0921533889041096;0.0959617539726027;0.0996045387671233;0.103117005479452;0.106483120547945;0.109722901369863;0.11287181369863;0.115972604109589;0.11896698630137;0.121793590410959;0.124489567123288;0.127092036986301;0.129476160273973;0.131632309589041;0.133497705479452;0.135025816438356;0.136192917808219;0.13693275890411;0.137284512328767;0.137285906849315;0.136985883561644;0.136508384931507;0.135909245205479;0.135249398630137;0.134457560273973;0.133496406849315;0.132390634246575;0.131016047945205;0.129245350684932;0.127235632876712;0.12514154109589;0.122749091780822;0.119955606849315;0.116810387671233;0.113338926027397;0.109668590410959;0.105861019178082;0.101907609589041;0.0978241891780822;0.0935842242465753;0.0891573167123288;0.0843948342465753;0.0794320489041096;0.0743058449315069;0.0690290358904109;0.0636237639726027;0.0581221706849315;0.0524760169863014;0.0466907563013699;0.0407950821917808;0.0348475469863014;0.0288694002739726;0.022827167260274;0.0167516246575342;0.0106862667123288;0.00460936589041096;NaN;NaN;NaN;NaN;NaN;NaN;NaN;NaN;NaN;NaN;NaN;NaN;NaN;NaN;NaN;NaN;NaN;NaN;NaN;NaN;NaN;NaN;NaN;NaN;NaN;NaN;NaN;NaN;NaN;NaN;NaN;NaN;NaN;NaN;NaN;NaN;NaN;NaN;NaN;NaN;NaN;NaN
NaN;NaN;NaN;0.00275505621917808;0.00702846254794521;0.0113738982191781;0.0157906176712329;0.0202929469863014;0.0249059771232877;0.0296595808219178;0.0345723363013699;0.0396263494520548;0.0447882490410959;0.0500031519178082;0.0552199694520548;0.0604078479452055;0.0655386639726027;0.070551504109589;0.07539751;0.084609427260274;0.0889574094520548;0.0931397031506849;0.0971463291780822;0.100978653424658;0.104667671232877;0.108200639726027;0.111595695890411;0.114897667123288;0.1181497;0.121300115068493;0.12428548630137;0.127139443835616;0.129891869863014;0.132441150684932;0.134751865753425;0.136801780821918;0.138500095890411;0.139836812328767;0.140716064383562;0.141190538356164;0.141281357534247;0.141050457534247;0.140617912328767;0.140043952054795;0.139394530136986;0.138643856164384;0.137768515068493;0.136699016438356;0.135352282191781;0.133599302739726;0.131598184931507;0.129498512328767;0.12706621369863;0.124211904109589;0.120977921917808;0.117411752054795;0.113652654794521;0.109753845205479;0.105705097260274;0.101507605479452;0.0971458856164384;0.0925729441095891;0.0876657147945205;0.0825738684931507;0.0773033323287671;0.0718646515068493;0.0662908373972603;0.0606273242465753;0.0548332209589041;0.0488951423287671;0.0428239582191781;0.0366846406849315;0.0305094495890411;0.0242721604109589;0.0180012382191781;0.0117342368493151;0.00546121126027397;NaN;NaN;NaN;NaN;NaN;NaN;NaN;NaN;NaN;NaN;NaN;NaN;NaN;NaN;NaN;NaN;NaN;NaN;NaN;NaN;NaN;NaN;NaN;NaN;NaN;NaN;NaN;NaN;NaN;NaN;NaN;NaN;NaN;NaN;NaN;NaN;NaN;NaN;NaN;NaN;NaN;NaN;NaN
NaN;NaN;NaN;0.00399073269863014;0.00851031901369863;0.0131025339726027;0.0177757719178082;0.0225550890410959;0.0274713563013699;0.032555514109589;0.0377986550684931;0.043168474520548;0.0486090139726027;0.0540650194520548;0.0594971538356164;0.0648792231506849;0.0701493020547945;0.0752540198630137;0.0801912675342466;0.0895331663013699;0.0939357605479452;0.0981522146575343;0.102185960273973;0.10606234109589;0.109773369863014;0.113331950684932;0.116792428767123;0.120200632876712;0.123513835616438;0.12666541369863;0.129685620547945;0.132595173972603;0.135315069863014;0.137792278082192;0.140031969863014;0.141921891780822;0.143441853424658;0.144489232876712;0.145106375342466;0.145306469863014;0.145161393150685;0.144782712328767;0.14424187260274;0.14361401369863;0.142884324657534;0.142061791780822;0.141101324657534;0.139794117808219;0.138068094520548;0.1360874;0.133992516438356;0.131533173972603;0.128626639726027;0.125314209589041;0.121661552054795;0.11781734109589;0.113829164383562;0.109689593150685;0.105380853424658;0.100898042465753;0.0961751432876712;0.0911329752054795;0.0859143224657534;0.0805064423287671;0.0749117153424658;0.0691683908219178;0.0633372154794521;0.0573947109589041;0.0513095116438356;0.0450711691780822;0.0387403198630137;0.0323636254794521;0.0259290119178082;0.0194614060273973;0.0129886663013699;0.00651253008219178;1.10356611520548e-05;NaN;NaN;NaN;NaN;NaN;NaN;NaN;NaN;NaN;NaN;NaN;NaN;NaN;NaN;NaN;NaN;NaN;NaN;NaN;NaN;NaN;NaN;NaN;NaN;NaN;NaN;NaN;NaN;NaN;NaN;NaN;NaN;NaN;NaN;NaN;NaN;NaN;NaN;NaN;NaN;NaN;NaN;NaN
NaN;NaN;0.000642804426027397;0.00533723042465753;0.0101098179452055;0.0149605102739726;0.0199105924657534;0.0249908553424657;0.0302386056164384;0.0356650761643836;0.0412423979452055;0.0469112649315069;0.0526096089041096;0.0582931283561644;0.063934122739726;0.0694725295890411;0.0748473820547945;0.0800475569863014;0.0850683945205479;0.0945250173972603;0.0989652450684932;0.103211005479452;0.107285716438356;0.111187467123288;0.114919850684931;0.118544791780822;0.12211352739726;0.125595187671233;0.12892118630137;0.13211498630137;0.13519155890411;0.138083410958904;0.140741856164384;0.143172205479452;0.145273712328767;0.146990983561644;0.148235289041096;0.149016560273973;0.14935078630137;0.149309887671233;0.148999093150685;0.148497610958904;0.147893395890411;0.147200871232877;0.146405753424658;0.1455239;0.144336828767123;0.142653824657534;0.140696257534247;0.138618589041096;0.136149793150685;0.133201020547945;0.12982072739726;0.126090828767123;0.122166764383562;0.118090924657534;0.113863997260274;0.109446654794521;0.104845198630137;0.0999733343835616;0.0948019176712329;0.0894573790410959;0.083918974109589;0.0781764464383562;0.0722659787671233;0.0662618976712329;0.0601653795890411;0.0539373984931507;0.0475421031506849;0.0410247332876712;0.0344429793150685;0.0278076757534247;0.0211410049315068;0.0144609589041096;0.00777587063013698;0.00107488045205479;NaN;NaN;NaN;NaN;NaN;NaN;NaN;NaN;NaN;NaN;NaN;NaN;NaN;NaN;NaN;NaN;NaN;NaN;NaN;NaN;NaN;NaN;NaN;NaN;NaN;NaN;NaN;NaN;NaN;NaN;NaN;NaN;NaN;NaN;NaN;NaN;NaN;NaN;NaN;NaN;NaN;NaN;NaN;NaN
NaN;NaN;0.00184176530136986;0.00679666445205479;0.0118314253424658;0.0169577716438356;0.0222069243835616;0.0276168243835616;0.0332166683561644;0.038992108630137;0.0448903102739726;0.0508365469863014;0.0567777802739726;0.062683802739726;0.0685010708219178;0.074157554520548;0.0796347024657534;0.0849243778082192;0.090005018630137;0.099568437260274;0.104038608219178;0.10832307260274;0.112427119178082;0.116345969863014;0.120143189041096;0.123876776712329;0.127530910958904;0.13103944109589;0.134414760273973;0.137667961643836;0.140735071232877;0.143585520547945;0.146208306849315;0.148536405479452;0.150467179452055;0.151934590410959;0.152903269863014;0.153400898630137;0.153484412328767;0.153259935616438;0.152809610958904;0.152226620547945;0.151577808219178;0.150822665753425;0.149995987671233;0.148902480821918;0.147350968493151;0.145426717808219;0.143370143835616;0.140911573972603;0.137935564383562;0.134499516438356;0.130700563013699;0.126703408219178;0.122542635616438;0.11823257260274;0.113707389041096;0.108991401369863;0.103974979452055;0.0986776646575342;0.0932072997260274;0.0875431187671233;0.0816624046575342;0.07559223;0.0694118226027397;0.0631521265753425;0.0567817117808219;0.0502405109589041;0.0435452110958904;0.036758992739726;0.0299175108219178;0.0230493926027397;0.016161411369863;0.00926279190410959;0.00235334268493151;NaN;NaN;NaN;NaN;NaN;NaN;NaN;NaN;NaN;NaN;NaN;NaN;NaN;NaN;NaN;NaN;NaN;NaN;NaN;NaN;NaN;NaN;NaN;NaN;NaN;NaN;NaN;NaN;NaN;NaN;NaN;NaN;NaN;NaN;NaN;NaN;NaN;NaN;NaN;NaN;NaN;NaN;NaN;NaN;NaN
NaN;NaN;0.00314914060273973;0.00837165909589041;0.0136818561643836;0.0191059834246575;0.0246810054794521;0.030447008630137;0.036407325890411;0.042526807260274;0.0487258283561644;0.0549328771232877;0.0611096920547945;0.0672134002739726;0.073163665890411;0.0789317319178082;0.0845048324657534;0.0898620095890411;0.0950084320547945;0.10465284109589;0.109160352054795;0.113477468493151;0.117594809589041;0.121574724657534;0.125478805479452;0.129309295890411;0.133006693150685;0.13657114109589;0.140010034246575;0.143261761643836;0.146305149315069;0.149130379452055;0.151688443835616;0.153854295890411;0.15556267260274;0.156750568493151;0.157438012328767;0.157672139726027;0.157554768493151;0.157173187671233;0.15661311369863;0.156008357534247;0.155296405479452;0.154538363013699;0.153521326027397;0.152076909589041;0.150273434246575;0.148248891780822;0.145812660273973;0.142826801369863;0.139351635616438;0.135492323287671;0.131427920547945;0.127186930136986;0.122797198630137;0.118167520547945;0.113339283561644;0.108185476712329;0.102765119178082;0.0971687736986301;0.0913813036986301;0.0853723216438356;0.0791527387671233;0.0727971217808219;0.0663651480821918;0.0598465401369863;0.0531661763013699;0.0463075175342466;0.0393223946575342;0.0322694120547945;0.0251954063013699;0.0180992409589041;0.0109852263013699;0.00385880452054795;NaN;NaN;NaN;NaN;NaN;NaN;NaN;NaN;NaN;NaN;NaN;NaN;NaN;NaN;NaN;NaN;NaN;NaN;NaN;NaN;NaN;NaN;NaN;NaN;NaN;NaN;NaN;NaN;NaN;NaN;NaN;NaN;NaN;NaN;NaN;NaN;NaN;NaN;NaN;NaN;NaN;NaN;NaN;NaN;NaN;NaN
NaN;NaN;0.00456656538356164;0.0100669478082192;0.0156724761643836;0.0214179708219178;0.0273472224657534;0.0334842617808219;0.039810317260274;0.0462560147945205;0.0527356576712329;0.0591928356164384;0.0655882809589041;0.0718443134246575;0.0779161601369863;0.0837893984931507;0.0894376283561644;0.0948625035616438;0.100068879452055;0.109780697260274;0.114323490410959;0.11865171369863;0.122824165753425;0.12690715890411;0.130918801369863;0.134808908219178;0.138569405479452;0.142202105479452;0.145652842465753;0.148886204109589;0.151926039726027;0.15470981369863;0.157133520547945;0.159093978082192;0.16053847260274;0.161441964383562;0.161856001369863;0.161871094520548;0.161578926027397;0.161050953424658;0.160490012328767;0.159821305479452;0.159130732876712;0.158213763013699;0.156862632876712;0.155150116438356;0.153248152054795;0.150856352054795;0.147869556164384;0.144372979452055;0.140467531506849;0.136341801369863;0.132024926027397;0.127557917808219;0.122831552054795;0.117892287671233;0.112608020547945;0.107069234246575;0.101346665753425;0.0954360502739726;0.0893077816438356;0.0829507524657534;0.0764269719178082;0.0698161243835617;0.063137367260274;0.056320504520548;0.0493136052054794;0.0421419256164384;0.0348753228767123;0.0275892808219178;0.020283121369863;0.0129541012328767;0.00560504032876712;NaN;NaN;NaN;NaN;NaN;NaN;NaN;NaN;NaN;NaN;NaN;NaN;NaN;NaN;NaN;NaN;NaN;NaN;NaN;NaN;NaN;NaN;NaN;NaN;NaN;NaN;NaN;NaN;NaN;NaN;NaN;NaN;NaN;NaN;NaN;NaN;NaN;NaN;NaN;NaN;NaN;NaN;NaN;NaN;NaN;NaN;NaN
NaN;0.000397678415068493;0.00609710545205479;0.0118903634246575;0.017813574109589;0.0239085476712329;0.0302161721917808;0.0367345249315068;0.0434130438356164;0.0501623416438356;0.0569102495890411;0.0636055606849315;0.0701782367123288;0.0765655176712329;0.0827545889041096;0.0887101056164384;0.094430435890411;0.0999242089041096;0.105168636986301;0.114948604109589;0.119502191780822;0.123877776712329;0.128147557534247;0.132345991780822;0.136432942465753;0.140395401369863;0.144230189041096;0.147890621917808;0.151321531506849;0.154577682191781;0.157586921917808;0.160281494520548;0.16250828630137;0.1642403;0.165390564383562;0.166017602739726;0.166192701369863;0.166014984931507;0.165537597260274;0.165017236986301;0.164398091780822;0.163764283561644;0.162956567123288;0.161728605479452;0.160090367123288;0.158276739726027;0.156037156164384;0.153068357534247;0.149558505479452;0.145623019178082;0.141445484931507;0.137059452054795;0.132514835616438;0.12770152739726;0.122654493150685;0.117246695890411;0.111593038356164;0.105746154794521;0.0997115102739726;0.0934685865753425;0.0869865306849315;0.0803082006849315;0.0735161995890411;0.0666635071232877;0.0597055728767123;0.0525622912328767;0.0452214078082192;0.0377477282191781;0.030241654109589;0.0227221019178082;0.01517885;0.00760544708219178;2.85533421506849e-05;NaN;NaN;NaN;NaN;NaN;NaN;NaN;NaN;NaN;NaN;NaN;NaN;NaN;NaN;NaN;NaN;NaN;NaN;NaN;NaN;NaN;NaN;NaN;NaN;NaN;NaN;NaN;NaN;NaN;NaN;NaN;NaN;NaN;NaN;NaN;NaN;NaN;NaN;NaN;NaN;NaN;NaN;NaN;NaN;NaN;NaN;NaN
NaN;0.0017522597260274;0.00774543484931507;0.0138527542465753;0.0201188647945205;0.0265917994520548;0.0332914960273973;0.0401889916438356;0.047198648630137;0.0542370536986301;0.0612418595890411;0.0681421793150685;0.0748586231506849;0.0813756904109589;0.0876565597260274;0.0936900663013698;0.0994859757534247;0.10502715890411;0.110299645205479;0.120129993150685;0.124721169863014;0.129186938356164;0.133576328767123;0.137865275342466;0.142035469863014;0.146080294520548;0.149955905479452;0.153603216438356;0.1570661;0.160312768493151;0.163272149315069;0.165787030136986;0.167824157534247;0.169260653424658;0.170133757534247;0.170502426027397;0.170465561643836;0.17006812739726;0.169582521917808;0.169024776712329;0.168437401369863;0.167737497260274;0.1666483;0.165116208219178;0.163370465753425;0.161258853424658;0.15841878630137;0.154913289041096;0.150953624657534;0.146735634246575;0.142291501369863;0.13766978630137;0.132777142465753;0.127628593150685;0.122105561643836;0.116340249315068;0.110372002739726;0.104212187671233;0.0978552106849315;0.0912591967123288;0.0844433953424658;0.0774770032876712;0.0704382268493151;0.0633248817808219;0.0560516984931507;0.0485619797260274;0.0408941380821918;0.0331652608219178;0.025424962739726;0.0176668201369863;0.00987131738356164;0.00206084019178082;NaN;NaN;NaN;NaN;NaN;NaN;NaN;NaN;NaN;NaN;NaN;NaN;NaN;NaN;NaN;NaN;NaN;NaN;NaN;NaN;NaN;NaN;NaN;NaN;NaN;NaN;NaN;NaN;NaN;NaN;NaN;NaN;NaN;NaN;NaN;NaN;NaN;NaN;NaN;NaN;NaN;NaN;NaN;NaN;NaN;NaN;NaN;NaN
NaN;0.00321678784931507;0.00952006646575343;0.0159641154794521;0.0226022510958904;0.0294751461643836;0.0365759639726027;0.0438345895890411;0.0511560252054795;0.0584714330136986;0.0657087546575342;0.0727732206849315;0.0796291208219178;0.0862526193150685;0.0926155471232877;0.0987318649315068;0.104588052054795;0.110158719178082;0.115463424657534;0.125338089041096;0.130012594520548;0.134597002739726;0.139091319178082;0.143474267123288;0.147737323287671;0.15183318630137;0.155714331506849;0.159381405479452;0.162873878082192;0.166086009589041;0.168909673972603;0.171257752054795;0.173025752054795;0.174175946575342;0.174779861643836;0.174913247945205;0.174631887671233;0.174179442465753;0.173694463013699;0.173147250684931;0.172551169863014;0.171605943835616;0.170201780821918;0.168552661643836;0.166555331506849;0.163822656164384;0.160433078082192;0.156465450684932;0.152207926027397;0.147716356164384;0.143025515068493;0.138058967123288;0.132816054794521;0.127185467123288;0.121314267123288;0.115229717808219;0.108943223287671;0.102469661643836;0.0957664091780822;0.0888290997260274;0.0817059006849315;0.0744765505479452;0.0671875987671233;0.059779747260274;0.0521595782191781;0.0443201990410959;0.036372641369863;0.0284037390410959;0.0204255839726027;0.0124122310958904;0.00436636523287671;NaN;NaN;NaN;NaN;NaN;NaN;NaN;NaN;NaN;NaN;NaN;NaN;NaN;NaN;NaN;NaN;NaN;NaN;NaN;NaN;NaN;NaN;NaN;NaN;NaN;NaN;NaN;NaN;NaN;NaN;NaN;NaN;NaN;NaN;NaN;NaN;NaN;NaN;NaN;NaN;NaN;NaN;NaN;NaN;NaN;NaN;NaN;NaN;NaN
NaN;0.00479562839726027;0.0114306691780822;0.0182383153424658;0.025276967260274;0.0325646264383562;0.0400570946575342;0.0476554404109589;0.055276514109589;0.0628502149315069;0.0702796546575342;0.0774920778082192;0.0844729363013699;0.0911828101369863;0.0976373126027397;0.103826517808219;0.10971898630137;0.115314243835616;0.120643376712329;0.130609221917808;0.135395647945205;0.140097783561644;0.144696712328767;0.149184391780822;0.153509654794521;0.157632517808219;0.161519193150685;0.165247143835616;0.168717119178082;0.17185008630137;0.17451824109589;0.176649554794521;0.178116856164384;0.178996953424658;0.179339134246575;0.179210730136986;0.178806595890411;0.178395367123288;0.177893208219178;0.177389432876712;0.176592587671233;0.175333163013699;0.173793583561644;0.171945647945206;0.169319302739726;0.166015632876712;0.162154197260274;0.157870117808219;0.153328967123288;0.148580094520548;0.143547250684932;0.138219284931507;0.132486416438356;0.126515816438356;0.120323580821918;0.113911705479452;0.107316667123288;0.100506817808219;0.0934607776712329;0.0862031775342466;0.0787918479452055;0.071309508630137;0.0637489375342466;0.0560065578082192;0.0480236939726027;0.0398739321917808;0.0316709905479452;0.0234649167123288;0.0152333879452055;0.0069578124109589;NaN;NaN;NaN;NaN;NaN;NaN;NaN;NaN;NaN;NaN;NaN;NaN;NaN;NaN;NaN;NaN;NaN;NaN;NaN;NaN;NaN;NaN;NaN;NaN;NaN;NaN;NaN;NaN;NaN;NaN;NaN;NaN;NaN;NaN;NaN;NaN;NaN;NaN;NaN;NaN;NaN;NaN;NaN;NaN;NaN;NaN;NaN;NaN;NaN;NaN
NaN;0.00649749842465753;0.0134877917808219;0.0206886845205479;0.0281490879452055;0.0358566871232877;0.0437217349315068;0.0516440669863014;0.0595485320547945;0.0673455997260274;0.0749375383561644;0.0822917302739726;0.0893688976712329;0.0961752454794521;0.102715209589041;0.108954021917808;0.114867282191781;0.120487556164384;0.125826546575342;0.135959050684931;0.140872998630137;0.145689730136986;0.150404335616438;0.154969049315068;0.15933761369863;0.163468878082192;0.167417342465753;0.17115707260274;0.174582757534247;0.177588301369863;0.180089483561644;0.181926615068493;0.183121752054795;0.183719595890411;0.183781883561644;0.183462767123288;0.183114035616438;0.182674873972603;0.182244694520548;0.181598187671233;0.18050205890411;0.179076764383562;0.177391616438356;0.17493195890411;0.171703701369863;0.167913390410959;0.163720226027397;0.159137187671233;0.154330031506849;0.14923795890411;0.143840326027397;0.138010216438356;0.131943536986301;0.125653845205479;0.119124283561644;0.112402275342466;0.105482432876712;0.0983337219178082;0.0909621875342466;0.083391708630137;0.075710285890411;0.0679705708219178;0.0600988560273973;0.0519958054794521;0.0436733576712329;0.0352412856164384;0.0267967757534247;0.0183413130136986;0.00984267605479452;0.00131708261643836;NaN;NaN;NaN;NaN;NaN;NaN;NaN;NaN;NaN;NaN;NaN;NaN;NaN;NaN;NaN;NaN;NaN;NaN;NaN;NaN;NaN;NaN;NaN;NaN;NaN;NaN;NaN;NaN;NaN;NaN;NaN;NaN;NaN;NaN;NaN;NaN;NaN;NaN;NaN;NaN;NaN;NaN;NaN;NaN;NaN;NaN;NaN;NaN;NaN;NaN
0.00116177102739726;0.00833144698630137;0.0157047253424658;0.0233275182191781;0.0312250238356164;0.0393397308219178;0.0475573857534247;0.0557896236986301;0.0639497523287671;0.0719335126027397;0.0796787456164383;0.0871472678082192;0.0943205902739726;0.101227571232877;0.107833265753425;0.114096604109589;0.120028269863014;0.125659239726027;0.131043394520548;0.141402791780822;0.146441164383562;0.151383389041096;0.15619298630137;0.160812880821918;0.165208176712329;0.169382571232877;0.173383532876712;0.17709755890411;0.180446324657534;0.183313787671233;0.185567431506849;0.187116793150685;0.188026690410959;0.188319457534247;0.188139302739726;0.187839646575342;0.187487647945205;0.187112084931507;0.186612893150685;0.1856961;0.184394315068493;0.182865878082192;0.180624078082192;0.177524557534247;0.173788246575342;0.169648073972603;0.165138798630137;0.160284230136986;0.155128491780822;0.149674095890411;0.143760443835616;0.137597730136986;0.131217890410959;0.124583308219178;0.117735231506849;0.110698905479452;0.103445282191781;0.0959740693150685;0.0882737228767123;0.0804042568493151;0.0724638020547945;0.0644393915068493;0.056223654109589;0.0477651112328767;0.039125467260274;0.0304354445205479;0.0217450717808219;0.013026185890411;0.00425909883561644;NaN;NaN;NaN;NaN;NaN;NaN;NaN;NaN;NaN;NaN;NaN;NaN;NaN;NaN;NaN;NaN;NaN;NaN;NaN;NaN;NaN;NaN;NaN;NaN;NaN;NaN;NaN;NaN;NaN;NaN;NaN;NaN;NaN;NaN;NaN;NaN;NaN;NaN;NaN;NaN;NaN;NaN;NaN;NaN;NaN;NaN;NaN;NaN;NaN;NaN;NaN
0.00276641116438356;0.010308125890411;0.0180944153424658;0.0261609210958904;0.0344978356164384;0.0430003216438356;0.0515560646575342;0.060075905890411;0.0684532573972603;0.0766027879452055;0.0844838017808219;0.0920507084931507;0.099336881369863;0.106326591780822;0.112970221917808;0.119244093150685;0.125188008219178;0.130844816438356;0.136320112328767;0.146937906849315;0.152109982191781;0.157165578082192;0.162042476712329;0.166710138356164;0.171135964383562;0.1753809;0.179387560273973;0.183064279452055;0.18630561369863;0.188990776712329;0.190946901369863;0.192220909589041;0.19279654109589;0.192809810958904;0.192572157534247;0.192316689041096;0.191991175342466;0.191626969863014;0.190899093150685;0.189737395890411;0.188352971232877;0.186369116438356;0.183442956164384;0.179808157534247;0.175701842465753;0.17122097260274;0.166439853424658;0.161231009589041;0.155714317808219;0.149734017808219;0.143480887671233;0.137014779452055;0.130286743835616;0.123320080821918;0.116163504109589;0.10879961369863;0.101231005479452;0.0934272132876712;0.0853980154794521;0.0772511036986301;0.0690427150684932;0.0607006747945205;0.0521338612328767;0.0433244495890411;0.0343973206849315;0.0254575061643836;0.0165122082191781;0.00751501826027397;NaN;NaN;NaN;NaN;NaN;NaN;NaN;NaN;NaN;NaN;NaN;NaN;NaN;NaN;NaN;NaN;NaN;NaN;NaN;NaN;NaN;NaN;NaN;NaN;NaN;NaN;NaN;NaN;NaN;NaN;NaN;NaN;NaN;NaN;NaN;NaN;NaN;NaN;NaN;NaN;NaN;NaN;NaN;NaN;NaN;NaN;NaN;NaN;NaN;NaN;NaN;NaN
0.00449841512328767;0.0124400090410959;0.0206683119178082;0.0291946721917808;0.0379572882191781;0.0468287947945205;0.0557044676712329;0.0644775932876712;0.0730410443835617;0.0813434078082192;0.0893346383561644;0.0970162926027397;0.104406090410959;0.111453249315068;0.118106989041096;0.124388487671233;0.130344057534247;0.136079026027397;0.141668808219178;0.152570516438356;0.15787314109589;0.163011532876712;0.167952120547945;0.172655789041096;0.177147761643836;0.181434328767123;0.185428969863014;0.189046791780822;0.192154028767123;0.194572845205479;0.196255768493151;0.197182038356164;0.197441064383562;0.197313871232877;0.197142410958904;0.196884042465753;0.19663084109589;0.196094794520548;0.195097730136986;0.193846612328767;0.192143779452055;0.189434167123288;0.185940084931507;0.181912816438356;0.177438201369863;0.172677560273973;0.167545793150685;0.161970556164384;0.155926075342466;0.14958955890411;0.14304481369863;0.136233108219178;0.129158393150685;0.121882065753425;0.114404204109589;0.106731756164384;0.0988378571232877;0.0906861256164384;0.0823475173972603;0.0739319635616438;0.0654322664383562;0.0567627143835616;0.0478278375342466;0.0386930426027397;0.0294971391780822;0.0203091405479452;0.0110872709589041;0.00183086809589041;NaN;NaN;NaN;NaN;NaN;NaN;NaN;NaN;NaN;NaN;NaN;NaN;NaN;NaN;NaN;NaN;NaN;NaN;NaN;NaN;NaN;NaN;NaN;NaN;NaN;NaN;NaN;NaN;NaN;NaN;NaN;NaN;NaN;NaN;NaN;NaN;NaN;NaN;NaN;NaN;NaN;NaN;NaN;NaN;NaN;NaN;NaN;NaN;NaN;NaN;NaN;NaN
0.00636738256164384;0.0147392631506849;0.023433584109589;0.0324206565753425;0.0415902806849315;0.0508155483561644;0.0599829;0.0689709478082192;0.0777024446575342;0.0861341891780822;0.0942373321917808;0.102043343835616;0.109511856164384;0.116582275342466;0.12323427260274;0.129519893150685;0.13553171369863;0.14137438630137;0.147106664383562;0.158302119178082;0.163705235616438;0.168919576712329;0.173914002739726;0.178674108219178;0.183225508219178;0.18753675890411;0.191510047945205;0.195035746575342;0.197944178082192;0.200085819178082;0.201431349315068;0.201997923287671;0.202052261643836;0.201949473972603;0.201790543835616;0.201617546575342;0.201268557534247;0.200466326027397;0.19934838630137;0.197915546575342;0.195477149315069;0.192161361643836;0.188245998630137;0.183826894520548;0.179053802739726;0.173949656164384;0.168443265753425;0.162346782191781;0.155920993150685;0.149302321917808;0.142420243835616;0.13525084109589;0.127857090410959;0.120265275342466;0.112482054794521;0.104496961643836;0.0962525424657534;0.0877580097260274;0.0791318931506849;0.0704378435616438;0.0616423464383562;0.0526137268493151;0.0433178564383562;0.0338810397260274;0.0244332639726027;0.014977654109589;0.00548253706849315;NaN;NaN;NaN;NaN;NaN;NaN;NaN;NaN;NaN;NaN;NaN;NaN;NaN;NaN;NaN;NaN;NaN;NaN;NaN;NaN;NaN;NaN;NaN;NaN;NaN;NaN;NaN;NaN;NaN;NaN;NaN;NaN;NaN;NaN;NaN;NaN;NaN;NaN;NaN;NaN;NaN;NaN;NaN;NaN;NaN;NaN;NaN;NaN;NaN;NaN;NaN;NaN;NaN
0.00838499105479452;0.0172176789041096;0.0263951182191781;0.0358303582191781;0.0453887379452055;0.0549443901369863;0.0643648697260274;0.0735407309589041;0.0824206716438356;0.0909675305479452;0.0992045826027397;0.107115580821918;0.114630682191781;0.12169514109589;0.128344047945205;0.134658610958904;0.140769902739726;0.14674861369863;0.152639754794521;0.164108610958904;0.169599947945205;0.17488758630137;0.179935763013699;0.184761010958904;0.189369616438356;0.193685464383562;0.197621101369863;0.201009049315069;0.203665238356164;0.205492078082192;0.206440101369863;0.206748550684932;0.20674035890411;0.206692346575342;0.206587524657534;0.206411143835616;0.205826746575342;0.20485032739726;0.203654930136986;0.201543691780822;0.198453365753425;0.19467995890411;0.190352905479452;0.185608031506849;0.180500283561644;0.175006953424658;0.16899401369863;0.162488089041096;0.155782750684932;0.148839990410959;0.141595906849315;0.134091380821918;0.126386332876712;0.118489215068493;0.110403512328767;0.102080084931507;0.0934714928767123;0.0846581746575342;0.0757448249315069;0.0667816598630137;0.0576600484931507;0.0482540475342466;0.0386159291780822;0.0289047336986301;0.0191968387671233;0.00946690024657534;NaN;NaN;NaN;NaN;NaN;NaN;NaN;NaN;NaN;NaN;NaN;NaN;NaN;NaN;NaN;NaN;NaN;NaN;NaN;NaN;NaN;NaN;NaN;NaN;NaN;NaN;NaN;NaN;NaN;NaN;NaN;NaN;NaN;NaN;NaN;NaN;NaN;NaN;NaN;NaN;NaN;NaN;NaN;NaN;NaN;NaN;NaN;NaN;NaN;NaN;NaN;NaN;NaN;NaN
0.0105631131506849;0.0198828690410959;0.0295460220547945;0.0394111282191781;0.0493403893150685;0.0591932556164384;0.0688293049315069;0.0781727539726027;0.0871804509589041;0.0958582184931507;0.104227912328767;0.112212828767123;0.119734712328767;0.126784402739726;0.13343832739726;0.139836446575342;0.146074834246575;0.15221491369863;0.158268487671233;0.169978423287671;0.175558284931507;0.180910482191781;0.186025842465753;0.190915673972603;0.195573104109589;0.19988677260274;0.203742087671233;0.20693912739726;0.209304054794521;0.210721847945205;0.211355426027397;0.211517479452055;0.211562916438356;0.211546115068493;0.211513975342466;0.211155804109589;0.210346561643836;0.209340616438356;0.207600075342466;0.204788756164384;0.201198065753425;0.196994398630137;0.19230842739726;0.187237226027397;0.181725728767123;0.175737932876712;0.169290147945205;0.162500356164384;0.155484342465753;0.148184502739726;0.140586923287671;0.132770436986301;0.124759663013699;0.116563728767123;0.10815845890411;0.0994689971232877;0.0905101773972603;0.0813836487671233;0.0722065217808219;0.0629578719178082;0.0534740675342466;0.0436921789041096;0.0337395510958904;0.0237637965753425;0.013787175890411;0.00379023057534247;NaN;NaN;NaN;NaN;NaN;NaN;NaN;NaN;NaN;NaN;NaN;NaN;NaN;NaN;NaN;NaN;NaN;NaN;NaN;NaN;NaN;NaN;NaN;NaN;NaN;NaN;NaN;NaN;NaN;NaN;NaN;NaN;NaN;NaN;NaN;NaN;NaN;NaN;NaN;NaN;NaN;NaN;NaN;NaN;NaN;NaN;NaN;NaN;NaN;NaN;NaN;NaN;NaN;NaN
0.0129134639726027;0.0227405026027397;0.0328784884931507;0.0431549663013699;0.0534272917808219;0.0635353589041096;0.0733615290410959;0.0828500473972603;0.0919841915068493;0.100812017808219;0.109288778082192;0.117307139726027;0.124806230136986;0.131845143835616;0.138552245205479;0.145066745205479;0.151463846575342;0.157776968493151;0.163987365753425;0.175912698630137;0.181576845205479;0.18699514109589;0.192178161643836;0.197152146575342;0.201829594520548;0.206131335616438;0.209853664383562;0.212808419178082;0.214782343835616;0.215824916438356;0.216249001369863;0.21639091369863;0.216490139726027;0.216568954794521;0.216432664383562;0.215831828767123;0.214964446575342;0.213609024657534;0.211134349315068;0.207775673972603;0.203734778082192;0.199136209589041;0.194127097260274;0.188641843835616;0.182649921917808;0.176187930136986;0.169457489041096;0.162365435616438;0.155005531506849;0.147337435616438;0.139418297260274;0.131299417808219;0.122985945205479;0.114484856164384;0.10572947260274;0.0966709823287671;0.0873668015068493;0.0779541967123288;0.0685207783561644;0.0589520215068493;0.0490812126027397;0.038942754109589;0.0286977252054794;0.0184555128767123;0.00821333810958904;NaN;NaN;NaN;NaN;NaN;NaN;NaN;NaN;NaN;NaN;NaN;NaN;NaN;NaN;NaN;NaN;NaN;NaN;NaN;NaN;NaN;NaN;NaN;NaN;NaN;NaN;NaN;NaN;NaN;NaN;NaN;NaN;NaN;NaN;NaN;NaN;NaN;NaN;NaN;NaN;NaN;NaN;NaN;NaN;NaN;NaN;NaN;NaN;NaN;NaN;NaN;NaN;NaN;NaN;NaN
0.0154461583561644;0.0257854434246575;0.0363810698630137;0.0470473434246575;0.0576255038356164;0.0679516845205479;0.0779442994520548;0.0875639636986301;0.0968484309589041;0.105816749315068;0.114361636986301;0.122370076712329;0.129841983561644;0.136895528767123;0.143705408219178;0.150370793150685;0.15694674109589;0.163430523287671;0.169773146575342;0.181912063013699;0.187649508219178;0.193143236986301;0.198412389041096;0.203450434246575;0.208158256164384;0.212386079452055;0.215941706849315;0.218548387671233;0.220102721917808;0.220880126027397;0.221180550684932;0.221395497260274;0.221576261643836;0.221645697260274;0.221289094520548;0.220552816438356;0.219539261643836;0.217454016438356;0.214381710958904;0.210547335616438;0.206077471232877;0.201152195890411;0.195720247945205;0.18977772739726;0.18325441369863;0.176511160273973;0.169485223287671;0.162066946575342;0.154333221917808;0.146325131506849;0.138109489041096;0.129681121917808;0.121067375342466;0.112238728767123;0.103116342465753;0.0936853475342466;0.0840573768493151;0.0743872131506849;0.0646800324657534;0.0547488842465753;0.0444928817808219;0.0340165191780822;0.0234931473972603;0.0129884615068493;0.00247665104109589;NaN;NaN;NaN;NaN;NaN;NaN;NaN;NaN;NaN;NaN;NaN;NaN;NaN;NaN;NaN;NaN;NaN;NaN;NaN;NaN;NaN;NaN;NaN;NaN;NaN;NaN;NaN;NaN;NaN;NaN;NaN;NaN;NaN;NaN;NaN;NaN;NaN;NaN;NaN;NaN;NaN;NaN;NaN;NaN;NaN;NaN;NaN;NaN;NaN;NaN;NaN;NaN;NaN;NaN;NaN
0.0181667919178082;0.0290111628767123;0.0400450997260274;0.0510693034246575;0.0619078810958904;0.0724261517808219;0.0825632479452055;0.0923243891780822;0.101773132876712;0.11085044109589;0.119415719178082;0.127385324657534;0.134842546575342;0.141969539726027;0.148916679452055;0.155762167123288;0.162521928767123;0.169158319178082;0.175621921917808;0.187968604109589;0.193781882191781;0.199361976712329;0.204729632876712;0.209820864383562;0.214532105479452;0.218650554794521;0.221944123287671;0.224117912328767;0.225347908219178;0.225917267123288;0.22623774109589;0.226540046575342;0.22678377260274;0.226687664383562;0.226128889041096;0.225370454794521;0.223711576712329;0.220980423287671;0.21739992739726;0.213109153424657;0.208299636986301;0.202945498630137;0.19708122739726;0.190545809589041;0.183734431506849;0.176698660273973;0.169365660273973;0.16158245890411;0.153484417808219;0.145181469863014;0.13665454109589;0.127920676712329;0.118996009589041;0.109820449315068;0.100313252054795;0.0905230031506849;0.0806020310958904;0.0706852180821918;0.0606671142465753;0.0503492376712329;0.0397157597260274;0.0289246054794521;0.0181313650684932;0.00736431802739726;NaN;NaN;NaN;NaN;NaN;NaN;NaN;NaN;NaN;NaN;NaN;NaN;NaN;NaN;NaN;NaN;NaN;NaN;NaN;NaN;NaN;NaN;NaN;NaN;NaN;NaN;NaN;NaN;NaN;NaN;NaN;NaN;NaN;NaN;NaN;NaN;NaN;NaN;NaN;NaN;NaN;NaN;NaN;NaN;NaN;NaN;NaN;NaN;NaN;NaN;NaN;NaN;NaN;NaN;NaN;NaN
0.0210740045205479;0.0324068652054795;0.0438537032876712;0.0551948678082192;0.0662562450684932;0.0769408161643836;0.0872159793150685;0.0971458493150685;0.106743476712329;0.11588261369863;0.124421817808219;0.13235357260274;0.139837289041096;0.147083938356164;0.154206487671233;0.16124625890411;0.168178698630137;0.174946432876712;0.181534384931507;0.194076015068493;0.199983315068493;0.205667138356164;0.211121179452055;0.216273420547945;0.220925520547945;0.2248924;0.227786917808219;0.229583191780822;0.230541308219178;0.23101931369863;0.231443652054795;0.231839897260274;0.231997397260274;0.23167954109589;0.231097412328767;0.229874898630137;0.227536561643836;0.224256615068493;0.220199926027397;0.215544969863014;0.210310309589041;0.204532653424658;0.198032342465753;0.191180890410959;0.184085164383562;0.176748221917808;0.169076908219178;0.160909617808219;0.152506506849315;0.143899104109589;0.135056360273973;0.126015715068493;0.116769368493151;0.107217104109589;0.0973294410958904;0.0871973493150685;0.0770185319178082;0.0668387490410959;0.0564720009589041;0.0457577991780822;0.0347590997260274;0.0236741915068493;0.0126194773972603;0.00158233208219178;NaN;NaN;NaN;NaN;NaN;NaN;NaN;NaN;NaN;NaN;NaN;NaN;NaN;NaN;NaN;NaN;NaN;NaN;NaN;NaN;NaN;NaN;NaN;NaN;NaN;NaN;NaN;NaN;NaN;NaN;NaN;NaN;NaN;NaN;NaN;NaN;NaN;NaN;NaN;NaN;NaN;NaN;NaN;NaN;NaN;NaN;NaN;NaN;NaN;NaN;NaN;NaN;NaN;NaN;NaN;NaN
0.0241625280821918;0.03596386;0.0477876430136986;0.0593969130136986;0.0706526367123288;0.0814842942465754;0.0919169701369863;0.102024798630137;0.111733821917808;0.120881178082192;0.129367405479452;0.137283821917808;0.144854745205479;0.152262623287671;0.159585178082192;0.166815402739726;0.17389701369863;0.18079901369863;0.18751094109589;0.200247260273973;0.206265320547945;0.212053530136986;0.217607793150685;0.222769291780822;0.227344489041096;0.231020290410959;0.233500116438356;0.234975391780822;0.235732693150685;0.236266673972603;0.236810863013699;0.237204106849315;0.237171991780822;0.236733619178082;0.235918195890411;0.234018156164384;0.231080843835616;0.227311632876712;0.222857795890411;0.217792095890411;0.212113547945205;0.205695980821918;0.198823038356164;0.191698620547945;0.184300802739726;0.176649049315068;0.168596483561644;0.16009885890411;0.151402826027397;0.142472321917808;0.133315797260274;0.123970712328767;0.114370624657534;0.104434801369863;0.0941698780821918;0.0837307967123288;0.0733079471232877;0.0628377815068493;0.0520895553424658;0.0409760417808219;0.0296358702739726;0.0182705709589041;0.00695810132876712;NaN;NaN;NaN;NaN;NaN;NaN;NaN;NaN;NaN;NaN;NaN;NaN;NaN;NaN;NaN;NaN;NaN;NaN;NaN;NaN;NaN;NaN;NaN;NaN;NaN;NaN;NaN;NaN;NaN;NaN;NaN;NaN;NaN;NaN;NaN;NaN;NaN;NaN;NaN;NaN;NaN;NaN;NaN;NaN;NaN;NaN;NaN;NaN;NaN;NaN;NaN;NaN;NaN;NaN;NaN;NaN;NaN
0.0274220873972603;0.0396631535616438;0.0518195816438356;0.0636571075342466;0.0750809030136986;0.0860593297260274;0.0966779426027397;0.106944715068493;0.116710504109589;0.12581682739726;0.134256078082192;0.142207075342466;0.149915994520548;0.157522746575342;0.165051284931507;0.172454235616438;0.179676343835616;0.186710908219178;0.193545687671233;0.206498782191781;0.212628352054795;0.218538719178082;0.22417017260274;0.22930327260274;0.233728445205479;0.237005739726027;0.239129676712329;0.240311610958904;0.241011384931507;0.241691031506849;0.242294816438356;0.242559364383562;0.242327534246575;0.241825531506849;0.240390420547945;0.237841538356164;0.234402316438356;0.230200471232877;0.225355765753425;0.219809382191781;0.213523230136986;0.206653239726027;0.199504421917808;0.192084289041096;0.184382990410959;0.176369230136986;0.167959891780822;0.159175657534247;0.150158090410959;0.140900975342466;0.131442926027397;0.121770269863014;0.111801060273973;0.101475194520548;0.0908488710958904;0.0801393502739726;0.0694673901369863;0.058671437260274;0.0475184;0.0360127534246575;0.0243526635616438;0.0127240978082192;0.00114717661643836;NaN;NaN;NaN;NaN;NaN;NaN;NaN;NaN;NaN;NaN;NaN;NaN;NaN;NaN;NaN;NaN;NaN;NaN;NaN;NaN;NaN;NaN;NaN;NaN;NaN;NaN;NaN;NaN;NaN;NaN;NaN;NaN;NaN;NaN;NaN;NaN;NaN;NaN;NaN;NaN;NaN;NaN;NaN;NaN;NaN;NaN;NaN;NaN;NaN;NaN;NaN;NaN;NaN;NaN;NaN;NaN;NaN
0.0308431220547945;0.0434846609589041;0.0559205961643836;0.0679559549315069;0.0795312831506849;0.0906826304109589;0.101493994520548;0.111876054794521;0.121639226027397;0.130680434246575;0.139103365753425;0.147151501369863;0.155045780821918;0.162869234246575;0.170593428767123;0.178150369863014;0.185517290410959;0.192681005479452;0.199628105479452;0.212833831506849;0.219079046575342;0.225129524657534;0.230781605479452;0.235866012328767;0.240000087671233;0.242899347945205;0.244667102739726;0.245668615068493;0.246463039726027;0.247262509589041;0.247808363013699;0.247879839726027;0.247600538356164;0.246629567123288;0.244514156164384;0.241431532876712;0.23753458630137;0.232956689041096;0.22760822739726;0.221496153424658;0.214664431506849;0.207495987671233;0.200062580821918;0.192343739726027;0.184305743835616;0.175915715068493;0.167214616438356;0.158122353424658;0.148765209589041;0.139197771232877;0.129430720547945;0.119410552054795;0.109060893150685;0.0983421906849315;0.0873850860273973;0.0764286067123288;0.0654937975342466;0.0543257682191781;0.0427616682191781;0.0308758982191781;0.0189193338356164;0.00703797475342466;NaN;NaN;NaN;NaN;NaN;NaN;NaN;NaN;NaN;NaN;NaN;NaN;NaN;NaN;NaN;NaN;NaN;NaN;NaN;NaN;NaN;NaN;NaN;NaN;NaN;NaN;NaN;NaN;NaN;NaN;NaN;NaN;NaN;NaN;NaN;NaN;NaN;NaN;NaN;NaN;NaN;NaN;NaN;NaN;NaN;NaN;NaN;NaN;NaN;NaN;NaN;NaN;NaN;NaN;NaN;NaN;NaN;NaN
0.0344064517808219;0.0473999453424657;0.0600719663013699;0.0722791780821918;0.0840105647945205;0.0953642194520548;0.106346235616438;0.116783046575342;0.126492443835616;0.135477678082192;0.143938080821918;0.152142826027397;0.160256784931507;0.168296960273973;0.176197317808219;0.183907121917808;0.191409021917808;0.198703287671233;0.205771671232877;0.219246175342466;0.22564662739726;0.231786482191781;0.237449502739726;0.242388431506849;0.246173426027397;0.248691493150685;0.250163252054795;0.251131460273973;0.252100057534247;0.252910284931507;0.2533146;0.25325395890411;0.252708680821918;0.251072245205479;0.248370409589041;0.244820646575342;0.240546615068493;0.235475821917808;0.229591408219178;0.222836230136986;0.21567758630137;0.20822197260274;0.200498632876712;0.19246444109589;0.184051347945205;0.175342109589041;0.166356820547945;0.156920531506849;0.147236819178082;0.13736605890411;0.127270717808219;0.116893395890411;0.106148257534247;0.0950465656164383;0.083794958630137;0.072607122739726;0.0613667817808219;0.0498038005479452;0.037817318630137;0.0255762693150685;0.013349584109589;0.00120987347945205;NaN;NaN;NaN;NaN;NaN;NaN;NaN;NaN;NaN;NaN;NaN;NaN;NaN;NaN;NaN;NaN;NaN;NaN;NaN;NaN;NaN;NaN;NaN;NaN;NaN;NaN;NaN;NaN;NaN;NaN;NaN;NaN;NaN;NaN;NaN;NaN;NaN;NaN;NaN;NaN;NaN;NaN;NaN;NaN;NaN;NaN;NaN;NaN;NaN;NaN;NaN;NaN;NaN;NaN;NaN;NaN;NaN;NaN
0.038090977260274;0.0513790442465753;0.0642534634246575;0.0766189694520548;0.0885367367123288;0.100098449315068;0.11120201369863;0.121629210958904;0.13126332739726;0.140227317808219;0.148791797260274;0.157204428767123;0.165549471232877;0.173792035616438;0.181859479452055;0.189718391780822;0.197348839726027;0.204777346575342;0.212000710958904;0.22575472739726;0.232317984931507;0.23850795890411;0.244139609589041;0.248838842465753;0.252255716438356;0.25439125890411;0.255692882191781;0.256791284931507;0.257855957534247;0.258578749315069;0.258799860273973;0.2586162;0.2574919;0.255202549315068;0.252023078082192;0.248081638356164;0.243357939726027;0.237764331506849;0.231147049315068;0.224036064383562;0.216568326027397;0.208834720547945;0.200809765753425;0.192419189041096;0.183657606849315;0.174668964383562;0.165357954794521;0.155576524657534;0.145585161643836;0.135395408219178;0.124966910958904;0.114213989041096;0.103066435616438;0.091600567260274;0.0801000031506849;0.0686622228767123;0.0570803689041096;0.0450996424657534;0.0326892943835616;0.0201280543835616;0.00764765884931507;NaN;NaN;NaN;NaN;NaN;NaN;NaN;NaN;NaN;NaN;NaN;NaN;NaN;NaN;NaN;NaN;NaN;NaN;NaN;NaN;NaN;NaN;NaN;NaN;NaN;NaN;NaN;NaN;NaN;NaN;NaN;NaN;NaN;NaN;NaN;NaN;NaN;NaN;NaN;NaN;NaN;NaN;NaN;NaN;NaN;NaN;NaN;NaN;NaN;NaN;NaN;NaN;NaN;NaN;NaN;NaN;NaN;NaN;NaN
0.0418670616438356;0.0554015223287671;0.0684530984931507;0.0809829446575342;0.0931182357534247;0.10486488630137;0.116025398630137;0.126388773972603;0.135957894520548;0.144957335616438;0.153693701369863;0.162343261643836;0.17091782739726;0.179347220547945;0.187577517808219;0.195566163013699;0.203340139726027;0.210925379452055;0.218321978082192;0.232381628767123;0.23906007260274;0.245292938356164;0.250811764383562;0.255221276712329;0.25822161369863;0.260059269863014;0.261348568493151;0.26262415890411;0.263661175342466;0.264246512328767;0.264364187671233;0.263738921917808;0.26191315890411;0.259114887671233;0.255526657534247;0.251190024657534;0.245941134246575;0.239572553424657;0.232544123287671;0.22510067260274;0.217351719178082;0.209332878082192;0.200971652054795;0.192224215068493;0.183162123287671;0.17387338630137;0.164210373972603;0.15411068630137;0.143799210958904;0.133293383561644;0.122515206849315;0.111372145205479;0.0998153990410959;0.0880358626027397;0.076297678630137;0.0645857157534247;0.0526319450684932;0.0402010556164384;0.027394961369863;0.0145449682191781;0.00181042521917808;NaN;NaN;NaN;NaN;NaN;NaN;NaN;NaN;NaN;NaN;NaN;NaN;NaN;NaN;NaN;NaN;NaN;NaN;NaN;NaN;NaN;NaN;NaN;NaN;NaN;NaN;NaN;NaN;NaN;NaN;NaN;NaN;NaN;NaN;NaN;NaN;NaN;NaN;NaN;NaN;NaN;NaN;NaN;NaN;NaN;NaN;NaN;NaN;NaN;NaN;NaN;NaN;NaN;NaN;NaN;NaN;NaN;NaN;NaN
0.0457025768493151;0.0594461498630137;0.0726632519178082;0.0853907257534247;0.0977497116438356;0.109628408219178;0.120777471232877;0.131056963013699;0.140595353424658;0.149701501369863;0.158663338356164;0.167559490410959;0.17634844109589;0.184960817808219;0.193336880821918;0.201452975342466;0.20939344109589;0.217166310958904;0.224728694520548;0.239108790410959;0.245879380821918;0.25210184109589;0.25746188630137;0.26149865890411;0.264102509589041;0.265773735616438;0.267203836986301;0.268546916438356;0.269496697260274;0.269946609589041;0.269778775342466;0.268484636986301;0.26608205890411;0.262858539726027;0.258914976712329;0.254064768493151;0.248074036986301;0.241173621917808;0.233801410958904;0.226049016438356;0.218033516438356;0.209695690410959;0.200986487671233;0.191912624657534;0.182563426027397;0.172929224657534;0.162938065753425;0.152513490410959;0.141888932876712;0.13105485890411;0.119915706849315;0.108359646575342;0.0964189423287671;0.0843646089041096;0.0723831806849315;0.0603747917808219;0.0480046217808219;0.0351117817808219;0.0219493475342466;0.00883264015068493;NaN;NaN;NaN;NaN;NaN;NaN;NaN;NaN;NaN;NaN;NaN;NaN;NaN;NaN;NaN;NaN;NaN;NaN;NaN;NaN;NaN;NaN;NaN;NaN;NaN;NaN;NaN;NaN;NaN;NaN;NaN;NaN;NaN;NaN;NaN;NaN;NaN;NaN;NaN;NaN;NaN;NaN;NaN;NaN;NaN;NaN;NaN;NaN;NaN;NaN;NaN;NaN;NaN;NaN;NaN;NaN;NaN;NaN;NaN;NaN
0.049576395479452;0.0635024123287671;0.0768918384931507;0.0898508012328767;0.102411256164384;0.114353434246575;0.125433543835616;0.135638373972603;0.145205032876712;0.154491289041096;0.163704546575342;0.172847076712329;0.181840079452055;0.190622131506849;0.199116747945206;0.207395654794521;0.215532349315069;0.22350178630137;0.231219560273973;0.245922621917808;0.252762036986301;0.258933587671233;0.264056152054795;0.267661221917808;0.269959052054795;0.271616484931507;0.273211387671233;0.274517168493151;0.27533382739726;0.275607165753425;0.274880894520548;0.272915824657534;0.270065497260274;0.2664961;0.262100519178082;0.256591612328767;0.249895317808219;0.242639132876712;0.234923075342466;0.226905578082192;0.218592991780822;0.209920591780822;0.200874934246575;0.191503463013699;0.181829883561644;0.17185174109589;0.161537861643836;0.150794315068493;0.139852809589041;0.128681987671233;0.117160031506849;0.105186;0.0929004278082192;0.0805842338356164;0.0683622754794521;0.0560153134246575;0.043183434109589;0.0298510606849315;0.0163639943835616;0.00299101053424658;NaN;NaN;NaN;NaN;NaN;NaN;NaN;NaN;NaN;NaN;NaN;NaN;NaN;NaN;NaN;NaN;NaN;NaN;NaN;NaN;NaN;NaN;NaN;NaN;NaN;NaN;NaN;NaN;NaN;NaN;NaN;NaN;NaN;NaN;NaN;NaN;NaN;NaN;NaN;NaN;NaN;NaN;NaN;NaN;NaN;NaN;NaN;NaN;NaN;NaN;NaN;NaN;NaN;NaN;NaN;NaN;NaN;NaN;NaN;NaN
0.053466434520548;0.0675636226027397;0.0811590089041096;0.0943578150684931;0.107065961643836;0.118999934246575;0.129988594520548;0.1401512;0.149820795890411;0.15934228630137;0.168820435616438;0.178196728767123;0.187388634246575;0.196305612328767;0.204930282191781;0.213413178082192;0.221769610958904;0.229926368493151;0.237800653424658;0.252821282191781;0.259690083561644;0.265780750684931;0.270546276712329;0.273743850684932;0.275866689041096;0.277645182191781;0.279299391780822;0.280522249315068;0.281230010958904;0.281047849315068;0.27960867260274;0.277140897260274;0.273924094520548;0.269989442465753;0.265036519178082;0.258665731506849;0.251578623287671;0.243953190410959;0.235946134246575;0.227656490410959;0.219023646575342;0.210020484931507;0.20065655890411;0.190979219178082;0.180957065753425;0.17064771369863;0.160015250684931;0.148955912328767;0.137689221917808;0.126172612328767;0.114244334246575;0.101870219178082;0.0892643119178082;0.0767039908219178;0.0642295150684932;0.0514871183561644;0.0381703195890411;0.0244306626027397;0.0106465964383562;NaN;NaN;NaN;NaN;NaN;NaN;NaN;NaN;NaN;NaN;NaN;NaN;NaN;NaN;NaN;NaN;NaN;NaN;NaN;NaN;NaN;NaN;NaN;NaN;NaN;NaN;NaN;NaN;NaN;NaN;NaN;NaN;NaN;NaN;NaN;NaN;NaN;NaN;NaN;NaN;NaN;NaN;NaN;NaN;NaN;NaN;NaN;NaN;NaN;NaN;NaN;NaN;NaN;NaN;NaN;NaN;NaN;NaN;NaN;NaN;NaN
0.0573602638356164;0.0716359132876712;0.0854744564383562;0.0988935312328767;0.11167698630137;0.12354121369863;0.134446531506849;0.144626079452055;0.154474175342466;0.164258387671233;0.174005682191781;0.183608265753425;0.192972350684932;0.201995576712329;0.210806708219178;0.219525656164384;0.228103661643836;0.236435450684931;0.244473694520548;0.259790243835616;0.266674635616438;0.272583326027397;0.276930728767123;0.279811102739726;0.281879883561644;0.28381421369863;0.285442434246575;0.286582975342466;0.286952668493151;0.286128452054795;0.284074045205479;0.281209068493151;0.277687283561644;0.273286845205479;0.267421368493151;0.260578861643836;0.253105187671233;0.245148610958904;0.236878171232877;0.228287242465753;0.219336384931507;0.210006539726027;0.200331710958904;0.190323387671233;0.179953461643836;0.169322371232877;0.158376917808219;0.146994780821918;0.135402746575342;0.123519221917808;0.111179819178082;0.0984204108219178;0.0855182824657534;0.0727339338356164;0.0599670405479452;0.0467755038356164;0.0329773820547945;0.0188590128767123;0.00480560021917808;NaN;NaN;NaN;NaN;NaN;NaN;NaN;NaN;NaN;NaN;NaN;NaN;NaN;NaN;NaN;NaN;NaN;NaN;NaN;NaN;NaN;NaN;NaN;NaN;NaN;NaN;NaN;NaN;NaN;NaN;NaN;NaN;NaN;NaN;NaN;NaN;NaN;NaN;NaN;NaN;NaN;NaN;NaN;NaN;NaN;NaN;NaN;NaN;NaN;NaN;NaN;NaN;NaN;NaN;NaN;NaN;NaN;NaN;NaN;NaN;NaN
0.0612531693150685;0.0757397189041096;0.0898340482191781;0.103419821917808;0.116204293150685;0.127972761643836;0.138823776712329;0.149095176712329;0.159178304109589;0.169247426027397;0.179255464383562;0.189072304109589;0.198558164383562;0.207716801369863;0.216769034246575;0.225739765753425;0.234529949315069;0.243025371232877;0.251246198630137;0.266833257534247;0.2736945;0.279305887671233;0.283243167123288;0.285906169863014;0.288061990410959;0.290074505479452;0.291616198630137;0.292587893150685;0.292405524657534;0.290861028767123;0.288362078082192;0.285188278082192;0.281292706849315;0.276081454794521;0.269583554794521;0.262337823287671;0.254490709589041;0.246253967123288;0.237701326027397;0.22880952739726;0.219537291780822;0.209880023287671;0.199892161643836;0.189532219178082;0.178827531506849;0.167883271232877;0.156620732876712;0.144915093150685;0.132990949315069;0.120726205479452;0.107969530136986;0.0948451832876712;0.0816745973972603;0.0686720426027397;0.055554612739726;0.0418751815068493;0.0276115532876712;0.0131480494520548;NaN;NaN;NaN;NaN;NaN;NaN;NaN;NaN;NaN;NaN;NaN;NaN;NaN;NaN;NaN;NaN;NaN;NaN;NaN;NaN;NaN;NaN;NaN;NaN;NaN;NaN;NaN;NaN;NaN;NaN;NaN;NaN;NaN;NaN;NaN;NaN;NaN;NaN;NaN;NaN;NaN;NaN;NaN;NaN;NaN;NaN;NaN;NaN;NaN;NaN;NaN;NaN;NaN;NaN;NaN;NaN;NaN;NaN;NaN;NaN;NaN;NaN
0.0651492364383562;0.0798865890410959;0.0942213352054794;0.107899889041096;0.120619567123288;0.132296832876712;0.143150283561644;0.153588278082192;0.163940349315068;0.174307121917808;0.184567589041096;0.194556519178082;0.204139469863014;0.213506983561644;0.222833002739726;0.232054920547945;0.241035953424658;0.249698679452055;0.258125465753425;0.273950742465753;0.280700857534247;0.285938663013699;0.289537890410959;0.292070750684932;0.294394020547945;0.296386301369863;0.297901242465753;0.298361805479452;0.297477471232877;0.295374619178082;0.292521809589041;0.289069336986301;0.284560906849315;0.278519631506849;0.271594580821918;0.263935893150685;0.255773426027397;0.247258750684932;0.238425687671233;0.229226647945205;0.21962274109589;0.209646365753425;0.199325230136986;0.188610494520548;0.177590776712329;0.166329628767123;0.154745634246575;0.142720523287671;0.130458452054795;0.117790008219178;0.104621432876712;0.091152075890411;0.0777479576712329;0.0645043117808219;0.0509775156164384;0.0367877361643836;0.0220797990410959;0.00731439143835616;NaN;NaN;NaN;NaN;NaN;NaN;NaN;NaN;NaN;NaN;NaN;NaN;NaN;NaN;NaN;NaN;NaN;NaN;NaN;NaN;NaN;NaN;NaN;NaN;NaN;NaN;NaN;NaN;NaN;NaN;NaN;NaN;NaN;NaN;NaN;NaN;NaN;NaN;NaN;NaN;NaN;NaN;NaN;NaN;NaN;NaN;NaN;NaN;NaN;NaN;NaN;NaN;NaN;NaN;NaN;NaN;NaN;NaN;NaN;NaN;NaN;NaN
0.0690678071232877;0.0840747769863014;0.0985990769863014;0.112293426027397;0.1249159;0.136528709589041;0.1474557;0.158117747945205;0.168774239726027;0.179433921917808;0.189924752054795;0.200026382191781;0.209750347945205;0.219391380821918;0.229000890410959;0.238461297260274;0.247617294520548;0.256464720547945;0.265115475342466;0.281113739726027;0.287664831506849;0.292514430136986;0.29581324109589;0.298396123287671;0.300826746575342;0.302775660273973;0.303975821917808;0.303830902739726;0.30223557260274;0.2997245;0.296620765753425;0.292762275342466;0.287308776712329;0.280799469863014;0.273433934246575;0.265410264383562;0.256956145205479;0.248173109589041;0.239054980821918;0.229534223287671;0.219593463013699;0.209303447945205;0.198618587671233;0.187579743835616;0.176244038356164;0.16465908630137;0.152756976712329;0.140421206849315;0.127799410958904;0.114712978082192;0.101140101369863;0.0873538406849315;0.0737454946575343;0.060213765890411;0.046222434109589;0.0315153956164384;0.016397597260274;0.00136592467123288;NaN;NaN;NaN;NaN;NaN;NaN;NaN;NaN;NaN;NaN;NaN;NaN;NaN;NaN;NaN;NaN;NaN;NaN;NaN;NaN;NaN;NaN;NaN;NaN;NaN;NaN;NaN;NaN;NaN;NaN;NaN;NaN;NaN;NaN;NaN;NaN;NaN;NaN;NaN;NaN;NaN;NaN;NaN;NaN;NaN;NaN;NaN;NaN;NaN;NaN;NaN;NaN;NaN;NaN;NaN;NaN;NaN;NaN;NaN;NaN;NaN;NaN
0.0730228108219178;0.0882897308219178;0.102930382191781;0.116569497260274;0.129095469863014;0.140694421917808;0.151767235616438;0.162697202739726;0.173681620547945;0.184622780821918;0.195287730136986;0.20548271369863;0.215433416438356;0.225379930136986;0.235273217808219;0.244942801369863;0.254278530136986;0.263333463013699;0.272226191780822;0.288304691780822;0.294573743835616;0.29904321369863;0.302120306849315;0.304892017808219;0.307304301369863;0.309198891780822;0.309808293150685;0.308909945205479;0.306794191780822;0.303985161643836;0.300604660273973;0.295883016438356;0.289867347945206;0.282909153424658;0.275123212328767;0.266778923287671;0.258047547945206;0.249005291780822;0.239584261643836;0.22972227260274;0.219463223287671;0.208825194520548;0.197794534246575;0.186443701369863;0.174783250684932;0.162872057534247;0.150668717808219;0.138016204109589;0.125006501369863;0.111499669863014;0.0975276450684932;0.0834709008219178;0.0696596319178082;0.0557830335616438;0.0412787519178082;0.026064224109589;0.0105846165753425;NaN;NaN;NaN;NaN;NaN;NaN;NaN;NaN;NaN;NaN;NaN;NaN;NaN;NaN;NaN;NaN;NaN;NaN;NaN;NaN;NaN;NaN;NaN;NaN;NaN;NaN;NaN;NaN;NaN;NaN;NaN;NaN;NaN;NaN;NaN;NaN;NaN;NaN;NaN;NaN;NaN;NaN;NaN;NaN;NaN;NaN;NaN;NaN;NaN;NaN;NaN;NaN;NaN;NaN;NaN;NaN;NaN;NaN;NaN;NaN;NaN;NaN;NaN
0.07701533;0.09249637;0.107173643835616;0.120718834246575;0.133171539726027;0.144820857534247;0.156096694520548;0.167345742465753;0.178659189041096;0.189849024657534;0.200624530136986;0.210965721917808;0.221213309589041;0.231473819178082;0.241636269863014;0.251497165753425;0.261023905479452;0.270328173972603;0.279446406849315;0.295506867123288;0.30143125890411;0.305505902739726;0.308587760273973;0.311490421917808;0.31393608630137;0.315356752054794;0.31530032739726;0.313703564383562;0.311213767123288;0.308189867123288;0.304196901369863;0.298722478082192;0.292266010958904;0.284847916438356;0.276693235616438;0.268046819178082;0.259067378082192;0.249749098630137;0.239999791780822;0.229801595890411;0.219216891780822;0.208216706849315;0.196868590410959;0.185199216438356;0.17320614109589;0.160981176712329;0.148491169863014;0.1354948;0.122085249315068;0.108147234246575;0.093797325890411;0.0795181360273973;0.0654787823287671;0.0511920565753425;0.0361444034246575;0.0204463020547945;0.00465141383561644;NaN;NaN;NaN;NaN;NaN;NaN;NaN;NaN;NaN;NaN;NaN;NaN;NaN;NaN;NaN;NaN;NaN;NaN;NaN;NaN;NaN;NaN;NaN;NaN;NaN;NaN;NaN;NaN;NaN;NaN;NaN;NaN;NaN;NaN;NaN;NaN;NaN;NaN;NaN;NaN;NaN;NaN;NaN;NaN;NaN;NaN;NaN;NaN;NaN;NaN;NaN;NaN;NaN;NaN;NaN;NaN;NaN;NaN;NaN;NaN;NaN;NaN;NaN
0.081034241369863;0.0966572867123288;0.111295302739726;0.124740431506849;0.137165153424658;0.148932868493151;0.160465019178082;0.172070317808219;0.183697068493151;0.195069926027397;0.205941682191781;0.21652001369863;0.22709591369863;0.23767367260274;0.24807145890411;0.258131568493151;0.267864956164384;0.277466404109589;0.286750676712329;0.302699530136986;0.308209202739726;0.311958398630137;0.315240976712329;0.318146187671233;0.320435982191781;0.321255042465753;0.320399568493151;0.318307401369863;0.315579520547945;0.312209720547945;0.307319182191781;0.301409556164384;0.294487531506849;0.286644668493151;0.278150804109589;0.269240890410959;0.260012354794521;0.250391208219178;0.240300176712329;0.229779183561644;0.218836991780822;0.207500264383562;0.195841097260274;0.183842201369863;0.171518250684932;0.159005732876712;0.146214945205479;0.132857101369863;0.119033752054795;0.104653021917808;0.0899721179452055;0.0754980443835616;0.0611855090410959;0.046425181369863;0.0308249002739726;0.0146796394520548;NaN;NaN;NaN;NaN;NaN;NaN;NaN;NaN;NaN;NaN;NaN;NaN;NaN;NaN;NaN;NaN;NaN;NaN;NaN;NaN;NaN;NaN;NaN;NaN;NaN;NaN;NaN;NaN;NaN;NaN;NaN;NaN;NaN;NaN;NaN;NaN;NaN;NaN;NaN;NaN;NaN;NaN;NaN;NaN;NaN;NaN;NaN;NaN;NaN;NaN;NaN;NaN;NaN;NaN;NaN;NaN;NaN;NaN;NaN;NaN;NaN;NaN;NaN;NaN
0.0850474463013699;0.100731517808219;0.115283154794521;0.128648008219178;0.141099930136986;0.153041975342466;0.164896671232877;0.176867252054795;0.188766953424658;0.200257073972603;0.211279897260274;0.222167539726027;0.233082389041096;0.243966873972603;0.254580453424658;0.264844043835616;0.274834109589041;0.284730324657534;0.294127391780822;0.309842169863014;0.314877824657534;0.318571032876712;0.32199718630137;0.324963769863014;0.326694552054795;0.32677877260274;0.325227328767123;0.322815079452055;0.319846547945206;0.315650646575342;0.310274384931507;0.303930446575342;0.296547168493151;0.2883139;0.279520756164384;0.270369961643836;0.260871094520548;0.250921053424658;0.240497906849315;0.22963282739726;0.218338065753425;0.206686050684932;0.194707905479452;0.182370645205479;0.169741323287671;0.156945164383562;0.143835480821918;0.130106045205479;0.115842426027397;0.101028798630137;0.0860721950684932;0.0714032667123288;0.0567605301369863;0.0414740089041096;0.0253228747945206;0.00877830856164384;NaN;NaN;NaN;NaN;NaN;NaN;NaN;NaN;NaN;NaN;NaN;NaN;NaN;NaN;NaN;NaN;NaN;NaN;NaN;NaN;NaN;NaN;NaN;NaN;NaN;NaN;NaN;NaN;NaN;NaN;NaN;NaN;NaN;NaN;NaN;NaN;NaN;NaN;NaN;NaN;NaN;NaN;NaN;NaN;NaN;NaN;NaN;NaN;NaN;NaN;NaN;NaN;NaN;NaN;NaN;NaN;NaN;NaN;NaN;NaN;NaN;NaN;NaN;NaN
0.0890164460273973;0.104681920547945;0.119133731506849;0.132458187671233;0.144997330136986;0.157173060273973;0.169404131506849;0.181723275342466;0.193825526027397;0.205420075342466;0.216682987671233;0.227911101369863;0.239176402739726;0.250334147945205;0.261169832876712;0.271645915068493;0.281954324657534;0.29209082739726;0.301599426027397;0.316894828767123;0.321508667123288;0.325367646575343;0.32888617260274;0.331558279452055;0.332662249315068;0.331908783561644;0.32989264109589;0.327249249315069;0.323730484931507;0.318846405479452;0.313084502739726;0.306282180821918;0.298462347945205;0.289875626027397;0.280824382191781;0.27142735890411;0.261627338356164;0.251346193150685;0.240582134246575;0.229363478082192;0.217735595890411;0.205775152054795;0.193462435616438;0.180802442465753;0.167885176712329;0.154792320547945;0.14135675890411;0.127234650684932;0.112506660273973;0.0972926752054795;0.0821069083561644;0.0672213216438356;0.052185931369863;0.036335018630137;0.0196462217808219;0.00275824589041096;NaN;NaN;NaN;NaN;NaN;NaN;NaN;NaN;NaN;NaN;NaN;NaN;NaN;NaN;NaN;NaN;NaN;NaN;NaN;NaN;NaN;NaN;NaN;NaN;NaN;NaN;NaN;NaN;NaN;NaN;NaN;NaN;NaN;NaN;NaN;NaN;NaN;NaN;NaN;NaN;NaN;NaN;NaN;NaN;NaN;NaN;NaN;NaN;NaN;NaN;NaN;NaN;NaN;NaN;NaN;NaN;NaN;NaN;NaN;NaN;NaN;NaN;NaN;NaN
0.0929025684931507;0.108491660273973;0.122858428767123;0.1361894;0.148870847945205;0.161356183561644;0.173983443835616;0.186608520547945;0.198846416438356;0.210597950684931;0.222169350684931;0.233753591780822;0.245369364383562;0.256777564383562;0.267836310958904;0.278566132876712;0.289215539726027;0.299545778082192;0.309177845205479;0.323811980821918;0.328264853424658;0.33227582739726;0.335793553424658;0.337924812328767;0.338224790410959;0.336779464383562;0.33447427260274;0.331533389041096;0.327153638356164;0.321908491780822;0.315734197260274;0.308479910958904;0.300244168493151;0.29135997260274;0.282063164383562;0.272396198630137;0.262283047945205;0.251662063013699;0.240547861643836;0.228980001369863;0.217040798630137;0.204759935616438;0.192112545205479;0.179154765753425;0.165944697260274;0.152549243835616;0.138778850684932;0.124232223287671;0.109031569863014;0.0934664623287671;0.0780760538356164;0.0629401206849315;0.0474470709589041;0.0310037701369863;0.013813028630137;NaN;NaN;NaN;NaN;NaN;NaN;NaN;NaN;NaN;NaN;NaN;NaN;NaN;NaN;NaN;NaN;NaN;NaN;NaN;NaN;NaN;NaN;NaN;NaN;NaN;NaN;NaN;NaN;NaN;NaN;NaN;NaN;NaN;NaN;NaN;NaN;NaN;NaN;NaN;NaN;NaN;NaN;NaN;NaN;NaN;NaN;NaN;NaN;NaN;NaN;NaN;NaN;NaN;NaN;NaN;NaN;NaN;NaN;NaN;NaN;NaN;NaN;NaN;NaN;NaN
0.0966634708219178;0.112154912328767;0.126471738356164;0.139860632876712;0.152744134246575;0.165608701369863;0.17862201369863;0.191483965753425;0.203839515068493;0.2158281;0.227739608219178;0.239705283561644;0.251643752054795;0.263302849315069;0.274586293150685;0.285627631506849;0.296601026027397;0.307119406849315;0.316815761643836;0.33066458630137;0.335200021917808;0.339389197260274;0.342491849315068;0.343966217808219;0.343392315068493;0.341514257534247;0.338949779452055;0.335236090410959;0.330424168493151;0.324831336986301;0.318232531506849;0.310524501369863;0.301927715068493;0.292777449315068;0.283224306849315;0.27327268630137;0.262836594520548;0.251861761643836;0.240394956164384;0.228498093150685;0.216252876712329;0.203636482191781;0.190679434246575;0.17742731369863;0.163918938356164;0.1502188;0.136094878082192;0.121089746575342;0.105430863013699;0.0895626736986301;0.0739760273972603;0.0585465243835616;0.0425296015068493;0.0254813990410959;0.00784396939726027;NaN;NaN;NaN;NaN;NaN;NaN;NaN;NaN;NaN;NaN;NaN;NaN;NaN;NaN;NaN;NaN;NaN;NaN;NaN;NaN;NaN;NaN;NaN;NaN;NaN;NaN;NaN;NaN;NaN;NaN;NaN;NaN;NaN;NaN;NaN;NaN;NaN;NaN;NaN;NaN;NaN;NaN;NaN;NaN;NaN;NaN;NaN;NaN;NaN;NaN;NaN;NaN;NaN;NaN;NaN;NaN;NaN;NaN;NaN;NaN;NaN;NaN;NaN;NaN;NaN
0.100278126027397;0.115679934246575;0.129987164383562;0.143486202739726;0.156651173972603;0.169929267123288;0.183291498630137;0.196321317808219;0.208840716438356;0.221124638356164;0.233400620547945;0.245763;0.257998119178082;0.26990537260274;0.281440219178082;0.292838730136986;0.304107112328767;0.314811434246575;0.324459130136986;0.337580423287671;0.342259243835617;0.346359002739726;0.348970273972603;0.349576287671233;0.348324304109589;0.346143190410959;0.343099002739726;0.338684063013699;0.333572057534247;0.327616191780822;0.320575719178082;0.312440431506849;0.303536046575342;0.294119379452055;0.284302060273973;0.274060298630137;0.263274376712329;0.251947090410959;0.240132578082192;0.227929308219178;0.215362234246575;0.202423519178082;0.189169608219178;0.175618401369863;0.161811635616438;0.147800960273973;0.133295353424658;0.117807308219178;0.101720643835616;0.0855886334246575;0.069803587260274;0.0540227263013699;0.0374213291780822;0.0197766305479452;0.00175736395890411;NaN;NaN;NaN;NaN;NaN;NaN;NaN;NaN;NaN;NaN;NaN;NaN;NaN;NaN;NaN;NaN;NaN;NaN;NaN;NaN;NaN;NaN;NaN;NaN;NaN;NaN;NaN;NaN;NaN;NaN;NaN;NaN;NaN;NaN;NaN;NaN;NaN;NaN;NaN;NaN;NaN;NaN;NaN;NaN;NaN;NaN;NaN;NaN;NaN;NaN;NaN;NaN;NaN;NaN;NaN;NaN;NaN;NaN;NaN;NaN;NaN;NaN;NaN;NaN;NaN
0.103736808219178;0.119079820547945;0.133422536986301;0.147087991780822;0.160611720547945;0.174307371232877;0.187957663013699;0.201128408219178;0.213878239726027;0.226488784931507;0.239170791780822;0.251912746575342;0.264438350684932;0.276586412328767;0.288418401369863;0.300197717808219;0.311756035616438;0.322573689041096;0.332071098630137;0.344658052054795;0.349556943835616;0.353162230136986;0.355091391780822;0.354798990410959;0.353103910958904;0.350644706849315;0.346731382191781;0.342008215068493;0.336598267123288;0.330262791780822;0.322766664383562;0.314263164383562;0.305067376712329;0.29537851369863;0.285304;0.274740363013699;0.263599915068493;0.251916746575342;0.239777530136986;0.2272689;0.214376038356164;0.201134347945205;0.187581136986301;0.173730215068493;0.159623979452055;0.145292410958904;0.130369656164384;0.114390575342466;0.0979112710958904;0.0815487745205479;0.0655523019178082;0.0493453109589041;0.0321144191780822;0.0139095182191781;NaN;NaN;NaN;NaN;NaN;NaN;NaN;NaN;NaN;NaN;NaN;NaN;NaN;NaN;NaN;NaN;NaN;NaN;NaN;NaN;NaN;NaN;NaN;NaN;NaN;NaN;NaN;NaN;NaN;NaN;NaN;NaN;NaN;NaN;NaN;NaN;NaN;NaN;NaN;NaN;NaN;NaN;NaN;NaN;NaN;NaN;NaN;NaN;NaN;NaN;NaN;NaN;NaN;NaN;NaN;NaN;NaN;NaN;NaN;NaN;NaN;NaN;NaN;NaN;NaN;NaN
0.107045147945205;0.122363789041096;0.136791643835616;0.150696447945205;0.164630636986301;0.178722953424658;0.192591791780822;0.205935043835616;0.218960378082192;0.231932942465753;0.245054065753425;0.258150582191781;0.270957335616438;0.283356446575342;0.295539765753425;0.307715267123288;0.319523998630137;0.330368380821918;0.339623378082192;0.351883106849315;0.356597264383562;0.359754834246575;0.360766249315068;0.359778349315069;0.357770221917808;0.35459328630137;0.350197397260274;0.345220650684932;0.339510308219178;0.332755520547945;0.324839450684932;0.316003217808219;0.306508134246575;0.296565915068493;0.286218415068493;0.275309006849315;0.263811815068493;0.251781042465753;0.239337891780822;0.226514556164384;0.213309984931507;0.199769936986301;0.185915552054795;0.171764134246575;0.157357976712329;0.142686143835616;0.12731151369863;0.110848678082192;0.0940150561643836;0.0774505010958904;0.0612094005479452;0.0444948587671233;0.0266119283561644;0.00790258680821918;NaN;NaN;NaN;NaN;NaN;NaN;NaN;NaN;NaN;NaN;NaN;NaN;NaN;NaN;NaN;NaN;NaN;NaN;NaN;NaN;NaN;NaN;NaN;NaN;NaN;NaN;NaN;NaN;NaN;NaN;NaN;NaN;NaN;NaN;NaN;NaN;NaN;NaN;NaN;NaN;NaN;NaN;NaN;NaN;NaN;NaN;NaN;NaN;NaN;NaN;NaN;NaN;NaN;NaN;NaN;NaN;NaN;NaN;NaN;NaN;NaN;NaN;NaN;NaN;NaN;NaN
0.110213176712329;0.125550120547945;0.140112353424658;0.154335235616438;0.168702636986301;0.183146563013699;0.197193979452055;0.210762609589041;0.22408917260274;0.237482108219178;0.251040219178082;0.264479636986301;0.277547932876712;0.290235101369863;0.302819617808219;0.315400894520548;0.327354150684932;0.338197904109589;0.347079831506849;0.359314042465753;0.363501109589041;0.365954852054794;0.366048563013699;0.36459448630137;0.362208012328767;0.358197104109589;0.35355218630137;0.348333864383562;0.342292334246575;0.335111401369863;0.326816328767123;0.317648287671233;0.30786547260274;0.297687921917808;0.287028265753425;0.27576795890411;0.263910190410959;0.251556194520548;0.238811882191781;0.22567702739726;0.212170891780822;0.198331026027397;0.184174517808219;0.169722287671233;0.15501401369863;0.139973031506849;0.124119549315068;0.107190243835616;0.0900416080821918;0.0732956387671233;0.0567539753424657;0.0394539198630137;0.0209252516438356;0.00177473873972603;NaN;NaN;NaN;NaN;NaN;NaN;NaN;NaN;NaN;NaN;NaN;NaN;NaN;NaN;NaN;NaN;NaN;NaN;NaN;NaN;NaN;NaN;NaN;NaN;NaN;NaN;NaN;NaN;NaN;NaN;NaN;NaN;NaN;NaN;NaN;NaN;NaN;NaN;NaN;NaN;NaN;NaN;NaN;NaN;NaN;NaN;NaN;NaN;NaN;NaN;NaN;NaN;NaN;NaN;NaN;NaN;NaN;NaN;NaN;NaN;NaN;NaN;NaN;NaN;NaN;NaN
0.113249831506849;0.128652990410959;0.143409556164384;0.15801265890411;0.172817673972603;0.187549901369863;0.201786857534247;0.215610468493151;0.229284464383562;0.243145939726027;0.257124878082192;0.270891535616438;0.284213542465753;0.297244983561644;0.310285463013699;0.323211768493151;0.335226830136986;0.346046004109589;0.354493947945205;0.366427756164384;0.370191001369863;0.371710971232877;0.371067280821918;0.369292261643836;0.366017793150685;0.361665497260274;0.356808610958904;0.351347223287671;0.344937482191781;0.337356589041096;0.328695515068493;0.319191424657534;0.309160847945206;0.298721801369863;0.28773435890411;0.276113364383562;0.263906073972603;0.251248091780822;0.238205623287671;0.224763763013699;0.210960446575342;0.196819138356164;0.182358649315068;0.167607571232877;0.152588519178082;0.137142808219178;0.120795702739726;0.10342537260274;0.0860032843835616;0.0690799047945206;0.0521602653424657;0.0342154432876712;0.0150698256164384;NaN;NaN;NaN;NaN;NaN;NaN;NaN;NaN;NaN;NaN;NaN;NaN;NaN;NaN;NaN;NaN;NaN;NaN;NaN;NaN;NaN;NaN;NaN;NaN;NaN;NaN;NaN;NaN;NaN;NaN;NaN;NaN;NaN;NaN;NaN;NaN;NaN;NaN;NaN;NaN;NaN;NaN;NaN;NaN;NaN;NaN;NaN;NaN;NaN;NaN;NaN;NaN;NaN;NaN;NaN;NaN;NaN;NaN;NaN;NaN;NaN;NaN;NaN;NaN;NaN;NaN;NaN
0.116171115068493;0.131685782191781;0.146704435616438;0.161732861643836;0.176955567123288;0.19192321369863;0.206385898630137;0.220481205479452;0.234575245205479;0.24892281369863;0.263309880821918;0.277370156164384;0.290975730136986;0.304406221917808;0.317949484931507;0.331081397260274;0.343174416438356;0.35385234109589;0.36195014109589;0.373416480821918;0.376488295890411;0.377048647945205;0.375909345205479;0.3735738;0.369595490410959;0.365028791780822;0.35998015890411;0.354244326027397;0.347465145205479;0.339499909589041;0.330460982191781;0.320652689041096;0.310387428767123;0.299663790410959;0.288333002739726;0.276347794520548;0.263812298630137;0.250865312328767;0.237523552054795;0.223779904109589;0.209680756164384;0.195234712328767;0.180469154794521;0.165422853424658;0.150074639726027;0.134188430136986;0.117346054794521;0.0995614902739726;0.0819116709589041;0.0647913650684931;0.0474045587671233;0.0287824526027397;0.00906376054794521;NaN;NaN;NaN;NaN;NaN;NaN;NaN;NaN;NaN;NaN;NaN;NaN;NaN;NaN;NaN;NaN;NaN;NaN;NaN;NaN;NaN;NaN;NaN;NaN;NaN;NaN;NaN;NaN;NaN;NaN;NaN;NaN;NaN;NaN;NaN;NaN;NaN;NaN;NaN;NaN;NaN;NaN;NaN;NaN;NaN;NaN;NaN;NaN;NaN;NaN;NaN;NaN;NaN;NaN;NaN;NaN;NaN;NaN;NaN;NaN;NaN;NaN;NaN;NaN;NaN;NaN;NaN
0.118993997260274;0.134663976712329;0.150009423287671;0.165496110958904;0.181089967123288;0.196280467123288;0.210982783561644;0.225399564383562;0.239977001369863;0.254808893150685;0.269585378082192;0.283909983561644;0.297856309589041;0.311762324657534;0.325755290410959;0.338984232876712;0.351224360273973;0.361609628767123;0.369651691780822;0.380193264383562;0.382313547945206;0.382100530136986;0.380636171232877;0.377316478082192;0.373049034246575;0.368302710958904;0.363062168493151;0.357031017808219;0.349889719178082;0.341526923287671;0.332118528767123;0.322046636986301;0.311536731506849;0.300509271232877;0.288820212328767;0.276479506849315;0.263640187671233;0.250413402739726;0.236767695890411;0.222730149315068;0.208331393150685;0.193577715068493;0.178509416438356;0.163168919178082;0.147462005479452;0.131107505479452;0.113776310958904;0.0956103190410959;0.0777757245205479;0.0604088916438356;0.0424702706849315;0.0231632189041096;0.00292336343835616;NaN;NaN;NaN;NaN;NaN;NaN;NaN;NaN;NaN;NaN;NaN;NaN;NaN;NaN;NaN;NaN;NaN;NaN;NaN;NaN;NaN;NaN;NaN;NaN;NaN;NaN;NaN;NaN;NaN;NaN;NaN;NaN;NaN;NaN;NaN;NaN;NaN;NaN;NaN;NaN;NaN;NaN;NaN;NaN;NaN;NaN;NaN;NaN;NaN;NaN;NaN;NaN;NaN;NaN;NaN;NaN;NaN;NaN;NaN;NaN;NaN;NaN;NaN;NaN;NaN;NaN;NaN
0.121730312328767;0.137604383561644;0.153336169863014;0.169295473972603;0.185202887671233;0.20063051369863;0.215576879452055;0.230399239726027;0.245495404109589;0.260806763013699;0.275925716438356;0.290531593150685;0.30487918630137;0.319327126027397;0.333632319178082;0.346971002739726;0.3593221;0.369373146575342;0.377220350684931;0.386582453424658;0.387708052054795;0.386960743835616;0.384729395890411;0.380863354794521;0.376400745205479;0.371499006849315;0.366049308219178;0.359721530136986;0.352204876712329;0.343428636986301;0.33368944109589;0.323368343835616;0.312605975342466;0.301251520547945;0.289197883561644;0.27651935890411;0.263405490410959;0.249889952054795;0.235944763013699;0.221616642465753;0.206912438356164;0.191850905479452;0.176484753424658;0.160840975342466;0.144742817808219;0.127902261643836;0.110089310958904;0.0915890730136986;0.0735931556164384;0.0559086865753425;0.0373499112328767;0.0173701526027397;NaN;NaN;NaN;NaN;NaN;NaN;NaN;NaN;NaN;NaN;NaN;NaN;NaN;NaN;NaN;NaN;NaN;NaN;NaN;NaN;NaN;NaN;NaN;NaN;NaN;NaN;NaN;NaN;NaN;NaN;NaN;NaN;NaN;NaN;NaN;NaN;NaN;NaN;NaN;NaN;NaN;NaN;NaN;NaN;NaN;NaN;NaN;NaN;NaN;NaN;NaN;NaN;NaN;NaN;NaN;NaN;NaN;NaN;NaN;NaN;NaN;NaN;NaN;NaN;NaN;NaN;NaN;NaN
0.124385356164384;0.140518360273973;0.156696528767123;0.173110501369863;0.189297254794521;0.20496067260274;0.220194215068493;0.235502080821918;0.251132915068493;0.266905346575342;0.282317693150685;0.297264320547945;0.312087769863014;0.327052964383562;0.341553675342466;0.355091357534247;0.367420332876712;0.377377712328767;0.38448865890411;0.392476782191781;0.392781004109589;0.391638931506849;0.388419479452055;0.384285508219178;0.379665689041096;0.374615180821918;0.368952828767123;0.362318831506849;0.354390912328767;0.345218864383562;0.335176417808219;0.324624593150685;0.313587204109589;0.301887516438356;0.289469656164384;0.276489154794521;0.263109510958904;0.249295987671233;0.235061138356164;0.220436964383562;0.205424887671233;0.190056775342466;0.174396261643836;0.158430482191781;0.141913038356164;0.1245724;0.106290056164384;0.0875147817808219;0.0693519402739726;0.0512697582191781;0.0320409397260274;0.0114132143835616;NaN;NaN;NaN;NaN;NaN;NaN;NaN;NaN;NaN;NaN;NaN;NaN;NaN;NaN;NaN;NaN;NaN;NaN;NaN;NaN;NaN;NaN;NaN;NaN;NaN;NaN;NaN;NaN;NaN;NaN;NaN;NaN;NaN;NaN;NaN;NaN;NaN;NaN;NaN;NaN;NaN;NaN;NaN;NaN;NaN;NaN;NaN;NaN;NaN;NaN;NaN;NaN;NaN;NaN;NaN;NaN;NaN;NaN;NaN;NaN;NaN;NaN;NaN;NaN;NaN;NaN;NaN;NaN
0.126968223287671;0.143422815068493;0.160097917808219;0.176919734246575;0.193375979452055;0.209263689041096;0.224875001369863;0.240717050684931;0.256893301369863;0.273073110958904;0.288777006849315;0.304134060273973;0.319488304109589;0.334888453424657;0.349537512328767;0.363339210958904;0.375562920547945;0.385095428767123;0.391586745205479;0.397927605479452;0.397654484931507;0.395607302739726;0.391922135616438;0.387602936986301;0.382851883561644;0.377658471232877;0.371780564383562;0.364801775342466;0.356448194520548;0.346905901369863;0.336591276712329;0.325810482191781;0.314473879452055;0.302413961643836;0.289650402739726;0.2764039;0.262746523287671;0.248638709589041;0.234117367123288;0.219190668493151;0.203870536986301;0.18819927260274;0.172241545205479;0.155931528767123;0.138971598630137;0.121115523287671;0.102393824657534;0.0833986560273973;0.0650352409589041;0.0464760401369863;0.0265451378082192;0.00530628232876712;NaN;NaN;NaN;NaN;NaN;NaN;NaN;NaN;NaN;NaN;NaN;NaN;NaN;NaN;NaN;NaN;NaN;NaN;NaN;NaN;NaN;NaN;NaN;NaN;NaN;NaN;NaN;NaN;NaN;NaN;NaN;NaN;NaN;NaN;NaN;NaN;NaN;NaN;NaN;NaN;NaN;NaN;NaN;NaN;NaN;NaN;NaN;NaN;NaN;NaN;NaN;NaN;NaN;NaN;NaN;NaN;NaN;NaN;NaN;NaN;NaN;NaN;NaN;NaN;NaN;NaN;NaN;NaN
0.12948708630137;0.146339909589041;0.163534454794521;0.180716635616438;0.197423002739726;0.213562079452055;0.229646873972603;0.246055812328767;0.262766128767123;0.279289926027397;0.295338320547945;0.311171645205479;0.327054508219178;0.342799797260274;0.357636761643836;0.37168208630137;0.383961095890411;0.392483191780822;0.398435676712329;0.403008336986301;0.40221045890411;0.399243523287671;0.39529587260274;0.390831382191781;0.385967815068493;0.380639489041096;0.374523367123288;0.367156024657534;0.358388473972603;0.34849372739726;0.3379435;0.326918150684932;0.315260552054794;0.302832769863014;0.289765891780822;0.276262464383562;0.262317784931507;0.247923920547945;0.233111583561644;0.217879519178082;0.202252497260274;0.18627828630137;0.170015810958904;0.153341693150685;0.1359136;0.117530405479452;0.0984198360273973;0.0792396890410959;0.0606250424657534;0.0415154523287671;0.0208667778082192;NaN;NaN;NaN;NaN;NaN;NaN;NaN;NaN;NaN;NaN;NaN;NaN;NaN;NaN;NaN;NaN;NaN;NaN;NaN;NaN;NaN;NaN;NaN;NaN;NaN;NaN;NaN;NaN;NaN;NaN;NaN;NaN;NaN;NaN;NaN;NaN;NaN;NaN;NaN;NaN;NaN;NaN;NaN;NaN;NaN;NaN;NaN;NaN;NaN;NaN;NaN;NaN;NaN;NaN;NaN;NaN;NaN;NaN;NaN;NaN;NaN;NaN;NaN;NaN;NaN;NaN;NaN;NaN;NaN
0.131958398630137;0.149289934246575;0.166987195890411;0.184497108219178;0.201421973972603;0.217899180821918;0.234523983561644;0.251525964383562;0.268720052054795;0.285565905479452;0.302033209589041;0.318369691780822;0.334767297260274;0.350767978082192;0.365887124657534;0.380164765753425;0.391935698630137;0.399627689041096;0.404932843835616;0.407889624657534;0.406106154794521;0.402690430136986;0.398558978082192;0.393977308219178;0.389026235616438;0.383561669863014;0.377158328767123;0.369385797260274;0.360205510958904;0.350003828767123;0.339231794520548;0.32794272739726;0.315939083561644;0.303164217808219;0.289828828767123;0.276060731506849;0.261829193150685;0.247152695890411;0.232043676712329;0.216506045205479;0.200571853424658;0.184293554794521;0.16771725890411;0.150658543835616;0.132728835616438;0.11382708630137;0.0943820230136986;0.0750329302739726;0.0561079202739726;0.0363781160273973;0.0150132352054795;NaN;NaN;NaN;NaN;NaN;NaN;NaN;NaN;NaN;NaN;NaN;NaN;NaN;NaN;NaN;NaN;NaN;NaN;NaN;NaN;NaN;NaN;NaN;NaN;NaN;NaN;NaN;NaN;NaN;NaN;NaN;NaN;NaN;NaN;NaN;NaN;NaN;NaN;NaN;NaN;NaN;NaN;NaN;NaN;NaN;NaN;NaN;NaN;NaN;NaN;NaN;NaN;NaN;NaN;NaN;NaN;NaN;NaN;NaN;NaN;NaN;NaN;NaN;NaN;NaN;NaN;NaN;NaN;NaN
0.134408197260274;0.152284460273973;0.170442378082192;0.188239761643836;0.20538485890411;0.222313153424658;0.239521034246575;0.257118967123288;0.274731038356164;0.291934115068493;0.308880965753425;0.325718060273973;0.342608463013699;0.358815546575342;0.374291491780822;0.389008879452055;0.399555180821918;0.40644184109589;0.410962557534247;0.412289778082192;0.40968244109589;0.405997249315068;0.401723842465753;0.397060428767123;0.392040494520548;0.386405165753425;0.379678998630137;0.37148768630137;0.361912890410959;0.351446439726027;0.340452604109589;0.328875108219178;0.316513667123288;0.303429505479452;0.289839749315069;0.275798680821918;0.261285065753425;0.246323919178082;0.230914616438356;0.215072421917808;0.198828352054795;0.182243547945205;0.165344890410959;0.147875682191781;0.129415761643836;0.110019897260274;0.0902921546575342;0.0707688123287671;0.0514686297260274;0.0310567030136986;0.00899476024657534;NaN;NaN;NaN;NaN;NaN;NaN;NaN;NaN;NaN;NaN;NaN;NaN;NaN;NaN;NaN;NaN;NaN;NaN;NaN;NaN;NaN;NaN;NaN;NaN;NaN;NaN;NaN;NaN;NaN;NaN;NaN;NaN;NaN;NaN;NaN;NaN;NaN;NaN;NaN;NaN;NaN;NaN;NaN;NaN;NaN;NaN;NaN;NaN;NaN;NaN;NaN;NaN;NaN;NaN;NaN;NaN;NaN;NaN;NaN;NaN;NaN;NaN;NaN;NaN;NaN;NaN;NaN;NaN;NaN
0.13686767260274;0.155314502739726;0.173887373972603;0.191920157534247;0.209354589041096;0.226824454794521;0.244648153424658;0.262806636986301;0.280800239726027;0.298429776712329;0.315857954794521;0.333234645205479;0.350528008219178;0.366980039726027;0.382952143835616;0.397370578082192;0.406787464383562;0.412932052054794;0.416489932876712;0.416112723287671;0.413058976712329;0.409182816438356;0.404805094520548;0.400098835616438;0.395002397260274;0.389156234246575;0.382084410958904;0.373453778082192;0.363529890410959;0.352825095890411;0.341600410958904;0.32970535890411;0.317003461643836;0.303640364383562;0.289797250684932;0.275479482191781;0.260688126027397;0.245437630136986;0.229727312328767;0.213578938356164;0.197021017808219;0.180129698630137;0.162896020547945;0.144982697260274;0.125973516438356;0.106120549315068;0.0861563273972603;0.0664382382191781;0.0466905731506849;0.0255497726027397;0.00282333115068493;NaN;NaN;NaN;NaN;NaN;NaN;NaN;NaN;NaN;NaN;NaN;NaN;NaN;NaN;NaN;NaN;NaN;NaN;NaN;NaN;NaN;NaN;NaN;NaN;NaN;NaN;NaN;NaN;NaN;NaN;NaN;NaN;NaN;NaN;NaN;NaN;NaN;NaN;NaN;NaN;NaN;NaN;NaN;NaN;NaN;NaN;NaN;NaN;NaN;NaN;NaN;NaN;NaN;NaN;NaN;NaN;NaN;NaN;NaN;NaN;NaN;NaN;NaN;NaN;NaN;NaN;NaN;NaN;NaN
0.139361342465753;0.158366467123288;0.177296760273973;0.195533854794521;0.21338101369863;0.231441994520548;0.249902183561644;0.268565753424658;0.286953952054795;0.305060883561644;0.322965071232877;0.340912652054795;0.358526815068493;0.375303243835616;0.392155915068493;0.405323004109589;0.413592050684932;0.418996768493151;0.421575446575342;0.41961371369863;0.416279795890411;0.41225857260274;0.407829176712329;0.403100143835616;0.3978937;0.391817706849315;0.384352919178082;0.375302146575342;0.365066804109589;0.354142563013699;0.342664152054794;0.330441523287671;0.317423617808219;0.30380121369863;0.289700043835616;0.275106838356164;0.260038657534247;0.244494326027397;0.228483743835616;0.21202315890411;0.195150263013699;0.177953702739726;0.160363609589041;0.141972442465753;0.122408797260274;0.102143064383562;0.0819763195890411;0.0620313097260274;0.0417559497260274;0.0198584682191781;NaN;NaN;NaN;NaN;NaN;NaN;NaN;NaN;NaN;NaN;NaN;NaN;NaN;NaN;NaN;NaN;NaN;NaN;NaN;NaN;NaN;NaN;NaN;NaN;NaN;NaN;NaN;NaN;NaN;NaN;NaN;NaN;NaN;NaN;NaN;NaN;NaN;NaN;NaN;NaN;NaN;NaN;NaN;NaN;NaN;NaN;NaN;NaN;NaN;NaN;NaN;NaN;NaN;NaN;NaN;NaN;NaN;NaN;NaN;NaN;NaN;NaN;NaN;NaN;NaN;NaN;NaN;NaN;NaN;NaN
0.141898210958904;0.161420810958904;0.180635847945205;0.199114156164384;0.217492952054795;0.236176889041096;0.25526125890411;0.274390116438356;0.293222735616438;0.311798301369863;0.33023382739726;0.348708560273973;0.366622430136986;0.38392718630137;0.400944173972603;0.412795661643836;0.420003787671233;0.424532076712329;0.426411693150685;0.422900867123288;0.419361369863014;0.415250045205479;0.410811610958904;0.406047106849315;0.40071452739726;0.394376790410959;0.386483865753425;0.377045657534247;0.366532990410959;0.355394478082192;0.343640297260274;0.331094964383562;0.317784042465753;0.303913860273973;0.289548863013699;0.27468454109589;0.259336191780822;0.243496652054795;0.227183502739726;0.210404726027397;0.193219243835616;0.175712620547945;0.157742502739726;0.138838973972603;0.118731216438356;0.0980965969863014;0.0777528702739726;0.0575343220547945;0.0366500763013699;0.0139907628767123;NaN;NaN;NaN;NaN;NaN;NaN;NaN;NaN;NaN;NaN;NaN;NaN;NaN;NaN;NaN;NaN;NaN;NaN;NaN;NaN;NaN;NaN;NaN;NaN;NaN;NaN;NaN;NaN;NaN;NaN;NaN;NaN;NaN;NaN;NaN;NaN;NaN;NaN;NaN;NaN;NaN;NaN;NaN;NaN;NaN;NaN;NaN;NaN;NaN;NaN;NaN;NaN;NaN;NaN;NaN;NaN;NaN;NaN;NaN;NaN;NaN;NaN;NaN;NaN;NaN;NaN;NaN;NaN;NaN;NaN
0.144472612328767;0.164449915068493;0.183882936986301;0.202717894520548;0.221698038356164;0.241032602739726;0.260709410958904;0.280298009589041;0.299600831506849;0.318644680821918;0.337659461643836;0.356615324657534;0.374844943835616;0.393274121917808;0.409291434246575;0.419685435616438;0.426024043835616;0.429611817808219;0.430420779452055;0.426014187671233;0.422325321917808;0.418183438356164;0.41375205890411;0.408930149315068;0.403471789041096;0.396806057534247;0.388491243835616;0.378693712328767;0.367934424657534;0.356571671232877;0.344534921917808;0.331674120547945;0.318094516438356;0.303977098630137;0.289346730136986;0.27421427260274;0.258581019178082;0.24244608630137;0.22582451369863;0.208724720547945;0.191229387671233;0.17340257260274;0.155025706849315;0.135580816438356;0.114950790410959;0.0939904215068493;0.0734856664383561;0.0529305467123288;0.031365344109589;0.00795884856164384;NaN;NaN;NaN;NaN;NaN;NaN;NaN;NaN;NaN;NaN;NaN;NaN;NaN;NaN;NaN;NaN;NaN;NaN;NaN;NaN;NaN;NaN;NaN;NaN;NaN;NaN;NaN;NaN;NaN;NaN;NaN;NaN;NaN;NaN;NaN;NaN;NaN;NaN;NaN;NaN;NaN;NaN;NaN;NaN;NaN;NaN;NaN;NaN;NaN;NaN;NaN;NaN;NaN;NaN;NaN;NaN;NaN;NaN;NaN;NaN;NaN;NaN;NaN;NaN;NaN;NaN;NaN;NaN;NaN;NaN
0.147070049315068;0.16741307260274;0.187056271232877;0.20639192739726;0.226003589041096;0.246002594520548;0.266235443835616;0.286311676712329;0.306061691780822;0.325639956164384;0.345214778082192;0.364629832876712;0.383331201369863;0.40237681369863;0.417177447945205;0.426015671232877;0.431519830136986;0.434315268493151;0.434049610958904;0.428970712328767;0.425203409589041;0.42107382739726;0.416632602739726;0.411766016438356;0.406138152054795;0.399106715068493;0.39038107260274;0.380257008219178;0.369269371232877;0.357678161643836;0.345351667123288;0.332188665753425;0.318359382191781;0.30399011369863;0.289097657534247;0.273695650684932;0.257774391780822;0.241341889041096;0.224404997260274;0.206985594520548;0.18917971369863;0.171021612328767;0.152205246575342;0.132199590410959;0.111076280821918;0.0898336947945205;0.0691661853424657;0.0482005626027397;0.0258968452054795;0.00177264997260274;NaN;NaN;NaN;NaN;NaN;NaN;NaN;NaN;NaN;NaN;NaN;NaN;NaN;NaN;NaN;NaN;NaN;NaN;NaN;NaN;NaN;NaN;NaN;NaN;NaN;NaN;NaN;NaN;NaN;NaN;NaN;NaN;NaN;NaN;NaN;NaN;NaN;NaN;NaN;NaN;NaN;NaN;NaN;NaN;NaN;NaN;NaN;NaN;NaN;NaN;NaN;NaN;NaN;NaN;NaN;NaN;NaN;NaN;NaN;NaN;NaN;NaN;NaN;NaN;NaN;NaN;NaN;NaN;NaN;NaN
0.149660387671233;0.170273557534247;0.190210702739726;0.210152963013699;0.230415668493151;0.251076816438356;0.271859243835616;0.292411054794521;0.312615530136986;0.332781587671233;0.352892580821918;0.372771546575342;0.392571731506849;0.411126184931507;0.424375023287671;0.431913261643836;0.436558326027397;0.438153949315068;0.437317424657534;0.431799720547945;0.428019534246575;0.423909909589041;0.419456;0.414554898630137;0.408694783561644;0.401280289041096;0.392161493150685;0.381742232876712;0.37053971369863;0.358717317808219;0.346091380821918;0.33265008630137;0.318577983561644;0.30395544109589;0.288804542465753;0.273128702739726;0.256917434246575;0.240183028767123;0.222927406849315;0.205188498630137;0.187072136986301;0.168565560273973;0.14927381369863;0.128699284931507;0.107118332876712;0.085635294109589;0.0647827869863014;0.0433274667123288;0.020247415890411;NaN;NaN;NaN;NaN;NaN;NaN;NaN;NaN;NaN;NaN;NaN;NaN;NaN;NaN;NaN;NaN;NaN;NaN;NaN;NaN;NaN;NaN;NaN;NaN;NaN;NaN;NaN;NaN;NaN;NaN;NaN;NaN;NaN;NaN;NaN;NaN;NaN;NaN;NaN;NaN;NaN;NaN;NaN;NaN;NaN;NaN;NaN;NaN;NaN;NaN;NaN;NaN;NaN;NaN;NaN;NaN;NaN;NaN;NaN;NaN;NaN;NaN;NaN;NaN;NaN;NaN;NaN;NaN;NaN;NaN;NaN
0.152200987671233;0.173028606849315;0.193409921917808;0.213996436986301;0.234939209589041;0.256249731506849;0.277587;0.298568835616438;0.319304964383562;0.340042864383562;0.360700912328767;0.381136952054795;0.40174201369863;0.419463167123288;0.430795078082192;0.437290842465753;0.441091428767123;0.441632831506849;0.440330302739726;0.434532930136986;0.430783904109589;0.426677123287671;0.42224525890411;0.417265271232877;0.411140826027397;0.403329983561644;0.393841089041096;0.383151704109589;0.37175481369863;0.359685198630137;0.346763420547945;0.333065326027397;0.318749498630137;0.303876816438356;0.2884674;0.272513052054794;0.256009430136986;0.238968580821918;0.221392123287671;0.203331893150685;0.184905823287671;0.166025819178082;0.146226801369863;0.125087904109589;0.103084636986301;0.0813977975342465;0.0603211489041096;0.0382971952054795;0.0144233563013699;NaN;NaN;NaN;NaN;NaN;NaN;NaN;NaN;NaN;NaN;NaN;NaN;NaN;NaN;NaN;NaN;NaN;NaN;NaN;NaN;NaN;NaN;NaN;NaN;NaN;NaN;NaN;NaN;NaN;NaN;NaN;NaN;NaN;NaN;NaN;NaN;NaN;NaN;NaN;NaN;NaN;NaN;NaN;NaN;NaN;NaN;NaN;NaN;NaN;NaN;NaN;NaN;NaN;NaN;NaN;NaN;NaN;NaN;NaN;NaN;NaN;NaN;NaN;NaN;NaN;NaN;NaN;NaN;NaN;NaN;NaN
0.154642738356164;0.175718591780822;0.196687735616438;0.217923761643836;0.239577226027397;0.261535768493151;0.283379163013699;0.304802465753425;0.326128323287671;0.347409052054794;0.368672239726027;0.390204139726027;0.410682749315068;0.427221278082192;0.436579676712329;0.44222917260274;0.444737539726027;0.444718498630137;0.443122487671233;0.437196971232877;0.433477169863014;0.429393545205479;0.424990304109589;0.419891875342466;0.413469156164384;0.405261504109589;0.395423697260274;0.384499579452055;0.372914043835616;0.360580615068493;0.347378552054795;0.333434584931507;0.318876868493151;0.30375744109589;0.288085997260274;0.271848928767123;0.255050836986301;0.237699626027397;0.219797639726027;0.201419961643836;0.182678426027397;0.163396028767123;0.143063187671233;0.121374826027397;0.0989837949315068;0.0771217415068493;0.0557659150684932;0.0331006675342466;0.0084323401369863;NaN;NaN;NaN;NaN;NaN;NaN;NaN;NaN;NaN;NaN;NaN;NaN;NaN;NaN;NaN;NaN;NaN;NaN;NaN;NaN;NaN;NaN;NaN;NaN;NaN;NaN;NaN;NaN;NaN;NaN;NaN;NaN;NaN;NaN;NaN;NaN;NaN;NaN;NaN;NaN;NaN;NaN;NaN;NaN;NaN;NaN;NaN;NaN;NaN;NaN;NaN;NaN;NaN;NaN;NaN;NaN;NaN;NaN;NaN;NaN;NaN;NaN;NaN;NaN;NaN;NaN;NaN;NaN;NaN;NaN;NaN
0.156957760273973;0.178409523287671;0.200034616438356;0.221945820547945;0.244331256164384;0.266930236986301;0.289206124657534;0.311143097260274;0.333073845205479;0.354886819178082;0.377221712328767;0.399256278082192;0.41935442739726;0.433947646575342;0.441792842465753;0.4465434;0.448025583561644;0.447516212328767;0.445730078082192;0.439792254794521;0.436096169863014;0.432076820547945;0.427674608219178;0.422428380821918;0.415677083561644;0.407076223287671;0.396918197260274;0.385798515068493;0.374012071232877;0.361408279452055;0.347942897260274;0.333758824657534;0.318963616438356;0.303598205479452;0.287658865753425;0.271136280821918;0.254042160273973;0.236375339726027;0.218145375342466;0.199454015068493;0.180385319178082;0.160670309589041;0.139784815068493;0.11756401369863;0.094824194109589;0.0728025271232877;0.0511039224657534;0.0277316328767123;0.00228037373972603;NaN;NaN;NaN;NaN;NaN;NaN;NaN;NaN;NaN;NaN;NaN;NaN;NaN;NaN;NaN;NaN;NaN;NaN;NaN;NaN;NaN;NaN;NaN;NaN;NaN;NaN;NaN;NaN;NaN;NaN;NaN;NaN;NaN;NaN;NaN;NaN;NaN;NaN;NaN;NaN;NaN;NaN;NaN;NaN;NaN;NaN;NaN;NaN;NaN;NaN;NaN;NaN;NaN;NaN;NaN;NaN;NaN;NaN;NaN;NaN;NaN;NaN;NaN;NaN;NaN;NaN;NaN;NaN;NaN;NaN;NaN
0.159164521917808;0.181153850684932;0.203436234246575;0.226084446575343;0.249216330136986;0.272368709589041;0.295092105479452;0.317592042465753;0.340115310958904;0.362524304109589;0.385903421917808;0.408197946575342;0.427642321917808;0.439751761643836;0.446560193150685;0.449961283561644;0.450871580821918;0.450071020547945;0.448191724657534;0.442295712328767;0.438666110958904;0.434712167123288;0.430300097260274;0.424866219178082;0.41776374109589;0.40877657260274;0.398343249315068;0.387049646575343;0.375047512328767;0.36217641369863;0.348459402739726;0.33404172739726;0.319012834246575;0.303398152054795;0.287185194520548;0.270377134246575;0.252983583561644;0.234993473972603;0.216438264383562;0.197433320547945;0.178020149315068;0.157845568493151;0.136394823287671;0.113662517808219;0.0906155787671233;0.0684302964383562;0.0463202245205479;0.0221875106849315;NaN;NaN;NaN;NaN;NaN;NaN;NaN;NaN;NaN;NaN;NaN;NaN;NaN;NaN;NaN;NaN;NaN;NaN;NaN;NaN;NaN;NaN;NaN;NaN;NaN;NaN;NaN;NaN;NaN;NaN;NaN;NaN;NaN;NaN;NaN;NaN;NaN;NaN;NaN;NaN;NaN;NaN;NaN;NaN;NaN;NaN;NaN;NaN;NaN;NaN;NaN;NaN;NaN;NaN;NaN;NaN;NaN;NaN;NaN;NaN;NaN;NaN;NaN;NaN;NaN;NaN;NaN;NaN;NaN;NaN;NaN;NaN
0.161325517808219;0.183956560273973;0.206910305479452;0.230353078082192;0.254208393150685;0.277825138356164;0.301042820547945;0.324153323287671;0.347244445205479;0.37042892739726;0.394776308219178;0.416972143835616;0.434869724657534;0.444828024657534;0.450539097260274;0.453026983561644;0.453387780821918;0.452428717808219;0.450536002739726;0.444723928767123;0.441188869863014;0.43729958630137;0.432853838356164;0.427199276712329;0.419723915068493;0.410378831506849;0.399710239726027;0.388248356164384;0.376021147945205;0.362889436986301;0.348931283561644;0.334287035616438;0.319025702739726;0.303154916438356;0.28666548630137;0.269573204109589;0.251871950684932;0.233555795890411;0.214676935616438;0.195356875342466;0.1755782;0.154919906849315;0.132895187671233;0.109676698630137;0.086366095890411;0.0639949669863014;0.0414012938356164;0.0164681124657534;NaN;NaN;NaN;NaN;NaN;NaN;NaN;NaN;NaN;NaN;NaN;NaN;NaN;NaN;NaN;NaN;NaN;NaN;NaN;NaN;NaN;NaN;NaN;NaN;NaN;NaN;NaN;NaN;NaN;NaN;NaN;NaN;NaN;NaN;NaN;NaN;NaN;NaN;NaN;NaN;NaN;NaN;NaN;NaN;NaN;NaN;NaN;NaN;NaN;NaN;NaN;NaN;NaN;NaN;NaN;NaN;NaN;NaN;NaN;NaN;NaN;NaN;NaN;NaN;NaN;NaN;NaN;NaN;NaN;NaN;NaN;NaN
0.163501517808219;0.186791636986301;0.210487791780822;0.234768998630137;0.259235857534247;0.283323175342466;0.307066597260274;0.330812609589041;0.354495567123288;0.378964116438356;0.40363737260274;0.425655506849315;0.440932102739726;0.449320342465753;0.453633643835616;0.455599749315068;0.455644605479452;0.45463251369863;0.452776143835617;0.447099923287671;0.443655497260274;0.439842628767123;0.435328934246575;0.429419061643836;0.421561524657534;0.411897971232877;0.40102722739726;0.389396384931507;0.376935038356164;0.363550457534247;0.3493631;0.334497731506849;0.319000497260274;0.302866876712329;0.286102810958904;0.268722893150685;0.250706446575342;0.232064101369863;0.212861752054795;0.193221321917808;0.173056067123288;0.151891709589041;0.12928927260274;0.105614190410959;0.0820791424657534;0.0594830471232877;0.0363350736986301;0.0105759076712329;NaN;NaN;NaN;NaN;NaN;NaN;NaN;NaN;NaN;NaN;NaN;NaN;NaN;NaN;NaN;NaN;NaN;NaN;NaN;NaN;NaN;NaN;NaN;NaN;NaN;NaN;NaN;NaN;NaN;NaN;NaN;NaN;NaN;NaN;NaN;NaN;NaN;NaN;NaN;NaN;NaN;NaN;NaN;NaN;NaN;NaN;NaN;NaN;NaN;NaN;NaN;NaN;NaN;NaN;NaN;NaN;NaN;NaN;NaN;NaN;NaN;NaN;NaN;NaN;NaN;NaN;NaN;NaN;NaN;NaN;NaN;NaN
0.165711480821918;0.189666387671233;0.214201750684931;0.239284684931507;0.264275523287671;0.288841726027397;0.313180819178082;0.337553895890411;0.362037752054795;0.387427210958904;0.412424887671233;0.433337090410959;0.446064573972603;0.452907845205479;0.456392691780822;0.457780973972603;0.45770141369863;0.456710910958904;0.454891509589041;0.449408352054795;0.44607912739726;0.442331416438356;0.437718675342466;0.431515050684932;0.423291724657534;0.413341497260274;0.402297678082192;0.3904918;0.377790454794521;0.364165050684932;0.349759546575343;0.33467478630137;0.318935006849315;0.302535660273973;0.285499379452055;0.267823542465753;0.249489206849315;0.230518946575342;0.21099301369863;0.191024531506849;0.170451446575342;0.148758050684932;0.125578384931507;0.101484749315068;0.0777549245205479;0.0548833731506849;0.0311122278082192;0.00452125632876712;NaN;NaN;NaN;NaN;NaN;NaN;NaN;NaN;NaN;NaN;NaN;NaN;NaN;NaN;NaN;NaN;NaN;NaN;NaN;NaN;NaN;NaN;NaN;NaN;NaN;NaN;NaN;NaN;NaN;NaN;NaN;NaN;NaN;NaN;NaN;NaN;NaN;NaN;NaN;NaN;NaN;NaN;NaN;NaN;NaN;NaN;NaN;NaN;NaN;NaN;NaN;NaN;NaN;NaN;NaN;NaN;NaN;NaN;NaN;NaN;NaN;NaN;NaN;NaN;NaN;NaN;NaN;NaN;NaN;NaN;NaN;NaN
0.167939217808219;0.192624069863014;0.218071145205479;0.24382774109589;0.269333830136986;0.294403263013699;0.31938297260274;0.344396742465753;0.370059057534247;0.39604212739726;0.421226073972603;0.439684249315068;0.450306943835616;0.455555449315069;0.458616265753425;0.459669017808219;0.459602504109589;0.458660834246575;0.45689034520548;0.451656239726027;0.448459916438356;0.444760538356164;0.440012336986301;0.433493736986301;0.424922652054795;0.414719395890411;0.403525461643836;0.391532456164384;0.378591323287671;0.364739067123288;0.350123506849315;0.334816412328767;0.318827160273973;0.302164553424657;0.284853446575342;0.266874595890411;0.248220593150685;0.228919956164384;0.209070104109589;0.188764556164384;0.167761838356164;0.145514950684932;0.121769624657534;0.0972982667123287;0.0733877279452055;0.0501829361643836;0.0257250895890411;NaN;NaN;NaN;NaN;NaN;NaN;NaN;NaN;NaN;NaN;NaN;NaN;NaN;NaN;NaN;NaN;NaN;NaN;NaN;NaN;NaN;NaN;NaN;NaN;NaN;NaN;NaN;NaN;NaN;NaN;NaN;NaN;NaN;NaN;NaN;NaN;NaN;NaN;NaN;NaN;NaN;NaN;NaN;NaN;NaN;NaN;NaN;NaN;NaN;NaN;NaN;NaN;NaN;NaN;NaN;NaN;NaN;NaN;NaN;NaN;NaN;NaN;NaN;NaN;NaN;NaN;NaN;NaN;NaN;NaN;NaN;NaN;NaN
0.170185847945205;0.195729302739726;0.222050128767123;0.248416717808219;0.274383550684932;0.300027968493151;0.325662431506849;0.351543119178082;0.377914531506849;0.404666526027397;0.429290979452055;0.444926684931507;0.453436619178082;0.457862808219178;0.460386205479452;0.461340063013699;0.46136002739726;0.460467015068493;0.458794187671233;0.453855594520548;0.45079325890411;0.447122373972603;0.442201591780822;0.435357721917808;0.426459804109589;0.416043298630137;0.404709884931507;0.392514690410959;0.37934285890411;0.365278001369863;0.350455684931507;0.334920226027397;0.318678123287671;0.301755712328767;0.284162730136986;0.265877815068493;0.246900010958904;0.227268697260274;0.207093704109589;0.186440628767123;0.164983436986301;0.14216204109589;0.117871846575342;0.0930615210958904;0.0689689668493151;0.0453723665753425;0.0201721210958904;NaN;NaN;NaN;NaN;NaN;NaN;NaN;NaN;NaN;NaN;NaN;NaN;NaN;NaN;NaN;NaN;NaN;NaN;NaN;NaN;NaN;NaN;NaN;NaN;NaN;NaN;NaN;NaN;NaN;NaN;NaN;NaN;NaN;NaN;NaN;NaN;NaN;NaN;NaN;NaN;NaN;NaN;NaN;NaN;NaN;NaN;NaN;NaN;NaN;NaN;NaN;NaN;NaN;NaN;NaN;NaN;NaN;NaN;NaN;NaN;NaN;NaN;NaN;NaN;NaN;NaN;NaN;NaN;NaN;NaN;NaN;NaN;NaN
0.172506934246575;0.199020105479452;0.226085290410959;0.253013878082192;0.279467271232877;0.305737498630137;0.332023571232877;0.359076057534247;0.386008473972603;0.41336871369863;0.435873984931507;0.448996845205479;0.455506450684931;0.459632804109589;0.461842560273973;0.462843189041096;0.462972173972603;0.462150890410959;0.460607201369863;0.456007102739726;0.453079898630137;0.449409565753425;0.444285402739726;0.437111104109589;0.427912750684931;0.417324676712329;0.405846926027397;0.393442469863014;0.380051861643836;0.365785698630137;0.350754636986301;0.334984160273973;0.318491284931507;0.301307669863014;0.283427168493151;0.264832578082192;0.245527230136986;0.225564490410959;0.205064142465753;0.184048205479452;0.162110702739726;0.138699446575342;0.113892826027397;0.088778938630137;0.0644888802739726;0.0404409561643836;0.0144517621917808;NaN;NaN;NaN;NaN;NaN;NaN;NaN;NaN;NaN;NaN;NaN;NaN;NaN;NaN;NaN;NaN;NaN;NaN;NaN;NaN;NaN;NaN;NaN;NaN;NaN;NaN;NaN;NaN;NaN;NaN;NaN;NaN;NaN;NaN;NaN;NaN;NaN;NaN;NaN;NaN;NaN;NaN;NaN;NaN;NaN;NaN;NaN;NaN;NaN;NaN;NaN;NaN;NaN;NaN;NaN;NaN;NaN;NaN;NaN;NaN;NaN;NaN;NaN;NaN;NaN;NaN;NaN;NaN;NaN;NaN;NaN;NaN;NaN
0.17498574109589;0.202428419178082;0.230203979452055;0.257600794520548;0.284608734246575;0.311530875342466;0.338726761643836;0.366395719178082;0.394024997260274;0.421588083561644;0.441264063013699;0.451587539726027;0.457132246575343;0.46089324109589;0.46304722739726;0.46418925890411;0.464412861643836;0.463726583561644;0.462323595890411;0.458105869863014;0.455313734246575;0.451610542465753;0.446262097260274;0.438755730136986;0.429296587671233;0.418565008219178;0.406931606849315;0.394318906849315;0.380724160273973;0.366262524657534;0.351017619178082;0.335009106849315;0.318268360273973;0.300819934246575;0.282647397260274;0.263738680821918;0.244103046575342;0.223808171232877;0.202981878082192;0.18158454109589;0.159141775342466;0.135132182191781;0.109839953424658;0.0844546009589041;0.0599402793150685;0.0353798442465753;0.00856678093150685;NaN;NaN;NaN;NaN;NaN;NaN;NaN;NaN;NaN;NaN;NaN;NaN;NaN;NaN;NaN;NaN;NaN;NaN;NaN;NaN;NaN;NaN;NaN;NaN;NaN;NaN;NaN;NaN;NaN;NaN;NaN;NaN;NaN;NaN;NaN;NaN;NaN;NaN;NaN;NaN;NaN;NaN;NaN;NaN;NaN;NaN;NaN;NaN;NaN;NaN;NaN;NaN;NaN;NaN;NaN;NaN;NaN;NaN;NaN;NaN;NaN;NaN;NaN;NaN;NaN;NaN;NaN;NaN;NaN;NaN;NaN;NaN;NaN
0.177663982191781;0.205942164383562;0.234327990410959;0.262211328767123;0.289829347945205;0.317392304109589;0.345788415068493;0.374020642465753;0.402146826027397;0.42839075479452;0.445327821917808;0.45299154109589;0.458267193150685;0.461802245205479;0.464056028767123;0.465369506849315;0.465712461643836;0.465188843835616;0.463964287671233;0.460159156164384;0.457488145205479;0.453728131506849;0.448126267123288;0.440296902739726;0.430623006849315;0.419760056164384;0.40796342739726;0.395150567123288;0.381364353424658;0.366707910958904;0.351243380821918;0.334998068493151;0.318009108219178;0.300292198630137;0.281821849315069;0.26259497260274;0.242626390410959;0.222000506849315;0.200844443835616;0.179044065753425;0.156071790410959;0.131464968493151;0.105717306849315;0.0800853143835616;0.0553144783561644;0.0301768489041096;0.00251968852054794;NaN;NaN;NaN;NaN;NaN;NaN;NaN;NaN;NaN;NaN;NaN;NaN;NaN;NaN;NaN;NaN;NaN;NaN;NaN;NaN;NaN;NaN;NaN;NaN;NaN;NaN;NaN;NaN;NaN;NaN;NaN;NaN;NaN;NaN;NaN;NaN;NaN;NaN;NaN;NaN;NaN;NaN;NaN;NaN;NaN;NaN;NaN;NaN;NaN;NaN;NaN;NaN;NaN;NaN;NaN;NaN;NaN;NaN;NaN;NaN;NaN;NaN;NaN;NaN;NaN;NaN;NaN;NaN;NaN;NaN;NaN;NaN;NaN
0.180472126027397;0.2095449;0.2384457;0.266875780821918;0.295124764383562;0.323661556164384;0.352608489041096;0.3813278;0.40984272739726;0.433924054794521;0.447067983561644;0.453744756164384;0.458859920547945;0.462424721917808;0.464890789041096;0.4663732;0.466883467123288;0.466541702739726;0.465534365753425;0.462164295890411;0.459603591780822;0.455757460273973;0.449874635616438;0.441752830136986;0.431899487671233;0.420909216438356;0.40894624109589;0.395944173972603;0.381974093150685;0.36711954109589;0.35143322739726;0.334951579452055;0.317714680821918;0.299723964383562;0.280950971232877;0.261402712328767;0.2410982;0.220143461643836;0.198650150684932;0.17642397260274;0.152899610958904;0.127704745205479;0.101529295890411;0.0756724146575342;0.0506051106849315;0.0248242936986301;NaN;NaN;NaN;NaN;NaN;NaN;NaN;NaN;NaN;NaN;NaN;NaN;NaN;NaN;NaN;NaN;NaN;NaN;NaN;NaN;NaN;NaN;NaN;NaN;NaN;NaN;NaN;NaN;NaN;NaN;NaN;NaN;NaN;NaN;NaN;NaN;NaN;NaN;NaN;NaN;NaN;NaN;NaN;NaN;NaN;NaN;NaN;NaN;NaN;NaN;NaN;NaN;NaN;NaN;NaN;NaN;NaN;NaN;NaN;NaN;NaN;NaN;NaN;NaN;NaN;NaN;NaN;NaN;NaN;NaN;NaN;NaN;NaN;NaN
0.183447965753425;0.213170656164384;0.242573575342466;0.271595298630137;0.300489061643836;0.330113098630137;0.35976765890411;0.388581853424658;0.416624910958904;0.438161778082192;0.447737930136986;0.454066984931507;0.459092032876712;0.462816221917808;0.465535;0.467227889041096;0.467910398630137;0.46779042739726;0.467031653424657;0.464121953424658;0.461658034246575;0.457684847945205;0.451509454794521;0.443132976712329;0.433126920547945;0.422012183561644;0.409882298630137;0.396703384931507;0.382552801369863;0.367496324657534;0.351588002739726;0.334870320547945;0.317385306849315;0.299113050684931;0.280034810958904;0.26016035890411;0.239520252054795;0.218237090410959;0.196395154794521;0.173720693150685;0.149625353424658;0.12385614109589;0.0972792823287671;0.0712153050684931;0.0458016935616438;0.0193162883561644;NaN;NaN;NaN;NaN;NaN;NaN;NaN;NaN;NaN;NaN;NaN;NaN;NaN;NaN;NaN;NaN;NaN;NaN;NaN;NaN;NaN;NaN;NaN;NaN;NaN;NaN;NaN;NaN;NaN;NaN;NaN;NaN;NaN;NaN;NaN;NaN;NaN;NaN;NaN;NaN;NaN;NaN;NaN;NaN;NaN;NaN;NaN;NaN;NaN;NaN;NaN;NaN;NaN;NaN;NaN;NaN;NaN;NaN;NaN;NaN;NaN;NaN;NaN;NaN;NaN;NaN;NaN;NaN;NaN;NaN;NaN;NaN;NaN;NaN
0.186486376712329;0.216775149315068;0.2467247;0.276366884931507;0.306294304109589;0.33645035890411;0.366532365753425;0.395344028767123;0.422528080821918;0.440155989041096;0.447582742465753;0.453856376712329;0.459007745205479;0.46299721369863;0.465983409589041;0.467923804109589;0.468818026027397;0.468943520547945;0.468458120547945;0.466042110958904;0.463640193150685;0.459500831506849;0.453040793150685;0.444446139726027;0.43430624109589;0.42306905890411;0.410777550684931;0.397430653424657;0.383099319178082;0.367839206849315;0.35170734109589;0.334756924657534;0.317019705479452;0.298459464383562;0.279073849315069;0.258868515068493;0.237893749315068;0.216280517808219;0.194077336986301;0.170932542465753;0.146249226027397;0.119923412328767;0.0929722789041096;0.0667083990410959;0.0408929738356164;0.0136497257534247;NaN;NaN;NaN;NaN;NaN;NaN;NaN;NaN;NaN;NaN;NaN;NaN;NaN;NaN;NaN;NaN;NaN;NaN;NaN;NaN;NaN;NaN;NaN;NaN;NaN;NaN;NaN;NaN;NaN;NaN;NaN;NaN;NaN;NaN;NaN;NaN;NaN;NaN;NaN;NaN;NaN;NaN;NaN;NaN;NaN;NaN;NaN;NaN;NaN;NaN;NaN;NaN;NaN;NaN;NaN;NaN;NaN;NaN;NaN;NaN;NaN;NaN;NaN;NaN;NaN;NaN;NaN;NaN;NaN;NaN;NaN;NaN;NaN;NaN
0.189530354794521;0.220344653424658;0.250897468493151;0.281204652054795;0.312146520547945;0.343042491780822;0.372958998630137;0.401530921917808;0.427487456164384;0.44047088630137;0.447111387671233;0.453365131506849;0.458660393150685;0.462971675342466;0.466269452054794;0.468455708219178;0.469612560273973;0.470010594520548;0.469818006849315;0.467919094520548;0.465535926027397;0.461204338356164;0.45447947260274;0.445696332876712;0.435440483561644;0.424079030136986;0.41163595890411;0.398126595890411;0.383613867123288;0.368147867123288;0.351792565753425;0.334612794520548;0.31661524109589;0.297764157534247;0.278067584931507;0.257527765753425;0.236218856164384;0.214272815068493;0.191692732876712;0.168057780821918;0.142772921917808;0.115908557534247;0.0886153078082192;0.0621467479452055;0.0358698397260274;0.00782590846575343;NaN;NaN;NaN;NaN;NaN;NaN;NaN;NaN;NaN;NaN;NaN;NaN;NaN;NaN;NaN;NaN;NaN;NaN;NaN;NaN;NaN;NaN;NaN;NaN;NaN;NaN;NaN;NaN;NaN;NaN;NaN;NaN;NaN;NaN;NaN;NaN;NaN;NaN;NaN;NaN;NaN;NaN;NaN;NaN;NaN;NaN;NaN;NaN;NaN;NaN;NaN;NaN;NaN;NaN;NaN;NaN;NaN;NaN;NaN;NaN;NaN;NaN;NaN;NaN;NaN;NaN;NaN;NaN;NaN;NaN;NaN;NaN;NaN;NaN
0.192510064383562;0.223910760273973;0.255109497260274;0.286486306849315;0.317880665753425;0.349181957534247;0.379024797260274;0.40716642739726;0.430054530136986;0.439802535616438;0.44621745890411;0.452633015068493;0.458084676712329;0.462749515068493;0.466374057534247;0.468838608219178;0.470294939726027;0.470993891780822;0.471115423287671;0.46973835890411;0.467337771232877;0.462798715068493;0.455830001369863;0.446886680821918;0.436530483561644;0.425047832876712;0.41246017260274;0.398791478082192;0.384096871232877;0.368421328767123;0.351847168493151;0.334436293150685;0.316171109589041;0.297027819178082;0.277015115068493;0.256138749315069;0.234496147945205;0.212212763013699;0.189239660273973;0.165093195890411;0.139197715068493;0.111815691780822;0.0842163895890411;0.0575227632876712;0.0307247723287671;0.00184674019178082;NaN;NaN;NaN;NaN;NaN;NaN;NaN;NaN;NaN;NaN;NaN;NaN;NaN;NaN;NaN;NaN;NaN;NaN;NaN;NaN;NaN;NaN;NaN;NaN;NaN;NaN;NaN;NaN;NaN;NaN;NaN;NaN;NaN;NaN;NaN;NaN;NaN;NaN;NaN;NaN;NaN;NaN;NaN;NaN;NaN;NaN;NaN;NaN;NaN;NaN;NaN;NaN;NaN;NaN;NaN;NaN;NaN;NaN;NaN;NaN;NaN;NaN;NaN;NaN;NaN;NaN;NaN;NaN;NaN;NaN;NaN;NaN;NaN;NaN
0.195428297260274;0.227497106849315;0.259365752054795;0.291679484931507;0.323789634246575;0.354939752054794;0.384500034246575;0.412326828767123;0.430839531506849;0.438829554794521;0.445222424657534;0.451690549315069;0.457315747945205;0.462359939726027;0.466296663013699;0.469080050684931;0.470879324657534;0.471897101369863;0.472366567123288;0.471487554794521;0.469040434246575;0.464284304109589;0.457100652054794;0.448023297260274;0.437577176712329;0.425976019178082;0.413252119178082;0.39942655890411;0.384546849315069;0.368661412328767;0.351873216438356;0.334225;0.315688030136986;0.296250064383562;0.275915849315069;0.254701373972603;0.232725023287671;0.210098745205479;0.186716269863014;0.16203691369863;0.135525679452055;0.10765217260274;0.0797762063013699;0.0528265646575343;0.0254501104109589;NaN;NaN;NaN;NaN;NaN;NaN;NaN;NaN;NaN;NaN;NaN;NaN;NaN;NaN;NaN;NaN;NaN;NaN;NaN;NaN;NaN;NaN;NaN;NaN;NaN;NaN;NaN;NaN;NaN;NaN;NaN;NaN;NaN;NaN;NaN;NaN;NaN;NaN;NaN;NaN;NaN;NaN;NaN;NaN;NaN;NaN;NaN;NaN;NaN;NaN;NaN;NaN;NaN;NaN;NaN;NaN;NaN;NaN;NaN;NaN;NaN;NaN;NaN;NaN;NaN;NaN;NaN;NaN;NaN;NaN;NaN;NaN;NaN;NaN;NaN
0.198361226027397;0.231112032876712;0.2640749;0.296844135616438;0.329141450684932;0.360388921917808;0.389489943835616;0.415228243835616;0.430541815068493;0.437380504109589;0.444144506849315;0.450567763013699;0.456421591780822;0.46178091369863;0.466054767123288;0.469190120547945;0.471358445205479;0.472740126027397;0.473584235616438;0.473157953424658;0.47063827260274;0.465663582191781;0.458296615068493;0.449108363013699;0.438583954794521;0.426866819178082;0.414012782191781;0.40003155890411;0.384962169863014;0.368871402739726;0.351869191780822;0.333977749315069;0.315167069863014;0.295430549315069;0.274769921917808;0.253217850684932;0.230905660273973;0.207930943835616;0.184121120547945;0.158885495890411;0.131761583561644;0.103422553424658;0.0752962015068493;0.0480504516438356;0.0200412820547945;NaN;NaN;NaN;NaN;NaN;NaN;NaN;NaN;NaN;NaN;NaN;NaN;NaN;NaN;NaN;NaN;NaN;NaN;NaN;NaN;NaN;NaN;NaN;NaN;NaN;NaN;NaN;NaN;NaN;NaN;NaN;NaN;NaN;NaN;NaN;NaN;NaN;NaN;NaN;NaN;NaN;NaN;NaN;NaN;NaN;NaN;NaN;NaN;NaN;NaN;NaN;NaN;NaN;NaN;NaN;NaN;NaN;NaN;NaN;NaN;NaN;NaN;NaN;NaN;NaN;NaN;NaN;NaN;NaN;NaN;NaN;NaN;NaN;NaN;NaN
0.201332038356164;0.234755953424657;0.268515964383562;0.301926124657534;0.334326754794521;0.365283669863014;0.394201545205479;0.416667335616438;0.429706445205479;0.435912945205479;0.442928706849315;0.4493495;0.455430198630137;0.461024880821918;0.465653563013699;0.469174446575342;0.471740116438356;0.473534590410959;0.4747718;0.474748950684932;0.472127956164384;0.466944745205479;0.459424863013699;0.450147867123288;0.439549068493151;0.427724901369863;0.414745719178082;0.400604643835617;0.385344356164384;0.369052952054795;0.351833332876712;0.333695056164384;0.314608879452055;0.294568545205479;0.273576665753425;0.251687838356164;0.22903788630137;0.205707090410959;0.181450709589041;0.155636491780822;0.127909054794521;0.0991299443835616;0.0707758716438356;0.0431888034246575;0.0144890879452055;NaN;NaN;NaN;NaN;NaN;NaN;NaN;NaN;NaN;NaN;NaN;NaN;NaN;NaN;NaN;NaN;NaN;NaN;NaN;NaN;NaN;NaN;NaN;NaN;NaN;NaN;NaN;NaN;NaN;NaN;NaN;NaN;NaN;NaN;NaN;NaN;NaN;NaN;NaN;NaN;NaN;NaN;NaN;NaN;NaN;NaN;NaN;NaN;NaN;NaN;NaN;NaN;NaN;NaN;NaN;NaN;NaN;NaN;NaN;NaN;NaN;NaN;NaN;NaN;NaN;NaN;NaN;NaN;NaN;NaN;NaN;NaN;NaN;NaN;NaN
0.20433944109589;0.23886147260274;0.273186539726027;0.306604830136986;0.339067889041096;0.369741097260274;0.396802530136986;0.41728338630137;0.428041312328767;0.434447734246575;0.441582212328767;0.448058419178082;0.4543217;0.46012562739726;0.465109880821918;0.469038684931507;0.472034212328767;0.474283142465754;0.475923617808219;0.4762486;0.473503120547945;0.468131076712329;0.460489502739726;0.45114858630137;0.440473782191781;0.428551978082192;0.415449134246575;0.401145136986301;0.385696421917808;0.369205406849315;0.351765246575342;0.333377856164384;0.314013198630137;0.293662106849315;0.272336408219178;0.250111379452055;0.227121610958904;0.203425446575342;0.178701032876712;0.152290280821918;0.12397357260274;0.0947805939726027;0.0662097019178082;0.0382338135616438;0.00878913326027397;NaN;NaN;NaN;NaN;NaN;NaN;NaN;NaN;NaN;NaN;NaN;NaN;NaN;NaN;NaN;NaN;NaN;NaN;NaN;NaN;NaN;NaN;NaN;NaN;NaN;NaN;NaN;NaN;NaN;NaN;NaN;NaN;NaN;NaN;NaN;NaN;NaN;NaN;NaN;NaN;NaN;NaN;NaN;NaN;NaN;NaN;NaN;NaN;NaN;NaN;NaN;NaN;NaN;NaN;NaN;NaN;NaN;NaN;NaN;NaN;NaN;NaN;NaN;NaN;NaN;NaN;NaN;NaN;NaN;NaN;NaN;NaN;NaN;NaN;NaN
0.207387278082192;0.242640275342466;0.277524904109589;0.31117784109589;0.343389171232877;0.373929953424658;0.398277732876712;0.417329031506849;0.426196187671233;0.432956646575342;0.440127475342466;0.446718;0.453127289041096;0.459110990410959;0.464431767123288;0.468793335616438;0.472261382191781;0.47498995890411;0.47703508630137;0.477651420547945;0.474765764383562;0.469228352054795;0.461497690410959;0.452107454794521;0.441363208219178;0.429351856164384;0.416121960273973;0.401654545205479;0.386019131506849;0.369327582191781;0.351665397260274;0.333027139726027;0.313378582191781;0.292710980821918;0.271050517808219;0.248489195890411;0.22515701369863;0.201084928767123;0.175870653424658;0.148847698630137;0.119957108219178;0.0903808446575342;0.0615935287671233;0.0331785910958904;0.00293788849315068;NaN;NaN;NaN;NaN;NaN;NaN;NaN;NaN;NaN;NaN;NaN;NaN;NaN;NaN;NaN;NaN;NaN;NaN;NaN;NaN;NaN;NaN;NaN;NaN;NaN;NaN;NaN;NaN;NaN;NaN;NaN;NaN;NaN;NaN;NaN;NaN;NaN;NaN;NaN;NaN;NaN;NaN;NaN;NaN;NaN;NaN;NaN;NaN;NaN;NaN;NaN;NaN;NaN;NaN;NaN;NaN;NaN;NaN;NaN;NaN;NaN;NaN;NaN;NaN;NaN;NaN;NaN;NaN;NaN;NaN;NaN;NaN;NaN;NaN;NaN
0.2108848;0.246749687671233;0.281532702739726;0.315202436986301;0.347344309589041;0.376196335616438;0.399390187671233;0.416260191780822;0.424287517808219;0.431368873972603;0.438612564383562;0.445334246575342;0.451865184931507;0.458005894520548;0.463636668493151;0.468451889041096;0.472429705479452;0.475647316438356;0.478105154794521;0.478948452054795;0.475916452054794;0.470246824657534;0.462452067123288;0.453025121917808;0.442219584931507;0.430124594520548;0.416764206849315;0.402133960273973;0.386311153424658;0.369419134246575;0.3515349;0.332642624657534;0.312703235616438;0.291715815068493;0.269720089041096;0.246822008219178;0.22314408630137;0.198681971232877;0.172957694520548;0.145309779452055;0.115864091780822;0.0859333368493151;0.0569206295890411;0.0280154732876712;NaN;NaN;NaN;NaN;NaN;NaN;NaN;NaN;NaN;NaN;NaN;NaN;NaN;NaN;NaN;NaN;NaN;NaN;NaN;NaN;NaN;NaN;NaN;NaN;NaN;NaN;NaN;NaN;NaN;NaN;NaN;NaN;NaN;NaN;NaN;NaN;NaN;NaN;NaN;NaN;NaN;NaN;NaN;NaN;NaN;NaN;NaN;NaN;NaN;NaN;NaN;NaN;NaN;NaN;NaN;NaN;NaN;NaN;NaN;NaN;NaN;NaN;NaN;NaN;NaN;NaN;NaN;NaN;NaN;NaN;NaN;NaN;NaN;NaN;NaN;NaN
0.214065587671233;0.250407556164384;0.285478389041096;0.318814805479452;0.351266201369863;0.377550109589041;0.400032316438356;0.414762269863014;0.422334173972603;0.429720720547945;0.437014342465753;0.443904347945205;0.450533661643836;0.456832573972603;0.462750105479452;0.46803227260274;0.472530708219178;0.476258909589041;0.479123028767123;0.480131989041096;0.47695954109589;0.471195798630137;0.4633593;0.453905489041096;0.443048075342466;0.430868483561644;0.417377212328767;0.402583590410959;0.386572191780822;0.369481349315068;0.351374715068493;0.332222983561644;0.311986279452055;0.290676538356164;0.268345816438356;0.245107964383562;0.221082308219178;0.196214664383562;0.169959987671233;0.141678146575342;0.111699489041096;0.0814447923287671;0.0521846904109589;0.0227391230136986;NaN;NaN;NaN;NaN;NaN;NaN;NaN;NaN;NaN;NaN;NaN;NaN;NaN;NaN;NaN;NaN;NaN;NaN;NaN;NaN;NaN;NaN;NaN;NaN;NaN;NaN;NaN;NaN;NaN;NaN;NaN;NaN;NaN;NaN;NaN;NaN;NaN;NaN;NaN;NaN;NaN;NaN;NaN;NaN;NaN;NaN;NaN;NaN;NaN;NaN;NaN;NaN;NaN;NaN;NaN;NaN;NaN;NaN;NaN;NaN;NaN;NaN;NaN;NaN;NaN;NaN;NaN;NaN;NaN;NaN;NaN;NaN;NaN;NaN;NaN;NaN
0.217547373972603;0.253864638356164;0.288775446575342;0.322206987671233;0.353127061643836;0.378673445205479;0.399644273972603;0.412952889041096;0.4203305;0.428000335616438;0.435352660273973;0.442402254794521;0.44915614109589;0.455613934246575;0.461802624657534;0.467542860273973;0.472578723287671;0.476824419178082;0.480080005479452;0.481198580821918;0.47790324109589;0.472077464383562;0.464220720547945;0.454749145205479;0.443847094520548;0.431582764383562;0.417961361643836;0.403001295890411;0.386803671232877;0.369515453424657;0.351184361643836;0.331766435616438;0.311228216438356;0.289594124657534;0.266928056164384;0.243347494520548;0.218969871232877;0.193681226027397;0.166874763013699;0.137955673972603;0.107467567123288;0.0769166310958904;0.0473809024657534;0.0173413157534247;NaN;NaN;NaN;NaN;NaN;NaN;NaN;NaN;NaN;NaN;NaN;NaN;NaN;NaN;NaN;NaN;NaN;NaN;NaN;NaN;NaN;NaN;NaN;NaN;NaN;NaN;NaN;NaN;NaN;NaN;NaN;NaN;NaN;NaN;NaN;NaN;NaN;NaN;NaN;NaN;NaN;NaN;NaN;NaN;NaN;NaN;NaN;NaN;NaN;NaN;NaN;NaN;NaN;NaN;NaN;NaN;NaN;NaN;NaN;NaN;NaN;NaN;NaN;NaN;NaN;NaN;NaN;NaN;NaN;NaN;NaN;NaN;NaN;NaN;NaN;NaN
0.220583454794521;0.257096660273973;0.291631482191781;0.325597069863014;0.354407690410959;0.379355554794521;0.398823575342466;0.410903547945205;0.418321138356164;0.426187846575342;0.433653297260274;0.440858056164384;0.447758053424658;0.454372664383562;0.460827953424657;0.46699744109589;0.472581139726027;0.477346276712329;0.480964749315069;0.482151631506849;0.478757264383562;0.472897736986301;0.465038812328767;0.455558768493151;0.444618216438356;0.432270326027397;0.418516573972603;0.403386908219178;0.387007087671233;0.369523254794521;0.350963068493151;0.331272012328767;0.310428409589041;0.288469246575343;0.265466369863014;0.241540916438356;0.216806569863014;0.191080182191781;0.16369948630137;0.134146168493151;0.103171832876712;0.0723492156164384;0.0425018932876712;0.0118125921917808;NaN;NaN;NaN;NaN;NaN;NaN;NaN;NaN;NaN;NaN;NaN;NaN;NaN;NaN;NaN;NaN;NaN;NaN;NaN;NaN;NaN;NaN;NaN;NaN;NaN;NaN;NaN;NaN;NaN;NaN;NaN;NaN;NaN;NaN;NaN;NaN;NaN;NaN;NaN;NaN;NaN;NaN;NaN;NaN;NaN;NaN;NaN;NaN;NaN;NaN;NaN;NaN;NaN;NaN;NaN;NaN;NaN;NaN;NaN;NaN;NaN;NaN;NaN;NaN;NaN;NaN;NaN;NaN;NaN;NaN;NaN;NaN;NaN;NaN;NaN;NaN
0.223449431506849;0.2596339;0.294492195890411;0.327268923287671;0.355464157534247;0.379174357534247;0.397647209589041;0.40868412739726;0.416268638356164;0.424302439726027;0.431897498630137;0.439257461643836;0.446312784931507;0.45312444109589;0.459831997260274;0.466416891780822;0.472546682191781;0.477816660273973;0.481760749315068;0.482984746575342;0.479522424657534;0.473659284931507;0.465813912328767;0.456334730136986;0.445362260273973;0.432930079452055;0.419039652054794;0.403740657534247;0.387183945205479;0.369504063013699;0.350709212328767;0.33073965890411;0.309588506849315;0.28730282739726;0.263960916438356;0.239688601369863;0.21459245890411;0.188409152054795;0.160432828767123;0.130255284931507;0.0988189897260274;0.0677413158904109;0.0375435652054795;0.00614637487671233;NaN;NaN;NaN;NaN;NaN;NaN;NaN;NaN;NaN;NaN;NaN;NaN;NaN;NaN;NaN;NaN;NaN;NaN;NaN;NaN;NaN;NaN;NaN;NaN;NaN;NaN;NaN;NaN;NaN;NaN;NaN;NaN;NaN;NaN;NaN;NaN;NaN;NaN;NaN;NaN;NaN;NaN;NaN;NaN;NaN;NaN;NaN;NaN;NaN;NaN;NaN;NaN;NaN;NaN;NaN;NaN;NaN;NaN;NaN;NaN;NaN;NaN;NaN;NaN;NaN;NaN;NaN;NaN;NaN;NaN;NaN;NaN;NaN;NaN;NaN;NaN
0.225840821917808;0.26189254109589;0.297206747945205;0.328472630136986;0.356106409589041;0.378676447945205;0.396086402739726;0.406369063013699;0.414167409589041;0.422345195890411;0.430098564383562;0.437603823287671;0.444849706849315;0.451879104109589;0.458847810958904;0.465817157534247;0.472468857534247;0.478227384931507;0.482461382191781;0.483708691780822;0.480210843835616;0.4743683;0.466552690410959;0.457081239726027;0.446081763013699;0.433560019178082;0.419529638356164;0.404064553424658;0.387335024657534;0.369456946575343;0.350421093150685;0.330168257534247;0.308708768493151;0.286094304109589;0.262410831506849;0.237790461643836;0.212325789041096;0.185664135616438;0.157074308219178;0.126286073972603;0.09440972;0.0630890421917808;0.0324987397260274;0.000338277617808219;NaN;NaN;NaN;NaN;NaN;NaN;NaN;NaN;NaN;NaN;NaN;NaN;NaN;NaN;NaN;NaN;NaN;NaN;NaN;NaN;NaN;NaN;NaN;NaN;NaN;NaN;NaN;NaN;NaN;NaN;NaN;NaN;NaN;NaN;NaN;NaN;NaN;NaN;NaN;NaN;NaN;NaN;NaN;NaN;NaN;NaN;NaN;NaN;NaN;NaN;NaN;NaN;NaN;NaN;NaN;NaN;NaN;NaN;NaN;NaN;NaN;NaN;NaN;NaN;NaN;NaN;NaN;NaN;NaN;NaN;NaN;NaN;NaN;NaN;NaN;NaN
0.227760901369863;0.264211608219178;0.298531543835616;0.329430663013699;0.355975684931507;0.37787012739726;0.394212056164384;0.403951328767123;0.412013752054795;0.420330109589041;0.428241184931507;0.435928667123288;0.443374901369863;0.450639134246575;0.457876053424657;0.465211664383562;0.472350034246575;0.478570489041096;0.483061328767123;0.484328623287671;0.480824464383562;0.475026428767123;0.467254884931507;0.457799438356164;0.446775678082192;0.434158790410959;0.419985983561644;0.4043611;0.38746125890411;0.369381080821918;0.350097973972603;0.329559184931507;0.307790204109589;0.284844073972603;0.260815856164384;0.235848406849315;0.210004331506849;0.182843149315069;0.153624960273973;0.122242271232877;0.0899474087671233;0.0583893149315068;0.0273607701369863;NaN;NaN;NaN;NaN;NaN;NaN;NaN;NaN;NaN;NaN;NaN;NaN;NaN;NaN;NaN;NaN;NaN;NaN;NaN;NaN;NaN;NaN;NaN;NaN;NaN;NaN;NaN;NaN;NaN;NaN;NaN;NaN;NaN;NaN;NaN;NaN;NaN;NaN;NaN;NaN;NaN;NaN;NaN;NaN;NaN;NaN;NaN;NaN;NaN;NaN;NaN;NaN;NaN;NaN;NaN;NaN;NaN;NaN;NaN;NaN;NaN;NaN;NaN;NaN;NaN;NaN;NaN;NaN;NaN;NaN;NaN;NaN;NaN;NaN;NaN;NaN;NaN
0.229404568493151;0.265983624657534;0.299518304109589;0.329980720547945;0.355524236986301;0.376727393150685;0.392100615068493;0.401471505479452;0.409792994520548;0.418251763013699;0.426354406849315;0.434228032876712;0.441890384931507;0.449396161643836;0.456927523287671;0.464614101369863;0.472200398630137;0.47883322739726;0.483550271232877;0.484850568493151;0.481366010958904;0.475631060273973;0.467922231506849;0.458491254794521;0.447440882191781;0.434723838356164;0.420410401369863;0.404631676712329;0.387561815068493;0.369275375342466;0.349740163013699;0.328913226027397;0.306832432876712;0.283550380821918;0.259177364383562;0.233864146575342;0.207625291780822;0.179944979452055;0.150087034246575;0.118126124657534;0.0854369356164383;0.0536377993150685;0.0221218087671233;NaN;NaN;NaN;NaN;NaN;NaN;NaN;NaN;NaN;NaN;NaN;NaN;NaN;NaN;NaN;NaN;NaN;NaN;NaN;NaN;NaN;NaN;NaN;NaN;NaN;NaN;NaN;NaN;NaN;NaN;NaN;NaN;NaN;NaN;NaN;NaN;NaN;NaN;NaN;NaN;NaN;NaN;NaN;NaN;NaN;NaN;NaN;NaN;NaN;NaN;NaN;NaN;NaN;NaN;NaN;NaN;NaN;NaN;NaN;NaN;NaN;NaN;NaN;NaN;NaN;NaN;NaN;NaN;NaN;NaN;NaN;NaN;NaN;NaN;NaN;NaN;NaN
0.231279502739726;0.266805117808219;0.300346428767123;0.329858942465753;0.354801154794521;0.375295568493151;0.389757434246575;0.398941930136986;0.407515921917808;0.416126609589041;0.424443046575342;0.432512571232877;0.440394595890411;0.448166952054795;0.456006842465753;0.464032071232877;0.472007717808219;0.479010539726028;0.483929716438356;0.485275749315069;0.481844339726027;0.476190136986301;0.468557856164384;0.459161994520548;0.448076257534247;0.435256335616438;0.42080548630137;0.404877276712329;0.387636001369863;0.369139430136986;0.349347273972603;0.328230909589041;0.305835150684932;0.282213931506849;0.257496538356164;0.231836208219178;0.205187132876712;0.176968809589041;0.146462382191781;0.113939521917808;0.0808823663013699;0.0488300891780822;0.0167736338356164;NaN;NaN;NaN;NaN;NaN;NaN;NaN;NaN;NaN;NaN;NaN;NaN;NaN;NaN;NaN;NaN;NaN;NaN;NaN;NaN;NaN;NaN;NaN;NaN;NaN;NaN;NaN;NaN;NaN;NaN;NaN;NaN;NaN;NaN;NaN;NaN;NaN;NaN;NaN;NaN;NaN;NaN;NaN;NaN;NaN;NaN;NaN;NaN;NaN;NaN;NaN;NaN;NaN;NaN;NaN;NaN;NaN;NaN;NaN;NaN;NaN;NaN;NaN;NaN;NaN;NaN;NaN;NaN;NaN;NaN;NaN;NaN;NaN;NaN;NaN;NaN;NaN
0.232012628767123;0.267433736986301;0.300671424657534;0.329438621917808;0.353772489041096;0.373553152054795;0.387232439726027;0.396363773972603;0.405177554794521;0.413974131506849;0.422503594520548;0.430790242465753;0.438889931506849;0.446953319178082;0.455127;0.463459275342466;0.471773189041096;0.479093728767123;0.484195243835616;0.485615178082192;0.482263912328767;0.476704880821918;0.469167228767123;0.459806467123288;0.448679430136986;0.435756460273973;0.421171661643836;0.405097484931507;0.387683194520548;0.368972923287671;0.348919824657534;0.327512263013699;0.304796224657534;0.280834890410959;0.255774773972603;0.229763019178082;0.20268754109589;0.17391158630137;0.142752575342466;0.109685220547945;0.076288611369863;0.0439606706849315;0.0113100279452055;NaN;NaN;NaN;NaN;NaN;NaN;NaN;NaN;NaN;NaN;NaN;NaN;NaN;NaN;NaN;NaN;NaN;NaN;NaN;NaN;NaN;NaN;NaN;NaN;NaN;NaN;NaN;NaN;NaN;NaN;NaN;NaN;NaN;NaN;NaN;NaN;NaN;NaN;NaN;NaN;NaN;NaN;NaN;NaN;NaN;NaN;NaN;NaN;NaN;NaN;NaN;NaN;NaN;NaN;NaN;NaN;NaN;NaN;NaN;NaN;NaN;NaN;NaN;NaN;NaN;NaN;NaN;NaN;NaN;NaN;NaN;NaN;NaN;NaN;NaN;NaN;NaN
0.232189295890411;0.268003852054795;0.300510836986301;0.328694449315069;0.352489138356164;0.371513160273973;0.384561789041096;0.39373502739726;0.402787993150685;0.411794345205479;0.420544534246575;0.429051328767123;0.437391115068493;0.445762175342466;0.454265530136986;0.462898960273972;0.471490357534247;0.479074180821918;0.484338901369863;0.48587972739726;0.482629920547945;0.477182457534247;0.46974995890411;0.460422309589041;0.44924897260274;0.436225269863014;0.421509420547945;0.405291910958904;0.387703439726027;0.368775408219178;0.348458156164384;0.326756984931507;0.303715442465753;0.279414590410959;0.254011902739726;0.227643087671233;0.200125875342466;0.170772336986301;0.138960943835616;0.105366708219178;0.0716556380821918;0.039023891369863;0.00572431791780822;NaN;NaN;NaN;NaN;NaN;NaN;NaN;NaN;NaN;NaN;NaN;NaN;NaN;NaN;NaN;NaN;NaN;NaN;NaN;NaN;NaN;NaN;NaN;NaN;NaN;NaN;NaN;NaN;NaN;NaN;NaN;NaN;NaN;NaN;NaN;NaN;NaN;NaN;NaN;NaN;NaN;NaN;NaN;NaN;NaN;NaN;NaN;NaN;NaN;NaN;NaN;NaN;NaN;NaN;NaN;NaN;NaN;NaN;NaN;NaN;NaN;NaN;NaN;NaN;NaN;NaN;NaN;NaN;NaN;NaN;NaN;NaN;NaN;NaN;NaN;NaN;NaN
0.232279273972603;0.267907443835616;0.300057608219178;0.327648228767123;0.350889964383562;0.3692079;0.381784952054795;0.391063210958904;0.400369382191781;0.409588834246575;0.418578964383562;0.427295279452055;0.435899123287671;0.444584520547945;0.453421649315069;0.462349001369863;0.47116392739726;0.478948568493151;0.484361216438356;0.486072638356164;0.482939328767123;0.477623909589041;0.470303787671233;0.461007239726027;0.449784367123288;0.436664290410959;0.421820890410959;0.405460593150685;0.387697193150685;0.368547032876712;0.34796254109589;0.325963190410959;0.30259418630137;0.277954442465753;0.252208035616438;0.225476498630137;0.197502178082192;0.167548545205479;0.135088184931507;0.100988073972603;0.0669854204109589;0.0340129465753425;9.74571214109589e-06;NaN;NaN;NaN;NaN;NaN;NaN;NaN;NaN;NaN;NaN;NaN;NaN;NaN;NaN;NaN;NaN;NaN;NaN;NaN;NaN;NaN;NaN;NaN;NaN;NaN;NaN;NaN;NaN;NaN;NaN;NaN;NaN;NaN;NaN;NaN;NaN;NaN;NaN;NaN;NaN;NaN;NaN;NaN;NaN;NaN;NaN;NaN;NaN;NaN;NaN;NaN;NaN;NaN;NaN;NaN;NaN;NaN;NaN;NaN;NaN;NaN;NaN;NaN;NaN;NaN;NaN;NaN;NaN;NaN;NaN;NaN;NaN;NaN;NaN;NaN;NaN;NaN
0.232203235616438;0.267636254794521;0.299260761643836;0.326324743835616;0.349023746575343;0.366682993150685;0.378915708219178;0.388367568493151;0.397913993150685;0.407367642465753;0.416587261643836;0.425529405479452;0.434406843835616;0.443419969863014;0.452585605479452;0.461788102739726;0.47079281369863;0.478725069863014;0.484255769863014;0.48618985479452;0.483200269863014;0.478038968493151;0.470826352054795;0.461559567123288;0.450288743835616;0.437072369863014;0.422105168493151;0.405603689041096;0.387664517808219;0.3682874;0.347432180821918;0.325130349315069;0.301433919178082;0.276455908219178;0.250363609589041;0.22326328630137;0.194812556164384;0.164239438356164;0.131137580821918;0.0965520369863014;0.0622776101369863;0.0289222278082192;NaN;NaN;NaN;NaN;NaN;NaN;NaN;NaN;NaN;NaN;NaN;NaN;NaN;NaN;NaN;NaN;NaN;NaN;NaN;NaN;NaN;NaN;NaN;NaN;NaN;NaN;NaN;NaN;NaN;NaN;NaN;NaN;NaN;NaN;NaN;NaN;NaN;NaN;NaN;NaN;NaN;NaN;NaN;NaN;NaN;NaN;NaN;NaN;NaN;NaN;NaN;NaN;NaN;NaN;NaN;NaN;NaN;NaN;NaN;NaN;NaN;NaN;NaN;NaN;NaN;NaN;NaN;NaN;NaN;NaN;NaN;NaN;NaN;NaN;NaN;NaN;NaN;NaN
0.23171162739726;0.267122383561644;0.298157802739726;0.324689268493151;0.346906019178082;0.363959760273973;0.375980238356164;0.38562911369863;0.395440779452055;0.405119035616438;0.414569079452055;0.423764801369863;0.43293002739726;0.442260468493151;0.451744973972603;0.46120838630137;0.47037824109589;0.478399773972603;0.484029835616438;0.486236089041096;0.483421015068493;0.47842467260274;0.47131925479452;0.462080065753425;0.450761217808219;0.437450506849315;0.422362578082192;0.405722419178082;0.387605632876712;0.367996245205479;0.346866561643836;0.32425915890411;0.300234182191781;0.2749165;0.248478150684932;0.221001549315068;0.192053439726027;0.1608457;0.127111093150685;0.0920624584931507;0.0575262576712329;0.0237432035616438;NaN;NaN;NaN;NaN;NaN;NaN;NaN;NaN;NaN;NaN;NaN;NaN;NaN;NaN;NaN;NaN;NaN;NaN;NaN;NaN;NaN;NaN;NaN;NaN;NaN;NaN;NaN;NaN;NaN;NaN;NaN;NaN;NaN;NaN;NaN;NaN;NaN;NaN;NaN;NaN;NaN;NaN;NaN;NaN;NaN;NaN;NaN;NaN;NaN;NaN;NaN;NaN;NaN;NaN;NaN;NaN;NaN;NaN;NaN;NaN;NaN;NaN;NaN;NaN;NaN;NaN;NaN;NaN;NaN;NaN;NaN;NaN;NaN;NaN;NaN;NaN;NaN;NaN
0.231131009589041;0.266240082191781;0.296697178082192;0.322777821917808;0.344548842465753;0.361059090410959;0.372991305479452;0.382869120547945;0.392933717808219;0.40284087260274;0.412531605479452;0.421992020547945;0.431459912328767;0.441113017808219;0.450900238356164;0.460614504109589;0.469898430136986;0.477972887671233;0.483693938356164;0.486230026027397;0.483607312328767;0.478778615068493;0.471777890410959;0.462568724657534;0.451199697260274;0.437797669863014;0.422594326027397;0.405818176712329;0.387519583561644;0.3676721;0.346265215068493;0.323350549315068;0.298996601369863;0.273338973972603;0.246554843835616;0.218689710958904;0.189224215068493;0.157367347945205;0.123014769863014;0.0875247616438356;0.0527285605479452;0.0184727356164384;NaN;NaN;NaN;NaN;NaN;NaN;NaN;NaN;NaN;NaN;NaN;NaN;NaN;NaN;NaN;NaN;NaN;NaN;NaN;NaN;NaN;NaN;NaN;NaN;NaN;NaN;NaN;NaN;NaN;NaN;NaN;NaN;NaN;NaN;NaN;NaN;NaN;NaN;NaN;NaN;NaN;NaN;NaN;NaN;NaN;NaN;NaN;NaN;NaN;NaN;NaN;NaN;NaN;NaN;NaN;NaN;NaN;NaN;NaN;NaN;NaN;NaN;NaN;NaN;NaN;NaN;NaN;NaN;NaN;NaN;NaN;NaN;NaN;NaN;NaN;NaN;NaN;NaN
0.230364168493151;0.264964339726027;0.29495044109589;0.320636750684931;0.341974789041096;0.358046263013699;0.369955430136986;0.38007817260274;0.390390816438356;0.400530426027397;0.410482269863014;0.42021974520548;0.430000261643836;0.439963220547945;0.450044298630137;0.4599908;0.46937667260274;0.477455010958904;0.48325122739726;0.486174112328767;0.483754590410959;0.479099168493151;0.472206993150685;0.463024724657534;0.451606861643836;0.438114828767123;0.422801773972603;0.405890661643836;0.387405026027397;0.36731451369863;0.345628216438356;0.322404812328767;0.297719794520548;0.271722624657534;0.244593436986301;0.216324109589041;0.186322619178082;0.153803142465753;0.118848032876712;0.0829420505479452;0.0478795647945205;0.0131031576712329;NaN;NaN;NaN;NaN;NaN;NaN;NaN;NaN;NaN;NaN;NaN;NaN;NaN;NaN;NaN;NaN;NaN;NaN;NaN;NaN;NaN;NaN;NaN;NaN;NaN;NaN;NaN;NaN;NaN;NaN;NaN;NaN;NaN;NaN;NaN;NaN;NaN;NaN;NaN;NaN;NaN;NaN;NaN;NaN;NaN;NaN;NaN;NaN;NaN;NaN;NaN;NaN;NaN;NaN;NaN;NaN;NaN;NaN;NaN;NaN;NaN;NaN;NaN;NaN;NaN;NaN;NaN;NaN;NaN;NaN;NaN;NaN;NaN;NaN;NaN;NaN;NaN;NaN
0.229325963013699;0.263295071232877;0.292930779452055;0.318292017808219;0.339220589041096;0.354944789041096;0.366876869863014;0.377253273972603;0.387811732876712;0.39820175890411;0.408413315068493;0.418447660273973;0.428535135616438;0.438810831506849;0.449176776712329;0.459329430136986;0.468787217808219;0.47684388630137;0.482706547945205;0.486062975342466;0.483864090410959;0.479382442465753;0.472605317808219;0.463447193150685;0.451980678082192;0.438402893150685;0.422986850684932;0.405939857534247;0.387261515068493;0.3669233;0.344956883561644;0.321421782191781;0.29640524109589;0.270069250684932;0.242592275342466;0.21390227260274;0.183346353424658;0.15015585890411;0.114616673972603;0.0783181242465754;0.0429748835616438;0.00763032204109589;NaN;NaN;NaN;NaN;NaN;NaN;NaN;NaN;NaN;NaN;NaN;NaN;NaN;NaN;NaN;NaN;NaN;NaN;NaN;NaN;NaN;NaN;NaN;NaN;NaN;NaN;NaN;NaN;NaN;NaN;NaN;NaN;NaN;NaN;NaN;NaN;NaN;NaN;NaN;NaN;NaN;NaN;NaN;NaN;NaN;NaN;NaN;NaN;NaN;NaN;NaN;NaN;NaN;NaN;NaN;NaN;NaN;NaN;NaN;NaN;NaN;NaN;NaN;NaN;NaN;NaN;NaN;NaN;NaN;NaN;NaN;NaN;NaN;NaN;NaN;NaN;NaN;NaN
0.22783105890411;0.261324928767123;0.290689494520548;0.315762312328767;0.336299852054795;0.351760549315069;0.363752565753425;0.374388489041096;0.385201319178082;0.395842469863014;0.406329528767123;0.416666246575342;0.427069495890411;0.437657391780822;0.448282952054794;0.458638509589041;0.468137782191781;0.476148602739726;0.482082975342466;0.485901412328767;0.483939405479452;0.479635087671233;0.472971383561644;0.463834268493151;0.452319795890411;0.438663895890411;0.423149691780822;0.405964865753425;0.387087861643836;0.366498954794521;0.344250632876712;0.320401460273973;0.29505455890411;0.268379780821918;0.240551246575342;0.21142318630137;0.180292117808219;0.146428608219178;0.110324283561644;0.0736548779452055;0.0380082843835616;0.00204733632876712;NaN;NaN;NaN;NaN;NaN;NaN;NaN;NaN;NaN;NaN;NaN;NaN;NaN;NaN;NaN;NaN;NaN;NaN;NaN;NaN;NaN;NaN;NaN;NaN;NaN;NaN;NaN;NaN;NaN;NaN;NaN;NaN;NaN;NaN;NaN;NaN;NaN;NaN;NaN;NaN;NaN;NaN;NaN;NaN;NaN;NaN;NaN;NaN;NaN;NaN;NaN;NaN;NaN;NaN;NaN;NaN;NaN;NaN;NaN;NaN;NaN;NaN;NaN;NaN;NaN;NaN;NaN;NaN;NaN;NaN;NaN;NaN;NaN;NaN;NaN;NaN;NaN;NaN
0.225970569863014;0.259115816438356;0.288256994520548;0.313064410958904;0.33321652739726;0.348507354794521;0.360579389041096;0.371489512328767;0.382556897260274;0.39345948630137;0.404229736986301;0.41488474109589;0.42560768630137;0.436496620547945;0.447388209589041;0.457902869863014;0.467421546575342;0.475381026027397;0.481389887671233;0.485691393150685;0.483975669863014;0.479855979452055;0.473303724657534;0.464184987671233;0.452625993150685;0.438897964383562;0.423291180821918;0.405964734246575;0.386882969863014;0.366042476712329;0.34350972739726;0.319344179452055;0.293667615068493;0.26665347260274;0.238468404109589;0.208883819178082;0.177158254794521;0.142624076712329;0.105971420547945;0.0689535473972603;0.0329730902739726;NaN;NaN;NaN;NaN;NaN;NaN;NaN;NaN;NaN;NaN;NaN;NaN;NaN;NaN;NaN;NaN;NaN;NaN;NaN;NaN;NaN;NaN;NaN;NaN;NaN;NaN;NaN;NaN;NaN;NaN;NaN;NaN;NaN;NaN;NaN;NaN;NaN;NaN;NaN;NaN;NaN;NaN;NaN;NaN;NaN;NaN;NaN;NaN;NaN;NaN;NaN;NaN;NaN;NaN;NaN;NaN;NaN;NaN;NaN;NaN;NaN;NaN;NaN;NaN;NaN;NaN;NaN;NaN;NaN;NaN;NaN;NaN;NaN;NaN;NaN;NaN;NaN;NaN;NaN
0.223790324657534;0.256718521917808;0.28564028630137;0.310200246575342;0.329986836986301;0.345202771232877;0.357357153424658;0.368550926027397;0.37987697260274;0.391044189041096;0.402112924657534;0.413097465753425;0.42413825479452;0.435322998630137;0.446454339726027;0.457115128767123;0.466638867123288;0.474541557534247;0.480637964383562;0.485445317808219;0.483983015068493;0.480042702739726;0.473597758904109;0.464497916438356;0.452902578082192;0.439108973972603;0.423410156164384;0.40593745890411;0.386646628767123;0.36555405890411;0.342733302739726;0.318250969863014;0.29224618630137;0.264892215068493;0.236342923287671;0.20628232739726;0.173944939726027;0.138742447945205;0.101561330136986;0.0642128283561644;0.0278657839726027;NaN;NaN;NaN;NaN;NaN;NaN;NaN;NaN;NaN;NaN;NaN;NaN;NaN;NaN;NaN;NaN;NaN;NaN;NaN;NaN;NaN;NaN;NaN;NaN;NaN;NaN;NaN;NaN;NaN;NaN;NaN;NaN;NaN;NaN;NaN;NaN;NaN;NaN;NaN;NaN;NaN;NaN;NaN;NaN;NaN;NaN;NaN;NaN;NaN;NaN;NaN;NaN;NaN;NaN;NaN;NaN;NaN;NaN;NaN;NaN;NaN;NaN;NaN;NaN;NaN;NaN;NaN;NaN;NaN;NaN;NaN;NaN;NaN;NaN;NaN;NaN;NaN;NaN;NaN
0.22135908630137;0.254157028767123;0.282848568493151;0.307183494520548;0.326617834246575;0.341831579452055;0.354084354794521;0.365576075342466;0.377155935616438;0.388604635616438;0.399983631506849;0.411299701369863;0.422662473972603;0.434132495890411;0.445494326027397;0.456270101369863;0.465788497260274;0.473645939726027;0.479832326027397;0.485151924657534;0.483955095890411;0.480197887671233;0.473853705479452;0.464775169863014;0.453150863013699;0.439297787671233;0.423506956164384;0.40588295890411;0.38637997260274;0.365033068493151;0.341921497260274;0.317123569863014;0.290790098630137;0.263095036986301;0.234172254794521;0.203619615068493;0.170649917808219;0.134788398630137;0.09709818;0.059430384109589;0.0226827883561644;NaN;NaN;NaN;NaN;NaN;NaN;NaN;NaN;NaN;NaN;NaN;NaN;NaN;NaN;NaN;NaN;NaN;NaN;NaN;NaN;NaN;NaN;NaN;NaN;NaN;NaN;NaN;NaN;NaN;NaN;NaN;NaN;NaN;NaN;NaN;NaN;NaN;NaN;NaN;NaN;NaN;NaN;NaN;NaN;NaN;NaN;NaN;NaN;NaN;NaN;NaN;NaN;NaN;NaN;NaN;NaN;NaN;NaN;NaN;NaN;NaN;NaN;NaN;NaN;NaN;NaN;NaN;NaN;NaN;NaN;NaN;NaN;NaN;NaN;NaN;NaN;NaN;NaN;NaN
0.218699876712329;0.251408331506849;0.279885998630137;0.304003193150685;0.323114832876712;0.338392628767123;0.350758626027397;0.362555201369863;0.374396298630137;0.386138061643836;0.397837263013699;0.409492338356164;0.421173463013699;0.432921924657534;0.444497916438356;0.455366726027397;0.464879297260274;0.472714060273973;0.478979095890411;0.484831806849315;0.483890735616438;0.480317489041096;0.474070242465753;0.465017779452055;0.453371836986301;0.439463410958904;0.423580239726027;0.405800656164384;0.386083128767123;0.364479305479452;0.341075475342466;0.315962424657534;0.289299256164384;0.261262730136986;0.231955501369863;0.200891912328767;0.167277197260274;0.130767012328767;0.0925823747945206;0.0546021894520548;0.0174201046575342;NaN;NaN;NaN;NaN;NaN;NaN;NaN;NaN;NaN;NaN;NaN;NaN;NaN;NaN;NaN;NaN;NaN;NaN;NaN;NaN;NaN;NaN;NaN;NaN;NaN;NaN;NaN;NaN;NaN;NaN;NaN;NaN;NaN;NaN;NaN;NaN;NaN;NaN;NaN;NaN;NaN;NaN;NaN;NaN;NaN;NaN;NaN;NaN;NaN;NaN;NaN;NaN;NaN;NaN;NaN;NaN;NaN;NaN;NaN;NaN;NaN;NaN;NaN;NaN;NaN;NaN;NaN;NaN;NaN;NaN;NaN;NaN;NaN;NaN;NaN;NaN;NaN;NaN;NaN
0.215848756164384;0.248473852054795;0.276764291780822;0.300672701369863;0.319495675342466;0.334885146575343;0.347379043835616;0.359485226027397;0.371595546575343;0.383650943835616;0.395682846575343;0.40767295890411;0.419675708219178;0.431690060273973;0.44345958630137;0.454404294520548;0.463916287671233;0.471736215068493;0.478080694520548;0.484472378082192;0.483791317808219;0.48039578630137;0.474244428767123;0.465225802739726;0.453564404109589;0.439606312328767;0.423628049315068;0.405690297260274;0.385755238356164;0.36389267260274;0.340196398630137;0.314767761643836;0.287773926027397;0.259395195890411;0.22968971369863;0.198096323287671;0.163825563013699;0.126680404109589;0.0880151489041096;0.0497287224657534;0.0120709345205479;NaN;NaN;NaN;NaN;NaN;NaN;NaN;NaN;NaN;NaN;NaN;NaN;NaN;NaN;NaN;NaN;NaN;NaN;NaN;NaN;NaN;NaN;NaN;NaN;NaN;NaN;NaN;NaN;NaN;NaN;NaN;NaN;NaN;NaN;NaN;NaN;NaN;NaN;NaN;NaN;NaN;NaN;NaN;NaN;NaN;NaN;NaN;NaN;NaN;NaN;NaN;NaN;NaN;NaN;NaN;NaN;NaN;NaN;NaN;NaN;NaN;NaN;NaN;NaN;NaN;NaN;NaN;NaN;NaN;NaN;NaN;NaN;NaN;NaN;NaN;NaN;NaN;NaN;NaN
0.21283441369863;0.245366047945206;0.273489908219178;0.297198142465753;0.315783902739726;0.331313243835616;0.343952490410959;0.3563764;0.368767652054795;0.38114507260274;0.393517364383562;0.40583871369863;0.41816544109589;0.430438091780822;0.442376004109589;0.453384965753425;0.462900757534247;0.470727360273973;0.47715015890411;0.48408365890411;0.483655828767123;0.480436042465753;0.474381782191781;0.465402510958904;0.453732975342466;0.439727190410959;0.423652593150685;0.405552394520548;0.385396604109589;0.363274169863014;0.339284343835616;0.3135394;0.286214189041096;0.257491649315069;0.227372363013699;0.195233056164384;0.1602956;0.122529024657534;0.0833975684931507;0.0448026216438356;0.00662834763013699;NaN;NaN;NaN;NaN;NaN;NaN;NaN;NaN;NaN;NaN;NaN;NaN;NaN;NaN;NaN;NaN;NaN;NaN;NaN;NaN;NaN;NaN;NaN;NaN;NaN;NaN;NaN;NaN;NaN;NaN;NaN;NaN;NaN;NaN;NaN;NaN;NaN;NaN;NaN;NaN;NaN;NaN;NaN;NaN;NaN;NaN;NaN;NaN;NaN;NaN;NaN;NaN;NaN;NaN;NaN;NaN;NaN;NaN;NaN;NaN;NaN;NaN;NaN;NaN;NaN;NaN;NaN;NaN;NaN;NaN;NaN;NaN;NaN;NaN;NaN;NaN;NaN;NaN;NaN
0.209666461643836;0.242089794520548;0.270064454794521;0.293573476712329;0.311986431506849;0.327668756164384;0.340476743835616;0.353220867123288;0.365904191780822;0.378614523287671;0.39132618630137;0.403981610958904;0.416643615068493;0.429150009589041;0.441245339726027;0.452312520547945;0.461846124657534;0.469682430136986;0.476189853424658;0.483658449315069;0.483479949315068;0.480433384931507;0.474480760273973;0.465547334246575;0.453874253424658;0.439824631506849;0.423652626027397;0.405386047945206;0.385006975342466;0.362624663013699;0.338340212328767;0.312278982191781;0.284621728767123;0.255550268493151;0.225002815068493;0.192301960273973;0.156692239726027;0.118318767123288;0.0787335017808219;0.0398207609589041;0.00109274197260274;NaN;NaN;NaN;NaN;NaN;NaN;NaN;NaN;NaN;NaN;NaN;NaN;NaN;NaN;NaN;NaN;NaN;NaN;NaN;NaN;NaN;NaN;NaN;NaN;NaN;NaN;NaN;NaN;NaN;NaN;NaN;NaN;NaN;NaN;NaN;NaN;NaN;NaN;NaN;NaN;NaN;NaN;NaN;NaN;NaN;NaN;NaN;NaN;NaN;NaN;NaN;NaN;NaN;NaN;NaN;NaN;NaN;NaN;NaN;NaN;NaN;NaN;NaN;NaN;NaN;NaN;NaN;NaN;NaN;NaN;NaN;NaN;NaN;NaN;NaN;NaN;NaN;NaN;NaN
0.206351124657534;0.238648123287671;0.266490934246575;0.289793316438356;0.308113475342466;0.323949715068493;0.336950408219178;0.350023653424657;0.363011971232877;0.376062228767123;0.389117819178082;0.402118205479452;0.415093523287671;0.427833653424658;0.440065679452055;0.451190056164384;0.460747535616438;0.468620498630137;0.475202219178082;0.483196268493151;0.483261679452055;0.480389557534247;0.474542805479452;0.465661169863014;0.453990173972603;0.439899128767123;0.423627808219178;0.405189860273973;0.384587236986301;0.361944356164384;0.337363160273973;0.310985582191781;0.282996768493151;0.253570787671233;0.222578424657534;0.189299780821918;0.153016952054795;0.114046195890411;0.0740232438356164;0.0347806510958904;NaN;NaN;NaN;NaN;NaN;NaN;NaN;NaN;NaN;NaN;NaN;NaN;NaN;NaN;NaN;NaN;NaN;NaN;NaN;NaN;NaN;NaN;NaN;NaN;NaN;NaN;NaN;NaN;NaN;NaN;NaN;NaN;NaN;NaN;NaN;NaN;NaN;NaN;NaN;NaN;NaN;NaN;NaN;NaN;NaN;NaN;NaN;NaN;NaN;NaN;NaN;NaN;NaN;NaN;NaN;NaN;NaN;NaN;NaN;NaN;NaN;NaN;NaN;NaN;NaN;NaN;NaN;NaN;NaN;NaN;NaN;NaN;NaN;NaN;NaN;NaN;NaN;NaN;NaN;NaN
0.202882857534247;0.235044591780822;0.262776871232877;0.285855702739726;0.30416938630137;0.320152369863014;0.333375669863014;0.346785317808219;0.360091961643836;0.373486993150685;0.386889909589041;0.400243291780822;0.413520783561644;0.426479916438356;0.438840589041096;0.450031649315069;0.459613206849315;0.467523705479452;0.474190923287671;0.482693495890411;0.483001861643836;0.480304802739726;0.474568261643836;0.465741291780822;0.45408101369863;0.439951797260274;0.423577916438356;0.404964331506849;0.384138805479452;0.361233794520548;0.336353904109589;0.309659649315069;0.281340043835616;0.251551323287671;0.220097873972603;0.186227369863014;0.149270012328767;0.109712312328767;0.0692688980821918;0.0296791731506849;NaN;NaN;NaN;NaN;NaN;NaN;NaN;NaN;NaN;NaN;NaN;NaN;NaN;NaN;NaN;NaN;NaN;NaN;NaN;NaN;NaN;NaN;NaN;NaN;NaN;NaN;NaN;NaN;NaN;NaN;NaN;NaN;NaN;NaN;NaN;NaN;NaN;NaN;NaN;NaN;NaN;NaN;NaN;NaN;NaN;NaN;NaN;NaN;NaN;NaN;NaN;NaN;NaN;NaN;NaN;NaN;NaN;NaN;NaN;NaN;NaN;NaN;NaN;NaN;NaN;NaN;NaN;NaN;NaN;NaN;NaN;NaN;NaN;NaN;NaN;NaN;NaN;NaN;NaN;NaN
0.199237317808219;0.231285442465753;0.258923205479452;0.281760526027397;0.300169168493151;0.316265650684932;0.329752326027397;0.343499035616438;0.357137667123288;0.370887198630137;0.384646516438356;0.398340542465753;0.411916993150685;0.425096063013699;0.437570490410959;0.448826883561644;0.458437168493151;0.466393724657534;0.473155209589041;0.482147315068493;0.482701965753425;0.48018104109589;0.47455744109589;0.465790316438356;0.454146676712329;0.439981739726027;0.423500665753425;0.404709632876712;0.383662182191781;0.360492232876712;0.335312378082192;0.30830238630137;0.279650942465753;0.249491909589041;0.217560450684931;0.183084020547945;0.145455149315069;0.105319983561644;0.0644709424657534;0.0245138797260274;NaN;NaN;NaN;NaN;NaN;NaN;NaN;NaN;NaN;NaN;NaN;NaN;NaN;NaN;NaN;NaN;NaN;NaN;NaN;NaN;NaN;NaN;NaN;NaN;NaN;NaN;NaN;NaN;NaN;NaN;NaN;NaN;NaN;NaN;NaN;NaN;NaN;NaN;NaN;NaN;NaN;NaN;NaN;NaN;NaN;NaN;NaN;NaN;NaN;NaN;NaN;NaN;NaN;NaN;NaN;NaN;NaN;NaN;NaN;NaN;NaN;NaN;NaN;NaN;NaN;NaN;NaN;NaN;NaN;NaN;NaN;NaN;NaN;NaN;NaN;NaN;NaN;NaN;NaN;NaN
0.195425838356164;0.227384580821918;0.254942223287671;0.277525447945205;0.296115973972603;0.312297764383562;0.326083267123288;0.340168904109589;0.354158161643836;0.368257710958904;0.38239002739726;0.396421035616438;0.410285883561644;0.423672636986301;0.436258273972603;0.447576367123288;0.457242408219178;0.465248652054795;0.472102895890411;0.481560646575342;0.482361306849315;0.480021908219178;0.474512023287671;0.465812139726027;0.454189810958904;0.439990710958904;0.423396536986301;0.404427378082192;0.38315794109589;0.359719479452055;0.334238924657534;0.306914226027397;0.277928802739726;0.247388361643836;0.21496505890411;0.179869610958904;0.141570467123288;0.100864384931507;0.0596289921917808;0.0192798832876712;NaN;NaN;NaN;NaN;NaN;NaN;NaN;NaN;NaN;NaN;NaN;NaN;NaN;NaN;NaN;NaN;NaN;NaN;NaN;NaN;NaN;NaN;NaN;NaN;NaN;NaN;NaN;NaN;NaN;NaN;NaN;NaN;NaN;NaN;NaN;NaN;NaN;NaN;NaN;NaN;NaN;NaN;NaN;NaN;NaN;NaN;NaN;NaN;NaN;NaN;NaN;NaN;NaN;NaN;NaN;NaN;NaN;NaN;NaN;NaN;NaN;NaN;NaN;NaN;NaN;NaN;NaN;NaN;NaN;NaN;NaN;NaN;NaN;NaN;NaN;NaN;NaN;NaN;NaN;NaN
0.191445589041096;0.223327706849315;0.250828639726027;0.273155350684932;0.292003724657534;0.308247590410959;0.322360439726027;0.336798879452055;0.351143705479452;0.36560618630137;0.380101694520548;0.39448007260274;0.408623573972603;0.422207402739726;0.434902943835617;0.446287860273973;0.456007605479452;0.464081924657534;0.471026498630137;0.480931784931507;0.481980619178082;0.479824263013699;0.474431050684932;0.465803193150685;0.454209573972603;0.439975230136986;0.423264424657534;0.404117639726027;0.38262521369863;0.358915015068493;0.333134917808219;0.305496194520548;0.276173621917808;0.245240397260274;0.212311298630137;0.176585726027397;0.13761735890411;0.0963517545205479;0.0547437847945205;0.0139742268493151;NaN;NaN;NaN;NaN;NaN;NaN;NaN;NaN;NaN;NaN;NaN;NaN;NaN;NaN;NaN;NaN;NaN;NaN;NaN;NaN;NaN;NaN;NaN;NaN;NaN;NaN;NaN;NaN;NaN;NaN;NaN;NaN;NaN;NaN;NaN;NaN;NaN;NaN;NaN;NaN;NaN;NaN;NaN;NaN;NaN;NaN;NaN;NaN;NaN;NaN;NaN;NaN;NaN;NaN;NaN;NaN;NaN;NaN;NaN;NaN;NaN;NaN;NaN;NaN;NaN;NaN;NaN;NaN;NaN;NaN;NaN;NaN;NaN;NaN;NaN;NaN;NaN;NaN;NaN;NaN
0.187308250684931;0.219113368493151;0.246581969863014;0.268669143835616;0.287832353424658;0.304125861643836;0.318593310958904;0.333388775342466;0.348103276712329;0.362933893150685;0.377792215068493;0.392521417808219;0.406933715068493;0.420709967123288;0.433501031506849;0.444957109589041;0.454743582191781;0.462891443835616;0.469932264383562;0.480264708219178;0.48156002739726;0.479585201369863;0.474315890410959;0.465768957534247;0.454208779452055;0.439935320547945;0.423105569863014;0.40378192739726;0.382063760273973;0.358078268493151;0.332001054794521;0.304048516438356;0.274384089041096;0.243046453424658;0.209596249315068;0.173229854794521;0.133597160273973;0.091783505890411;0.0498128661643836;0.00859298736986301;NaN;NaN;NaN;NaN;NaN;NaN;NaN;NaN;NaN;NaN;NaN;NaN;NaN;NaN;NaN;NaN;NaN;NaN;NaN;NaN;NaN;NaN;NaN;NaN;NaN;NaN;NaN;NaN;NaN;NaN;NaN;NaN;NaN;NaN;NaN;NaN;NaN;NaN;NaN;NaN;NaN;NaN;NaN;NaN;NaN;NaN;NaN;NaN;NaN;NaN;NaN;NaN;NaN;NaN;NaN;NaN;NaN;NaN;NaN;NaN;NaN;NaN;NaN;NaN;NaN;NaN;NaN;NaN;NaN;NaN;NaN;NaN;NaN;NaN;NaN;NaN;NaN;NaN;NaN;NaN
0.183013697260274;0.214742884931507;0.242193968493151;0.264071735616438;0.283595224657534;0.299927750684931;0.31477887260274;0.329936010958904;0.345022091780822;0.360233489041096;0.375458778082192;0.390537179452055;0.405202130136986;0.419157694520548;0.432060301369863;0.443586910958904;0.453446006849315;0.461674153424658;0.468822306849315;0.479559971232877;0.481099749315068;0.479306138356164;0.474166268493151;0.465709194520548;0.454184934246575;0.439870242465753;0.422920387671233;0.403420147945205;0.381472368493151;0.35721052739726;0.330837968493151;0.302570165753425;0.272559054794521;0.240806021917808;0.206820402739726;0.169805161643836;0.129511098630137;0.0871636057534247;0.0448337539726027;0.00313156638356164;NaN;NaN;NaN;NaN;NaN;NaN;NaN;NaN;NaN;NaN;NaN;NaN;NaN;NaN;NaN;NaN;NaN;NaN;NaN;NaN;NaN;NaN;NaN;NaN;NaN;NaN;NaN;NaN;NaN;NaN;NaN;NaN;NaN;NaN;NaN;NaN;NaN;NaN;NaN;NaN;NaN;NaN;NaN;NaN;NaN;NaN;NaN;NaN;NaN;NaN;NaN;NaN;NaN;NaN;NaN;NaN;NaN;NaN;NaN;NaN;NaN;NaN;NaN;NaN;NaN;NaN;NaN;NaN;NaN;NaN;NaN;NaN;NaN;NaN;NaN;NaN;NaN;NaN;NaN;NaN
0.178570246575342;0.210241179452055;0.237658563013699;0.259380198630137;0.279284684931507;0.295654468493151;0.310921276712329;0.326439210958904;0.341906112328767;0.357507105479452;0.373107212328767;0.388526238356164;0.403427271232877;0.417566323287671;0.430582019178082;0.442182968493151;0.452105060273973;0.460434373972603;0.467700053424658;0.478820960273973;0.480599865753425;0.478989297260274;0.473981895890411;0.465622746575342;0.454136565753425;0.439779463013699;0.422709375342466;0.403031945205479;0.380850646575342;0.356312305479452;0.329646150684932;0.301060224657534;0.270697091780822;0.238517857534247;0.203985763013699;0.166311278082192;0.125361349315068;0.0824917732876713;0.0398049753424658;NaN;NaN;NaN;NaN;NaN;NaN;NaN;NaN;NaN;NaN;NaN;NaN;NaN;NaN;NaN;NaN;NaN;NaN;NaN;NaN;NaN;NaN;NaN;NaN;NaN;NaN;NaN;NaN;NaN;NaN;NaN;NaN;NaN;NaN;NaN;NaN;NaN;NaN;NaN;NaN;NaN;NaN;NaN;NaN;NaN;NaN;NaN;NaN;NaN;NaN;NaN;NaN;NaN;NaN;NaN;NaN;NaN;NaN;NaN;NaN;NaN;NaN;NaN;NaN;NaN;NaN;NaN;NaN;NaN;NaN;NaN;NaN;NaN;NaN;NaN;NaN;NaN;NaN;NaN;NaN;NaN
0.173973026027397;0.205610123287671;0.232951756164384;0.254613391780822;0.274884273972603;0.291330301369863;0.307011675342466;0.322900971232877;0.338763647945205;0.354759709589041;0.370735747945206;0.386479857534247;0.401614432876712;0.415928193150685;0.429070590410959;0.440746056164384;0.450743776712329;0.459169384931507;0.466556868493151;0.478050312328767;0.480064408219178;0.478635049315068;0.473768256164384;0.465512165753425;0.454065524657534;0.43966478630137;0.422473238356164;0.402616961643836;0.38019897260274;0.355384815068493;0.32842602739726;0.299520126027397;0.268797587671233;0.236180154794521;0.201086679452055;0.16274735890411;0.121146591780822;0.0777723636986301;0.0347252042465753;NaN;NaN;NaN;NaN;NaN;NaN;NaN;NaN;NaN;NaN;NaN;NaN;NaN;NaN;NaN;NaN;NaN;NaN;NaN;NaN;NaN;NaN;NaN;NaN;NaN;NaN;NaN;NaN;NaN;NaN;NaN;NaN;NaN;NaN;NaN;NaN;NaN;NaN;NaN;NaN;NaN;NaN;NaN;NaN;NaN;NaN;NaN;NaN;NaN;NaN;NaN;NaN;NaN;NaN;NaN;NaN;NaN;NaN;NaN;NaN;NaN;NaN;NaN;NaN;NaN;NaN;NaN;NaN;NaN;NaN;NaN;NaN;NaN;NaN;NaN;NaN;NaN;NaN;NaN;NaN;NaN
0.16923095890411;0.200857667123288;0.228085820547945;0.249762391780822;0.270391247945206;0.286941693150685;0.303047934246575;0.319320216438356;0.335581449315069;0.351990268493151;0.368348954794521;0.384395012328767;0.399761689041096;0.414251838356164;0.427521687671233;0.439276454794521;0.449345324657534;0.457884012328767;0.465407378082192;0.477243857534247;0.479486638356164;0.478240102739726;0.473520752054794;0.465375090410959;0.4539714;0.439524842465753;0.422210867123288;0.402173891780822;0.379516964383562;0.354428639726027;0.327178139726027;0.297949665753425;0.266860116438356;0.23379294109589;0.198126723287671;0.15911362739726;0.116869442465753;0.0730046071232877;0.029591387260274;NaN;NaN;NaN;NaN;NaN;NaN;NaN;NaN;NaN;NaN;NaN;NaN;NaN;NaN;NaN;NaN;NaN;NaN;NaN;NaN;NaN;NaN;NaN;NaN;NaN;NaN;NaN;NaN;NaN;NaN;NaN;NaN;NaN;NaN;NaN;NaN;NaN;NaN;NaN;NaN;NaN;NaN;NaN;NaN;NaN;NaN;NaN;NaN;NaN;NaN;NaN;NaN;NaN;NaN;NaN;NaN;NaN;NaN;NaN;NaN;NaN;NaN;NaN;NaN;NaN;NaN;NaN;NaN;NaN;NaN;NaN;NaN;NaN;NaN;NaN;NaN;NaN;NaN;NaN;NaN;NaN
0.164345426027397;0.19599374109589;0.223048224657534;0.244857178082192;0.265784671232877;0.282497876712329;0.299034223287671;0.315693076712329;0.332367191780822;0.349192375342466;0.365925273972603;0.382263779452055;0.397861423287671;0.412537836986301;0.42593964109589;0.437772073972603;0.447914768493151;0.456575701369863;0.464243091780822;0.476400863013699;0.478867926027397;0.477814360273973;0.473241553424658;0.465212382191781;0.453853298630137;0.439359632876712;0.421923209589041;0.401702749315068;0.378804909589041;0.353444710958904;0.325902880821918;0.296347746575342;0.264884023287671;0.231355639726027;0.195104290410959;0.155412761643836;0.112528542465753;0.0681882895890411;0.0244019182191781;NaN;NaN;NaN;NaN;NaN;NaN;NaN;NaN;NaN;NaN;NaN;NaN;NaN;NaN;NaN;NaN;NaN;NaN;NaN;NaN;NaN;NaN;NaN;NaN;NaN;NaN;NaN;NaN;NaN;NaN;NaN;NaN;NaN;NaN;NaN;NaN;NaN;NaN;NaN;NaN;NaN;NaN;NaN;NaN;NaN;NaN;NaN;NaN;NaN;NaN;NaN;NaN;NaN;NaN;NaN;NaN;NaN;NaN;NaN;NaN;NaN;NaN;NaN;NaN;NaN;NaN;NaN;NaN;NaN;NaN;NaN;NaN;NaN;NaN;NaN;NaN;NaN;NaN;NaN;NaN;NaN
0.15930544109589;0.191013193150685;0.217836769863014;0.239901556164384;0.261072436986301;0.277996305479452;0.294968268493151;0.312028667123288;0.32912444109589;0.346372853424658;0.363466619178082;0.380084391780822;0.395917069863014;0.410783453424657;0.42431135890411;0.43622635890411;0.446450416438356;0.455249921917808;0.463061664383562;0.475526108219178;0.478211471232877;0.477355484931507;0.472929606849315;0.465025134246575;0.453712571232877;0.439168739726027;0.421609334246575;0.401203283561644;0.378063452054795;0.35243367260274;0.324600279452055;0.294713865753425;0.262868364383562;0.228867664383562;0.19202004109589;0.1516451;0.108127564383562;0.0633271690410959;0.0191535906849315;NaN;NaN;NaN;NaN;NaN;NaN;NaN;NaN;NaN;NaN;NaN;NaN;NaN;NaN;NaN;NaN;NaN;NaN;NaN;NaN;NaN;NaN;NaN;NaN;NaN;NaN;NaN;NaN;NaN;NaN;NaN;NaN;NaN;NaN;NaN;NaN;NaN;NaN;NaN;NaN;NaN;NaN;NaN;NaN;NaN;NaN;NaN;NaN;NaN;NaN;NaN;NaN;NaN;NaN;NaN;NaN;NaN;NaN;NaN;NaN;NaN;NaN;NaN;NaN;NaN;NaN;NaN;NaN;NaN;NaN;NaN;NaN;NaN;NaN;NaN;NaN;NaN;NaN;NaN;NaN;NaN
0.154114334246575;0.185904812328767;0.212461304109589;0.234892495890411;0.256257375342466;0.273437657534247;0.290853191780822;0.308325345205479;0.325861042465753;0.343528076712329;0.36097982739726;0.37786822739726;0.393932120547945;0.408992461643836;0.422645202739726;0.434643749315068;0.444966264383562;0.453907401369863;0.461863094520548;0.474616198630137;0.477513373972603;0.476858606849315;0.472585838356164;0.464813628767123;0.45354791369863;0.438952075342466;0.421269467123288;0.400675593150685;0.377293117808219;0.351395990410959;0.323269161643836;0.293047136986301;0.260812589041096;0.22632812739726;0.188870060273973;0.147808869863014;0.103665924657534;0.0584197690410959;0.0138439382191781;NaN;NaN;NaN;NaN;NaN;NaN;NaN;NaN;NaN;NaN;NaN;NaN;NaN;NaN;NaN;NaN;NaN;NaN;NaN;NaN;NaN;NaN;NaN;NaN;NaN;NaN;NaN;NaN;NaN;NaN;NaN;NaN;NaN;NaN;NaN;NaN;NaN;NaN;NaN;NaN;NaN;NaN;NaN;NaN;NaN;NaN;NaN;NaN;NaN;NaN;NaN;NaN;NaN;NaN;NaN;NaN;NaN;NaN;NaN;NaN;NaN;NaN;NaN;NaN;NaN;NaN;NaN;NaN;NaN;NaN;NaN;NaN;NaN;NaN;NaN;NaN;NaN;NaN;NaN;NaN;NaN
0.148767210958904;0.180667135616438;0.206940917808219;0.229834138356164;0.251331460273973;0.268816224657534;0.286700717808219;0.304583869863014;0.322570783561644;0.340648894520548;0.358457552054795;0.375611290410959;0.391919893150685;0.407163854794521;0.42094024109589;0.433019612328767;0.443461369863014;0.45255968630137;0.460650464383562;0.47367142739726;0.476779349315068;0.47632711369863;0.472212198630137;0.464578957534246;0.453359512328767;0.438709904109589;0.42090354109589;0.400119234246575;0.376494794520548;0.350332719178082;0.321909183561644;0.291348087671233;0.258715801369863;0.223736832876712;0.185657750684931;0.14390561369863;0.0991478095890411;0.0534666763013699;0.00846924839726027;NaN;NaN;NaN;NaN;NaN;NaN;NaN;NaN;NaN;NaN;NaN;NaN;NaN;NaN;NaN;NaN;NaN;NaN;NaN;NaN;NaN;NaN;NaN;NaN;NaN;NaN;NaN;NaN;NaN;NaN;NaN;NaN;NaN;NaN;NaN;NaN;NaN;NaN;NaN;NaN;NaN;NaN;NaN;NaN;NaN;NaN;NaN;NaN;NaN;NaN;NaN;NaN;NaN;NaN;NaN;NaN;NaN;NaN;NaN;NaN;NaN;NaN;NaN;NaN;NaN;NaN;NaN;NaN;NaN;NaN;NaN;NaN;NaN;NaN;NaN;NaN;NaN;NaN;NaN;NaN;NaN
0.143288553424658;0.175286226027397;0.201285046575342;0.224731771232877;0.246304860273973;0.264137035616438;0.282495498630137;0.30079631369863;0.319253724657534;0.337731228767123;0.355883689041096;0.373307247945206;0.389870695890411;0.405293883561644;0.41918732739726;0.431360357534247;0.441936308219178;0.451191901369863;0.459422495890411;0.472695749315068;0.476006456164384;0.475761024657534;0.471815764383562;0.46431964109589;0.453145402739726;0.43844208630137;0.420511210958904;0.399534453424658;0.37566894109589;0.349243780821918;0.320521042465753;0.289614808219178;0.256577410958904;0.221093089041096;0.182384065753425;0.139935778082192;0.0945723239726027;0.0484668953424658;0.00302727393150685;NaN;NaN;NaN;NaN;NaN;NaN;NaN;NaN;NaN;NaN;NaN;NaN;NaN;NaN;NaN;NaN;NaN;NaN;NaN;NaN;NaN;NaN;NaN;NaN;NaN;NaN;NaN;NaN;NaN;NaN;NaN;NaN;NaN;NaN;NaN;NaN;NaN;NaN;NaN;NaN;NaN;NaN;NaN;NaN;NaN;NaN;NaN;NaN;NaN;NaN;NaN;NaN;NaN;NaN;NaN;NaN;NaN;NaN;NaN;NaN;NaN;NaN;NaN;NaN;NaN;NaN;NaN;NaN;NaN;NaN;NaN;NaN;NaN;NaN;NaN;NaN;NaN;NaN;NaN;NaN;NaN
0.137693068493151;0.169757509589041;0.195516116438356;0.219558783561644;0.241181395890411;0.259408910958904;0.278249176712329;0.296986347945205;0.31589848630137;0.334775160273973;0.353272626027397;0.370959415068493;0.387774954794521;0.403380917808219;0.417394280821918;0.429670287671233;0.440382008219178;0.449809479452055;0.45817464109589;0.471692554794521;0.475198532876712;0.475160012328767;0.471395401369863;0.464035978082192;0.452902950684931;0.438147497260274;0.420092854794521;0.398920087671233;0.374816491780822;0.3481302;0.319105119178082;0.287848068493151;0.254397060273973;0.218397173972603;0.179045426027397;0.135900739726027;0.0899448421917808;0.0434218495890411;NaN;NaN;NaN;NaN;NaN;NaN;NaN;NaN;NaN;NaN;NaN;NaN;NaN;NaN;NaN;NaN;NaN;NaN;NaN;NaN;NaN;NaN;NaN;NaN;NaN;NaN;NaN;NaN;NaN;NaN;NaN;NaN;NaN;NaN;NaN;NaN;NaN;NaN;NaN;NaN;NaN;NaN;NaN;NaN;NaN;NaN;NaN;NaN;NaN;NaN;NaN;NaN;NaN;NaN;NaN;NaN;NaN;NaN;NaN;NaN;NaN;NaN;NaN;NaN;NaN;NaN;NaN;NaN;NaN;NaN;NaN;NaN;NaN;NaN;NaN;NaN;NaN;NaN;NaN;NaN;NaN;NaN
0.131960891780822;0.164046994520548;0.189653315068493;0.214308756164384;0.23596948630137;0.254630106849315;0.273951605479452;0.293140524657534;0.312504363013699;0.331786680821918;0.350606720547945;0.368573332876712;0.385644535616438;0.401421084931507;0.415551342465753;0.427949104109589;0.438812016438356;0.448418253424658;0.456914743835616;0.470654301369863;0.474356245205479;0.474528995890411;0.470950610958904;0.463727950684932;0.452632332876712;0.437828123287671;0.419648184931507;0.398277339726027;0.373938489041096;0.346990528767123;0.317659071232877;0.286046182191781;0.252173719178082;0.215646697260274;0.175640091780822;0.131798897260274;0.085262718630137;0.0383300567123288;NaN;NaN;NaN;NaN;NaN;NaN;NaN;NaN;NaN;NaN;NaN;NaN;NaN;NaN;NaN;NaN;NaN;NaN;NaN;NaN;NaN;NaN;NaN;NaN;NaN;NaN;NaN;NaN;NaN;NaN;NaN;NaN;NaN;NaN;NaN;NaN;NaN;NaN;NaN;NaN;NaN;NaN;NaN;NaN;NaN;NaN;NaN;NaN;NaN;NaN;NaN;NaN;NaN;NaN;NaN;NaN;NaN;NaN;NaN;NaN;NaN;NaN;NaN;NaN;NaN;NaN;NaN;NaN;NaN;NaN;NaN;NaN;NaN;NaN;NaN;NaN;NaN;NaN;NaN;NaN;NaN;NaN
0.126104434246575;0.158144030136986;0.183710298630137;0.20897285890411;0.230664216438356;0.249794523287671;0.269610389041096;0.289255293150685;0.309075490410959;0.328759568493151;0.347895817808219;0.366145590410959;0.383458476712329;0.399417408219178;0.413670294520548;0.426198073972603;0.437229946575343;0.446998989041096;0.455630754794521;0.469587682191781;0.473480309589041;0.473870095890411;0.470494280821918;0.463392668493151;0.452335093150685;0.437482815068493;0.419176047945206;0.397606923287671;0.373035365753425;0.34582515890411;0.316182342465753;0.284209054794521;0.249907065753425;0.212841775342466;0.172169791780822;0.127632394520548;0.0805292587671233;0.0331909065753425;NaN;NaN;NaN;NaN;NaN;NaN;NaN;NaN;NaN;NaN;NaN;NaN;NaN;NaN;NaN;NaN;NaN;NaN;NaN;NaN;NaN;NaN;NaN;NaN;NaN;NaN;NaN;NaN;NaN;NaN;NaN;NaN;NaN;NaN;NaN;NaN;NaN;NaN;NaN;NaN;NaN;NaN;NaN;NaN;NaN;NaN;NaN;NaN;NaN;NaN;NaN;NaN;NaN;NaN;NaN;NaN;NaN;NaN;NaN;NaN;NaN;NaN;NaN;NaN;NaN;NaN;NaN;NaN;NaN;NaN;NaN;NaN;NaN;NaN;NaN;NaN;NaN;NaN;NaN;NaN;NaN;NaN
0.120143335616438;0.152079079452055;0.177716342465753;0.203555416438356;0.225285119178082;0.244929456164384;0.265226264383562;0.285347684931507;0.30561681369863;0.325684346575342;0.345136765753425;0.363679965753425;0.3812263;0.397361768493151;0.411758398630137;0.424435260273973;0.435622157534247;0.445561209589041;0.454329483561644;0.468496917808219;0.472577252054795;0.473186957534247;0.470013660273973;0.463031678082192;0.452011275342466;0.437112598630137;0.418677067123288;0.396909783561644;0.372108987671233;0.344634694520548;0.314675290410959;0.282335869863014;0.247597064383562;0.209981502739726;0.168635801369863;0.123401887671233;0.075744067260274;0.028002358630137;NaN;NaN;NaN;NaN;NaN;NaN;NaN;NaN;NaN;NaN;NaN;NaN;NaN;NaN;NaN;NaN;NaN;NaN;NaN;NaN;NaN;NaN;NaN;NaN;NaN;NaN;NaN;NaN;NaN;NaN;NaN;NaN;NaN;NaN;NaN;NaN;NaN;NaN;NaN;NaN;NaN;NaN;NaN;NaN;NaN;NaN;NaN;NaN;NaN;NaN;NaN;NaN;NaN;NaN;NaN;NaN;NaN;NaN;NaN;NaN;NaN;NaN;NaN;NaN;NaN;NaN;NaN;NaN;NaN;NaN;NaN;NaN;NaN;NaN;NaN;NaN;NaN;NaN;NaN;NaN;NaN;NaN
0.114048701369863;0.145801775342466;0.17165841369863;0.198035915068493;0.219825346575342;0.240010609589041;0.260794167123288;0.281402342465753;0.30211612739726;0.322570857534247;0.342323671232877;0.361170961643836;0.378950365753425;0.395267264383562;0.409807169863014;0.422643853424658;0.433991278082192;0.444108031506849;0.453009493150685;0.467375976712329;0.471648047945206;0.472480105479452;0.469508845205479;0.462639887671233;0.451659102739726;0.436716571232877;0.418150394520548;0.396185532876712;0.37115894109589;0.3434178;0.313137505479452;0.280426739726027;0.245244089041096;0.207064526027397;0.165031175342466;0.119108867123288;0.070909764520548;0.0227673965753425;NaN;NaN;NaN;NaN;NaN;NaN;NaN;NaN;NaN;NaN;NaN;NaN;NaN;NaN;NaN;NaN;NaN;NaN;NaN;NaN;NaN;NaN;NaN;NaN;NaN;NaN;NaN;NaN;NaN;NaN;NaN;NaN;NaN;NaN;NaN;NaN;NaN;NaN;NaN;NaN;NaN;NaN;NaN;NaN;NaN;NaN;NaN;NaN;NaN;NaN;NaN;NaN;NaN;NaN;NaN;NaN;NaN;NaN;NaN;NaN;NaN;NaN;NaN;NaN;NaN;NaN;NaN;NaN;NaN;NaN;NaN;NaN;NaN;NaN;NaN;NaN;NaN;NaN;NaN;NaN;NaN;NaN
0.107800097260274;0.139325235616438;0.165563206849315;0.192415889041096;0.214289230136986;0.235041746575342;0.256313584931507;0.277418528767123;0.298580069863014;0.319393563013699;0.339470731506849;0.358617524657534;0.376624042465753;0.393134184931507;0.407825269863014;0.420820404109589;0.432349998630137;0.442629615068493;0.451668924657534;0.466231680821918;0.470690794520548;0.4717465;0.468981284931507;0.46221838630137;0.451282919178082;0.436294623287671;0.417595935616438;0.395436223287671;0.3701851;0.34217448630137;0.311568282191781;0.27847947260274;0.242847117808219;0.204090079452055;0.16136098630137;0.114751382191781;0.0660256126027397;0.0174840324657534;NaN;NaN;NaN;NaN;NaN;NaN;NaN;NaN;NaN;NaN;NaN;NaN;NaN;NaN;NaN;NaN;NaN;NaN;NaN;NaN;NaN;NaN;NaN;NaN;NaN;NaN;NaN;NaN;NaN;NaN;NaN;NaN;NaN;NaN;NaN;NaN;NaN;NaN;NaN;NaN;NaN;NaN;NaN;NaN;NaN;NaN;NaN;NaN;NaN;NaN;NaN;NaN;NaN;NaN;NaN;NaN;NaN;NaN;NaN;NaN;NaN;NaN;NaN;NaN;NaN;NaN;NaN;NaN;NaN;NaN;NaN;NaN;NaN;NaN;NaN;NaN;NaN;NaN;NaN;NaN;NaN;NaN
0.101412193150685;0.13270362739726;0.159433535616438;0.186717030136986;0.208701839726027;0.230043171232877;0.251798789041096;0.273398135616438;0.295007995890411;0.316175839726027;0.336584201369863;0.356028279452055;0.374262031506849;0.390957405479452;0.405826632876712;0.418986190410959;0.430685428767123;0.441137328767123;0.450325743835616;0.465066561643836;0.469714795890411;0.47099414109589;0.468425534246575;0.461772208219178;0.450882464383562;0.43584845890411;0.417015;0.394662893150685;0.36918882739726;0.340904273972603;0.309967109589041;0.27649565890411;0.24040462739726;0.201057991780822;0.157624449315068;0.110330497260274;0.0610935338356164;0.0121454342465753;NaN;NaN;NaN;NaN;NaN;NaN;NaN;NaN;NaN;NaN;NaN;NaN;NaN;NaN;NaN;NaN;NaN;NaN;NaN;NaN;NaN;NaN;NaN;NaN;NaN;NaN;NaN;NaN;NaN;NaN;NaN;NaN;NaN;NaN;NaN;NaN;NaN;NaN;NaN;NaN;NaN;NaN;NaN;NaN;NaN;NaN;NaN;NaN;NaN;NaN;NaN;NaN;NaN;NaN;NaN;NaN;NaN;NaN;NaN;NaN;NaN;NaN;NaN;NaN;NaN;NaN;NaN;NaN;NaN;NaN;NaN;NaN;NaN;NaN;NaN;NaN;NaN;NaN;NaN;NaN;NaN;NaN
0.0948828465753425;0.12591071369863;0.153243119178082;0.180917434246575;0.203067293150685;0.224992443835616;0.247237350684932;0.269338015068493;0.291381361643836;0.312897361643836;0.333653216438356;0.353400289041096;0.371870801369863;0.388745408219178;0.403791365753425;0.417115016438356;0.428998267123288;0.439620080821918;0.448951956164384;0.463883031506849;0.46871132739726;0.470219153424658;0.467841264383562;0.461299295890411;0.450456161643836;0.435376042465753;0.416407131506849;0.393865609589041;0.368169853424658;0.339606610958904;0.308333810958904;0.274476224657534;0.237919110958904;0.197964216438356;0.153820864383562;0.105849884931507;0.0561171946575342;0.00675141754794521;NaN;NaN;NaN;NaN;NaN;NaN;NaN;NaN;NaN;NaN;NaN;NaN;NaN;NaN;NaN;NaN;NaN;NaN;NaN;NaN;NaN;NaN;NaN;NaN;NaN;NaN;NaN;NaN;NaN;NaN;NaN;NaN;NaN;NaN;NaN;NaN;NaN;NaN;NaN;NaN;NaN;NaN;NaN;NaN;NaN;NaN;NaN;NaN;NaN;NaN;NaN;NaN;NaN;NaN;NaN;NaN;NaN;NaN;NaN;NaN;NaN;NaN;NaN;NaN;NaN;NaN;NaN;NaN;NaN;NaN;NaN;NaN;NaN;NaN;NaN;NaN;NaN;NaN;NaN;NaN;NaN;NaN
0.0881971864383562;0.118965217808219;0.146986009589041;0.17497367260274;0.197368639726027;0.219881250684931;0.242625904109589;0.265220846575342;0.28768867260274;0.309561489041096;0.330664220547945;0.350719228767123;0.36941647260274;0.386495567123288;0.401721979452055;0.415219605479452;0.427280128767123;0.438077473972603;0.447563236986301;0.462678260273973;0.467682456164384;0.469415356164384;0.467228682191781;0.460794171232877;0.450001532876712;0.434875489041096;0.415771050684931;0.393043965753425;0.367126963013699;0.338281268493151;0.306669382191781;0.272420715068493;0.235388668493151;0.19481227260274;0.149953452054794;0.10131395890411;0.0511000097260274;0.00130291791780822;NaN;NaN;NaN;NaN;NaN;NaN;NaN;NaN;NaN;NaN;NaN;NaN;NaN;NaN;NaN;NaN;NaN;NaN;NaN;NaN;NaN;NaN;NaN;NaN;NaN;NaN;NaN;NaN;NaN;NaN;NaN;NaN;NaN;NaN;NaN;NaN;NaN;NaN;NaN;NaN;NaN;NaN;NaN;NaN;NaN;NaN;NaN;NaN;NaN;NaN;NaN;NaN;NaN;NaN;NaN;NaN;NaN;NaN;NaN;NaN;NaN;NaN;NaN;NaN;NaN;NaN;NaN;NaN;NaN;NaN;NaN;NaN;NaN;NaN;NaN;NaN;NaN;NaN;NaN;NaN;NaN;NaN
0.081326187260274;0.111902338356164;0.14067264109589;0.168926501369863;0.19164462739726;0.214739390410959;0.237975082191781;0.261060231506849;0.283933742465753;0.306178961643836;0.32763402739726;0.347990234246575;0.366928650684932;0.384212904109589;0.39963234109589;0.413305779452055;0.425544291780822;0.436517097260274;0.446148430136986;0.461457797260274;0.466639149315069;0.468588953424658;0.466588993150685;0.46026512739726;0.449521150684932;0.434348669863014;0.415108805479452;0.392199647945205;0.366060119178082;0.336927038356164;0.304972835616438;0.270328908219178;0.23281072739726;0.191599136986301;0.146018704109589;0.0967204991780822;0.0460389119178082;NaN;NaN;NaN;NaN;NaN;NaN;NaN;NaN;NaN;NaN;NaN;NaN;NaN;NaN;NaN;NaN;NaN;NaN;NaN;NaN;NaN;NaN;NaN;NaN;NaN;NaN;NaN;NaN;NaN;NaN;NaN;NaN;NaN;NaN;NaN;NaN;NaN;NaN;NaN;NaN;NaN;NaN;NaN;NaN;NaN;NaN;NaN;NaN;NaN;NaN;NaN;NaN;NaN;NaN;NaN;NaN;NaN;NaN;NaN;NaN;NaN;NaN;NaN;NaN;NaN;NaN;NaN;NaN;NaN;NaN;NaN;NaN;NaN;NaN;NaN;NaN;NaN;NaN;NaN;NaN;NaN;NaN;NaN
0.0552670608219178;0.104744364383562;0.134286004109589;0.162753801369863;0.185863397260274;0.209562367123288;0.233276938356164;0.256839905479452;0.280124956164384;0.302759456164384;0.324568124657534;0.345224339726027;0.36439485890411;0.381893587671233;0.397515464383562;0.411370724657534;0.423786283561644;0.434933001369863;0.444715375342466;0.460221638356164;0.465574334246575;0.467738271232877;0.465922012328767;0.45970895890411;0.449015076712329;0.433794646575343;0.414419268493151;0.391333361643836;0.364969369863014;0.335544401369863;0.303244217808219;0.268200287671233;0.230185128767123;0.188324342465753;0.14201905890411;0.0920715549315068;0.0409344712328767;NaN;NaN;NaN;NaN;NaN;NaN;NaN;NaN;NaN;NaN;NaN;NaN;NaN;NaN;NaN;NaN;NaN;NaN;NaN;NaN;NaN;NaN;NaN;NaN;NaN;NaN;NaN;NaN;NaN;NaN;NaN;NaN;NaN;NaN;NaN;NaN;NaN;NaN;NaN;NaN;NaN;NaN;NaN;NaN;NaN;NaN;NaN;NaN;NaN;NaN;NaN;NaN;NaN;NaN;NaN;NaN;NaN;NaN;NaN;NaN;NaN;NaN;NaN;NaN;NaN;NaN;NaN;NaN;NaN;NaN;NaN;NaN;NaN;NaN;NaN;NaN;NaN;NaN;NaN;NaN;NaN;NaN;NaN
0.0269832150684932;0.097481705890411;0.127836087671233;0.156469087671233;0.180031042465753;0.204323557534247;0.228520510958904;0.252566487671233;0.276257420547945;0.299291960273973;0.321459920547945;0.342408717808219;0.361821236986301;0.379544945205479;0.395372193150685;0.409406364383562;0.422005765753425;0.433327028767123;0.443255064383562;0.458971047945205;0.464488504109589;0.466859076712329;0.465224543835616;0.459126008219178;0.448482061643836;0.433212836986301;0.413704916438356;0.390445002739726;0.363853579452055;0.33413208630137;0.30148374109589;0.266036190410959;0.227510431506849;0.184987323287671;0.137953880821918;0.0873735263013699;0.0357878394520548;NaN;NaN;NaN;NaN;NaN;NaN;NaN;NaN;NaN;NaN;NaN;NaN;NaN;NaN;NaN;NaN;NaN;NaN;NaN;NaN;NaN;NaN;NaN;NaN;NaN;NaN;NaN;NaN;NaN;NaN;NaN;NaN;NaN;NaN;NaN;NaN;NaN;NaN;NaN;NaN;NaN;NaN;NaN;NaN;NaN;NaN;NaN;NaN;NaN;NaN;NaN;NaN;NaN;NaN;NaN;NaN;NaN;NaN;NaN;NaN;NaN;NaN;NaN;NaN;NaN;NaN;NaN;NaN;NaN;NaN;NaN;NaN;NaN;NaN;NaN;NaN;NaN;NaN;NaN;NaN;NaN;NaN;NaN
0.00456240416438356;0.0777275365753425;0.121307404109589;0.150073805479452;0.174154682191781;0.199028023287671;0.223714732876712;0.248239882191781;0.272328660273973;0.295783442465753;0.318309923287671;0.3395517;0.359208361643836;0.377161409589041;0.393196667123288;0.407415175342466;0.420202771232877;0.431699967123288;0.441770393150685;0.457708746575342;0.46338474109589;0.465955593150685;0.464499175342466;0.458515249315068;0.447922780821918;0.432603047945205;0.412966519178082;0.389535150684931;0.362712694520548;0.332689989041096;0.299691264383562;0.263835369863014;0.224783226027397;0.181587691780822;0.133824620547945;0.0826259409589041;0.0305980567123288;NaN;NaN;NaN;NaN;NaN;NaN;NaN;NaN;NaN;NaN;NaN;NaN;NaN;NaN;NaN;NaN;NaN;NaN;NaN;NaN;NaN;NaN;NaN;NaN;NaN;NaN;NaN;NaN;NaN;NaN;NaN;NaN;NaN;NaN;NaN;NaN;NaN;NaN;NaN;NaN;NaN;NaN;NaN;NaN;NaN;NaN;NaN;NaN;NaN;NaN;NaN;NaN;NaN;NaN;NaN;NaN;NaN;NaN;NaN;NaN;NaN;NaN;NaN;NaN;NaN;NaN;NaN;NaN;NaN;NaN;NaN;NaN;NaN;NaN;NaN;NaN;NaN;NaN;NaN;NaN;NaN;NaN;NaN
NaN;0.0512337930136986;0.114692005479452;0.143584369863014;0.168194345205479;0.193680053424658;0.21886601369863;0.243855115068493;0.268360660273973;0.292231464383562;0.315117279452055;0.336646143835616;0.356564842465753;0.374742134246575;0.390997717808219;0.405404871232877;0.418373924657534;0.430049;0.440266369863014;0.456437660273973;0.462263473972603;0.465027230136986;0.463745912328767;0.457877260273973;0.447336152054795;0.431965904109589;0.412203790410959;0.388603706849315;0.361546119178082;0.331217739726027;0.297867153424657;0.261597160273973;0.222005028767123;0.17812621369863;0.129632184931507;0.0778304856164383;0.0253640282191781;NaN;NaN;NaN;NaN;NaN;NaN;NaN;NaN;NaN;NaN;NaN;NaN;NaN;NaN;NaN;NaN;NaN;NaN;NaN;NaN;NaN;NaN;NaN;NaN;NaN;NaN;NaN;NaN;NaN;NaN;NaN;NaN;NaN;NaN;NaN;NaN;NaN;NaN;NaN;NaN;NaN;NaN;NaN;NaN;NaN;NaN;NaN;NaN;NaN;NaN;NaN;NaN;NaN;NaN;NaN;NaN;NaN;NaN;NaN;NaN;NaN;NaN;NaN;NaN;NaN;NaN;NaN;NaN;NaN;NaN;NaN;NaN;NaN;NaN;NaN;NaN;NaN;NaN;NaN;NaN;NaN;NaN;NaN
NaN;0.02690471;0.101963198219178;0.137005498630137;0.162183615068493;0.188266205479452;0.213954269863014;0.239416279452055;0.264337117808219;0.288627565753425;0.311880768493151;0.333709176712329;0.353878431506849;0.372294467123288;0.388764753424657;0.403368121917808;0.416532732876712;0.428378978082192;0.43874562739726;0.455153754794521;0.461118401369863;0.464074798630137;0.46296411369863;0.457213969863014;0.446722350684931;0.431302242465753;0.411417312328767;0.387649279452055;0.360353247945205;0.32971604109589;0.296010763013699;0.259320571232877;0.219170798630137;0.174601269863014;0.125376812328767;0.0729881983561644;0.0200817645205479;NaN;NaN;NaN;NaN;NaN;NaN;NaN;NaN;NaN;NaN;NaN;NaN;NaN;NaN;NaN;NaN;NaN;NaN;NaN;NaN;NaN;NaN;NaN;NaN;NaN;NaN;NaN;NaN;NaN;NaN;NaN;NaN;NaN;NaN;NaN;NaN;NaN;NaN;NaN;NaN;NaN;NaN;NaN;NaN;NaN;NaN;NaN;NaN;NaN;NaN;NaN;NaN;NaN;NaN;NaN;NaN;NaN;NaN;NaN;NaN;NaN;NaN;NaN;NaN;NaN;NaN;NaN;NaN;NaN;NaN;NaN;NaN;NaN;NaN;NaN;NaN;NaN;NaN;NaN;NaN;NaN;NaN;NaN
NaN;NaN;0.0847843212328767;0.130343021917808;0.156118753424658;0.182778379452055;0.208985;0.234925312328767;0.260275453424658;0.284981235616438;0.308608309589041;0.330729808219178;0.35116375890411;0.369812468493151;0.386492416438356;0.401304091780822;0.414664676712329;0.426685464383562;0.437203691780822;0.453858515068493;0.459958810958904;0.46309924520548;0.462157243835616;0.456522639726027;0.446080920547945;0.430611519178082;0.410608671232877;0.386672836986301;0.359133043835617;0.328184842465753;0.294122701369863;0.257004617808219;0.216283769863014;0.171012153424658;0.121062294520548;0.0681034684931507;0.0147511969863014;NaN;NaN;NaN;NaN;NaN;NaN;NaN;NaN;NaN;NaN;NaN;NaN;NaN;NaN;NaN;NaN;NaN;NaN;NaN;NaN;NaN;NaN;NaN;NaN;NaN;NaN;NaN;NaN;NaN;NaN;NaN;NaN;NaN;NaN;NaN;NaN;NaN;NaN;NaN;NaN;NaN;NaN;NaN;NaN;NaN;NaN;NaN;NaN;NaN;NaN;NaN;NaN;NaN;NaN;NaN;NaN;NaN;NaN;NaN;NaN;NaN;NaN;NaN;NaN;NaN;NaN;NaN;NaN;NaN;NaN;NaN;NaN;NaN;NaN;NaN;NaN;NaN;NaN;NaN;NaN;NaN;NaN;NaN
NaN;NaN;0.0593017934246575;0.123585856164384;0.150006153424658;0.177232978082192;0.203962078082192;0.230379964383562;0.256161105479452;0.281293932876712;0.305285632876712;0.327704143835616;0.348409508219178;0.367296509589041;0.384191649315068;0.399213408219178;0.412773802739726;0.424970030136986;0.435642549315068;0.452554943835616;0.458784843835617;0.462099491780822;0.461324079452055;0.455805;0.445411402739726;0.429894630136986;0.40977798630137;0.38567441369863;0.357886069863014;0.326624521917808;0.292203254794521;0.254648236986301;0.213341136986301;0.167359239726027;0.116688568493151;0.0631761295890411;0.00936945234246575;NaN;NaN;NaN;NaN;NaN;NaN;NaN;NaN;NaN;NaN;NaN;NaN;NaN;NaN;NaN;NaN;NaN;NaN;NaN;NaN;NaN;NaN;NaN;NaN;NaN;NaN;NaN;NaN;NaN;NaN;NaN;NaN;NaN;NaN;NaN;NaN;NaN;NaN;NaN;NaN;NaN;NaN;NaN;NaN;NaN;NaN;NaN;NaN;NaN;NaN;NaN;NaN;NaN;NaN;NaN;NaN;NaN;NaN;NaN;NaN;NaN;NaN;NaN;NaN;NaN;NaN;NaN;NaN;NaN;NaN;NaN;NaN;NaN;NaN;NaN;NaN;NaN;NaN;NaN;NaN;NaN;NaN;NaN
NaN;NaN;0.029066794109589;0.10858571369863;0.143854578082192;0.171634175342466;0.198864745205479;0.225782087671233;0.25200488630137;0.277559417808219;0.301919476712329;0.324643573972603;0.345614089041096;0.364745965753425;0.381863173972603;0.397101815068493;0.41085877260274;0.423231654794521;0.434065068493151;0.451245116438356;0.457593282191781;0.46107868630137;0.460466971232877;0.455063783561644;0.444713484931507;0.429151647945205;0.408926754794521;0.384652434246575;0.356611269863014;0.325035102739726;0.290251678082192;0.252249593150685;0.210343949315068;0.163642084931507;0.112257460273973;0.0582049321917808;0.00393455334246575;NaN;NaN;NaN;NaN;NaN;NaN;NaN;NaN;NaN;NaN;NaN;NaN;NaN;NaN;NaN;NaN;NaN;NaN;NaN;NaN;NaN;NaN;NaN;NaN;NaN;NaN;NaN;NaN;NaN;NaN;NaN;NaN;NaN;NaN;NaN;NaN;NaN;NaN;NaN;NaN;NaN;NaN;NaN;NaN;NaN;NaN;NaN;NaN;NaN;NaN;NaN;NaN;NaN;NaN;NaN;NaN;NaN;NaN;NaN;NaN;NaN;NaN;NaN;NaN;NaN;NaN;NaN;NaN;NaN;NaN;NaN;NaN;NaN;NaN;NaN;NaN;NaN;NaN;NaN;NaN;NaN;NaN;NaN
NaN;NaN;NaN;0.0929213312328767;0.137638784931507;0.165956589041096;0.193711875342466;0.221120550684931;0.247810650684931;0.27378085890411;0.298511236986301;0.321537319178082;0.342780417808219;0.362161342465753;0.379505138356164;0.394962001369863;0.408919663013699;0.421471967123288;0.432466576712329;0.449923020547945;0.456385295890411;0.460036361643836;0.459584690410959;0.454296597260274;0.443986120547945;0.428382421917808;0.408054754794521;0.383607180821918;0.355308469863014;0.323416720547945;0.288268815068493;0.249809139726027;0.207288843835616;0.159859060273973;0.10776874109589;0.0531940878082192;NaN;NaN;NaN;NaN;NaN;NaN;NaN;NaN;NaN;NaN;NaN;NaN;NaN;NaN;NaN;NaN;NaN;NaN;NaN;NaN;NaN;NaN;NaN;NaN;NaN;NaN;NaN;NaN;NaN;NaN;NaN;NaN;NaN;NaN;NaN;NaN;NaN;NaN;NaN;NaN;NaN;NaN;NaN;NaN;NaN;NaN;NaN;NaN;NaN;NaN;NaN;NaN;NaN;NaN;NaN;NaN;NaN;NaN;NaN;NaN;NaN;NaN;NaN;NaN;NaN;NaN;NaN;NaN;NaN;NaN;NaN;NaN;NaN;NaN;NaN;NaN;NaN;NaN;NaN;NaN;NaN;NaN;NaN;NaN
NaN;NaN;NaN;0.0689948556164384;0.131357671232877;0.16021534109589;0.188514309589041;0.216417090410959;0.2435593;0.269962878082192;0.295065409589041;0.318389683561644;0.339908645205479;0.359541921917808;0.377119530136986;0.392795732876712;0.406956350684931;0.419689839726027;0.430853498630137;0.448584753424658;0.455158628767123;0.458971310958904;0.458677436986301;0.453503269863014;0.443230235616438;0.427590028767123;0.407161271232877;0.382537445205479;0.353977705479452;0.321769590410959;0.286253494520548;0.247325335616438;0.204173682191781;0.156013632876712;0.103227956164384;0.0481393142465753;NaN;NaN;NaN;NaN;NaN;NaN;NaN;NaN;NaN;NaN;NaN;NaN;NaN;NaN;NaN;NaN;NaN;NaN;NaN;NaN;NaN;NaN;NaN;NaN;NaN;NaN;NaN;NaN;NaN;NaN;NaN;NaN;NaN;NaN;NaN;NaN;NaN;NaN;NaN;NaN;NaN;NaN;NaN;NaN;NaN;NaN;NaN;NaN;NaN;NaN;NaN;NaN;NaN;NaN;NaN;NaN;NaN;NaN;NaN;NaN;NaN;NaN;NaN;NaN;NaN;NaN;NaN;NaN;NaN;NaN;NaN;NaN;NaN;NaN;NaN;NaN;NaN;NaN;NaN;NaN;NaN;NaN;NaN;NaN
NaN;NaN;NaN;0.0339267069863014;0.117842221917808;0.154414731506849;0.183257393150685;0.211651289041096;0.239261736986301;0.266096221917808;0.291565675342466;0.315194593150685;0.336995487671233;0.356893980821918;0.374708306849315;0.390607136986301;0.404970750684931;0.417888712328767;0.429228169863014;0.447235568493151;0.453914110958904;0.457884010958904;0.457746101369863;0.452684556164384;0.442444746575342;0.426773790410959;0.406246943835616;0.38144331369863;0.352618893150685;0.320094246575342;0.284205423287671;0.244796321917808;0.201001117808219;0.152106204109589;0.0986354261643836;0.0430361808219178;NaN;NaN;NaN;NaN;NaN;NaN;NaN;NaN;NaN;NaN;NaN;NaN;NaN;NaN;NaN;NaN;NaN;NaN;NaN;NaN;NaN;NaN;NaN;NaN;NaN;NaN;NaN;NaN;NaN;NaN;NaN;NaN;NaN;NaN;NaN;NaN;NaN;NaN;NaN;NaN;NaN;NaN;NaN;NaN;NaN;NaN;NaN;NaN;NaN;NaN;NaN;NaN;NaN;NaN;NaN;NaN;NaN;NaN;NaN;NaN;NaN;NaN;NaN;NaN;NaN;NaN;NaN;NaN;NaN;NaN;NaN;NaN;NaN;NaN;NaN;NaN;NaN;NaN;NaN;NaN;NaN;NaN;NaN;NaN
NaN;NaN;NaN;0.00147715631369863;0.102942679041096;0.148540784931507;0.177929293150685;0.206826020547945;0.234914430136986;0.262190590410959;0.288020669863014;0.311959121917808;0.334045960273973;0.354210316438356;0.372265532876712;0.388387416438356;0.402957152054795;0.416063932876712;0.427575660273973;0.445873212328767;0.452649493150685;0.456773360273973;0.45678874109589;0.451837580821918;0.441630595890411;0.425933217808219;0.405311191780822;0.380324390410959;0.351232352054795;0.31839021369863;0.282125461643836;0.24221997260274;0.197772021917808;0.148138221917808;0.0939920645205479;0.037888722739726;NaN;NaN;NaN;NaN;NaN;NaN;NaN;NaN;NaN;NaN;NaN;NaN;NaN;NaN;NaN;NaN;NaN;NaN;NaN;NaN;NaN;NaN;NaN;NaN;NaN;NaN;NaN;NaN;NaN;NaN;NaN;NaN;NaN;NaN;NaN;NaN;NaN;NaN;NaN;NaN;NaN;NaN;NaN;NaN;NaN;NaN;NaN;NaN;NaN;NaN;NaN;NaN;NaN;NaN;NaN;NaN;NaN;NaN;NaN;NaN;NaN;NaN;NaN;NaN;NaN;NaN;NaN;NaN;NaN;NaN;NaN;NaN;NaN;NaN;NaN;NaN;NaN;NaN;NaN;NaN;NaN;NaN;NaN;NaN
NaN;NaN;NaN;NaN;0.0829391946575343;0.142612442465753;0.172551552054795;0.201966815068493;0.23052987260274;0.258241453424658;0.284433657534247;0.308681278082192;0.331058049315068;0.351493784931507;0.369794621917808;0.386143708219178;0.400920893150685;0.41422188630137;0.425916945205479;0.444491082191781;0.451359404109589;0.455638243835616;0.455805402739726;0.450961969863014;0.440787284931507;0.425070802739726;0.404353476712329;0.379176632876712;0.349817942465753;0.316657738356164;0.280009573972603;0.239595319178082;0.194483478082192;0.144110684931507;0.0892983217808219;0.0326939890410959;NaN;NaN;NaN;NaN;NaN;NaN;NaN;NaN;NaN;NaN;NaN;NaN;NaN;NaN;NaN;NaN;NaN;NaN;NaN;NaN;NaN;NaN;NaN;NaN;NaN;NaN;NaN;NaN;NaN;NaN;NaN;NaN;NaN;NaN;NaN;NaN;NaN;NaN;NaN;NaN;NaN;NaN;NaN;NaN;NaN;NaN;NaN;NaN;NaN;NaN;NaN;NaN;NaN;NaN;NaN;NaN;NaN;NaN;NaN;NaN;NaN;NaN;NaN;NaN;NaN;NaN;NaN;NaN;NaN;NaN;NaN;NaN;NaN;NaN;NaN;NaN;NaN;NaN;NaN;NaN;NaN;NaN;NaN;NaN
NaN;NaN;NaN;NaN;0.0477030787671233;0.132069001369863;0.167114768493151;0.197028798630137;0.226111075342466;0.254241915068493;0.280801134246575;0.305366857534247;0.328035710958904;0.348746889041096;0.367299336986301;0.383874536986301;0.398862057534247;0.412358256164384;0.424240717808219;0.443094773972603;0.450060267123288;0.454482938356164;0.45479822739726;0.45005964109589;0.439918452054795;0.424187178082192;0.403375168493151;0.378005163013699;0.348376439726027;0.314897545205479;0.277859889041096;0.236922110958904;0.191136075342466;0.140021326027397;0.0845571993150685;0.0274524894520548;NaN;NaN;NaN;NaN;NaN;NaN;NaN;NaN;NaN;NaN;NaN;NaN;NaN;NaN;NaN;NaN;NaN;NaN;NaN;NaN;NaN;NaN;NaN;NaN;NaN;NaN;NaN;NaN;NaN;NaN;NaN;NaN;NaN;NaN;NaN;NaN;NaN;NaN;NaN;NaN;NaN;NaN;NaN;NaN;NaN;NaN;NaN;NaN;NaN;NaN;NaN;NaN;NaN;NaN;NaN;NaN;NaN;NaN;NaN;NaN;NaN;NaN;NaN;NaN;NaN;NaN;NaN;NaN;NaN;NaN;NaN;NaN;NaN;NaN;NaN;NaN;NaN;NaN;NaN;NaN;NaN;NaN;NaN;NaN
NaN;NaN;NaN;NaN;0.0152074663547945;0.116919015068493;0.161601791780822;0.19203625890411;0.221636968493151;0.250191667123288;0.277117263013699;0.302005375342466;0.324976717808219;0.345967697260274;0.364774208219178;0.381579571232877;0.396779306849315;0.410480895890411;0.422552028767123;0.441683304109589;0.448741026027397;0.453304667123288;0.453767078082192;0.449128880821918;0.439020876712329;0.423281975342466;0.402373921917808;0.376807926027397;0.346907706849315;0.313107778082192;0.2756738;0.234199294520548;0.187730875342466;0.135878678082192;0.0797715463013699;0.0221609168493151;NaN;NaN;NaN;NaN;NaN;NaN;NaN;NaN;NaN;NaN;NaN;NaN;NaN;NaN;NaN;NaN;NaN;NaN;NaN;NaN;NaN;NaN;NaN;NaN;NaN;NaN;NaN;NaN;NaN;NaN;NaN;NaN;NaN;NaN;NaN;NaN;NaN;NaN;NaN;NaN;NaN;NaN;NaN;NaN;NaN;NaN;NaN;NaN;NaN;NaN;NaN;NaN;NaN;NaN;NaN;NaN;NaN;NaN;NaN;NaN;NaN;NaN;NaN;NaN;NaN;NaN;NaN;NaN;NaN;NaN;NaN;NaN;NaN;NaN;NaN;NaN;NaN;NaN;NaN;NaN;NaN;NaN;NaN;NaN
NaN;NaN;NaN;NaN;NaN;0.104631834109589;0.156032819178082;0.187007943835616;0.217118883561644;0.246094584931507;0.273388447945206;0.298600395890411;0.321882198630137;0.343156424657534;0.362220582191781;0.379257415068493;0.394673968493151;0.408582571232877;0.420850135616438;0.440256705479452;0.447403694520548;0.452103173972603;0.452708615068493;0.448169579452055;0.438096608219178;0.422355097260274;0.401350104109589;0.375584552054795;0.345413702739726;0.311290053424658;0.273450942465753;0.231426816438356;0.184265893150685;0.131673684931507;0.0749398808219178;0.0168180236986301;NaN;NaN;NaN;NaN;NaN;NaN;NaN;NaN;NaN;NaN;NaN;NaN;NaN;NaN;NaN;NaN;NaN;NaN;NaN;NaN;NaN;NaN;NaN;NaN;NaN;NaN;NaN;NaN;NaN;NaN;NaN;NaN;NaN;NaN;NaN;NaN;NaN;NaN;NaN;NaN;NaN;NaN;NaN;NaN;NaN;NaN;NaN;NaN;NaN;NaN;NaN;NaN;NaN;NaN;NaN;NaN;NaN;NaN;NaN;NaN;NaN;NaN;NaN;NaN;NaN;NaN;NaN;NaN;NaN;NaN;NaN;NaN;NaN;NaN;NaN;NaN;NaN;NaN;NaN;NaN;NaN;NaN;NaN;NaN
NaN;NaN;NaN;NaN;NaN;0.0683389082191781;0.15040837260274;0.181921009589041;0.212555717808219;0.241950889041096;0.269614939726027;0.29515555890411;0.318751289041096;0.340312780821918;0.359638757534247;0.376908257534247;0.392547142465753;0.406665793150685;0.419139587671233;0.438814809589041;0.446048101369863;0.450878543835616;0.451624747945206;0.447182416438356;0.43714857260274;0.421407052054795;0.400302632876712;0.374335321917808;0.343892242465753;0.309444508219178;0.271190875342466;0.22860205890411;0.180744284931507;0.127414761643836;0.0700644142465753;0.0114266036986301;NaN;NaN;NaN;NaN;NaN;NaN;NaN;NaN;NaN;NaN;NaN;NaN;NaN;NaN;NaN;NaN;NaN;NaN;NaN;NaN;NaN;NaN;NaN;NaN;NaN;NaN;NaN;NaN;NaN;NaN;NaN;NaN;NaN;NaN;NaN;NaN;NaN;NaN;NaN;NaN;NaN;NaN;NaN;NaN;NaN;NaN;NaN;NaN;NaN;NaN;NaN;NaN;NaN;NaN;NaN;NaN;NaN;NaN;NaN;NaN;NaN;NaN;NaN;NaN;NaN;NaN;NaN;NaN;NaN;NaN;NaN;NaN;NaN;NaN;NaN;NaN;NaN;NaN;NaN;NaN;NaN;NaN;NaN;NaN
NaN;NaN;NaN;NaN;NaN;0.0381779420547945;0.134122357534247;0.176779787671233;0.207922112328767;0.23775444109589;0.265785997260274;0.291671442465753;0.315579442465753;0.337436057534247;0.357027535616438;0.374522620547945;0.390395978082192;0.404721438356164;0.417409820547945;0.437356569863014;0.444678534246575;0.449632395890411;0.45051458630137;0.446166026027397;0.436175026027397;0.420437969863014;0.399231309589041;0.373059302739726;0.342345043835616;0.30756934109589;0.268890450684932;0.225726773972603;0.177165030136986;0.123099212328767;0.0651422224657534;0.0059823344109589;NaN;NaN;NaN;NaN;NaN;NaN;NaN;NaN;NaN;NaN;NaN;NaN;NaN;NaN;NaN;NaN;NaN;NaN;NaN;NaN;NaN;NaN;NaN;NaN;NaN;NaN;NaN;NaN;NaN;NaN;NaN;NaN;NaN;NaN;NaN;NaN;NaN;NaN;NaN;NaN;NaN;NaN;NaN;NaN;NaN;NaN;NaN;NaN;NaN;NaN;NaN;NaN;NaN;NaN;NaN;NaN;NaN;NaN;NaN;NaN;NaN;NaN;NaN;NaN;NaN;NaN;NaN;NaN;NaN;NaN;NaN;NaN;NaN;NaN;NaN;NaN;NaN;NaN;NaN;NaN;NaN;NaN;NaN;NaN
NaN;NaN;NaN;NaN;NaN;0.0155855835890411;0.121919805479452;0.171577845205479;0.203252195890411;0.233516449315068;0.261919802739726;0.288149047945206;0.312373476712329;0.334527930136986;0.354388365753425;0.372120612328767;0.388216432876712;0.402770746575342;0.415660668493151;0.435882171232877;0.443296480821918;0.448367619178082;0.449376705479452;0.445120810958904;0.435178257534247;0.419447201369863;0.398135845205479;0.371757080821918;0.340772850684932;0.305664639726027;0.2665511;0.222799143835616;0.173529575342466;0.118731021917808;0.0601746765753425;0.000479950223287671;NaN;NaN;NaN;NaN;NaN;NaN;NaN;NaN;NaN;NaN;NaN;NaN;NaN;NaN;NaN;NaN;NaN;NaN;NaN;NaN;NaN;NaN;NaN;NaN;NaN;NaN;NaN;NaN;NaN;NaN;NaN;NaN;NaN;NaN;NaN;NaN;NaN;NaN;NaN;NaN;NaN;NaN;NaN;NaN;NaN;NaN;NaN;NaN;NaN;NaN;NaN;NaN;NaN;NaN;NaN;NaN;NaN;NaN;NaN;NaN;NaN;NaN;NaN;NaN;NaN;NaN;NaN;NaN;NaN;NaN;NaN;NaN;NaN;NaN;NaN;NaN;NaN;NaN;NaN;NaN;NaN;NaN;NaN;NaN
NaN;NaN;NaN;NaN;NaN;NaN;0.101539857671233;0.16632615890411;0.198502171232877;0.229233678082192;0.258006594520548;0.284585331506849;0.309131965753425;0.331586561643836;0.351719857534247;0.369691950684931;0.38602361369863;0.400801736986301;0.413897539726027;0.434387721917808;0.441893834246575;0.44707834109589;0.448213002739726;0.44404875479452;0.434157326027397;0.4184336;0.397015238356164;0.370430480821918;0.339174457534247;0.30372941369863;0.264169238356164;0.21981768630137;0.169835257534247;0.114306883561644;0.055162708630137;NaN;NaN;NaN;NaN;NaN;NaN;NaN;NaN;NaN;NaN;NaN;NaN;NaN;NaN;NaN;NaN;NaN;NaN;NaN;NaN;NaN;NaN;NaN;NaN;NaN;NaN;NaN;NaN;NaN;NaN;NaN;NaN;NaN;NaN;NaN;NaN;NaN;NaN;NaN;NaN;NaN;NaN;NaN;NaN;NaN;NaN;NaN;NaN;NaN;NaN;NaN;NaN;NaN;NaN;NaN;NaN;NaN;NaN;NaN;NaN;NaN;NaN;NaN;NaN;NaN;NaN;NaN;NaN;NaN;NaN;NaN;NaN;NaN;NaN;NaN;NaN;NaN;NaN;NaN;NaN;NaN;NaN;NaN;NaN;NaN
NaN;NaN;NaN;NaN;NaN;NaN;0.0672814875342466;0.161010367123288;0.193711175342466;0.224907197260274;0.254052568493151;0.28098531369863;0.305860971232877;0.328615668493151;0.349026135616438;0.367240661643836;0.383812008219178;0.398817953424657;0.412117801369863;0.432878420547945;0.440479030136986;0.445784163013699;0.44702297260274;0.442948169863014;0.433114016438356;0.417397975342466;0.395870654794521;0.369078420547945;0.33755017260274;0.301761373972603;0.261745302739726;0.216785438356164;0.166083902739726;0.109835647945205;0.0501066954794521;NaN;NaN;NaN;NaN;NaN;NaN;NaN;NaN;NaN;NaN;NaN;NaN;NaN;NaN;NaN;NaN;NaN;NaN;NaN;NaN;NaN;NaN;NaN;NaN;NaN;NaN;NaN;NaN;NaN;NaN;NaN;NaN;NaN;NaN;NaN;NaN;NaN;NaN;NaN;NaN;NaN;NaN;NaN;NaN;NaN;NaN;NaN;NaN;NaN;NaN;NaN;NaN;NaN;NaN;NaN;NaN;NaN;NaN;NaN;NaN;NaN;NaN;NaN;NaN;NaN;NaN;NaN;NaN;NaN;NaN;NaN;NaN;NaN;NaN;NaN;NaN;NaN;NaN;NaN;NaN;NaN;NaN;NaN;NaN;NaN
NaN;NaN;NaN;NaN;NaN;NaN;0.040242667260274;0.14323535890411;0.188870167123288;0.220534071232877;0.250050934246575;0.277344547945206;0.302549123287671;0.325609746575342;0.346300346575342;0.36477531369863;0.381581323287671;0.396820978082192;0.410323550684931;0.431349512328767;0.439049436986301;0.44446695890411;0.445809375342466;0.441823121917808;0.432047552054795;0.416339456164384;0.394700465753425;0.367701246575342;0.335900594520548;0.299763075342466;0.259279198630137;0.213700528767123;0.162277383561644;0.105315102739726;0.0450013315068493;NaN;NaN;NaN;NaN;NaN;NaN;NaN;NaN;NaN;NaN;NaN;NaN;NaN;NaN;NaN;NaN;NaN;NaN;NaN;NaN;NaN;NaN;NaN;NaN;NaN;NaN;NaN;NaN;NaN;NaN;NaN;NaN;NaN;NaN;NaN;NaN;NaN;NaN;NaN;NaN;NaN;NaN;NaN;NaN;NaN;NaN;NaN;NaN;NaN;NaN;NaN;NaN;NaN;NaN;NaN;NaN;NaN;NaN;NaN;NaN;NaN;NaN;NaN;NaN;NaN;NaN;NaN;NaN;NaN;NaN;NaN;NaN;NaN;NaN;NaN;NaN;NaN;NaN;NaN;NaN;NaN;NaN;NaN;NaN;NaN
NaN;NaN;NaN;NaN;NaN;NaN;0.020668681369863;0.131219410958904;0.183975631506849;0.216105639726027;0.24600194109589;0.273669245205479;0.299200221917808;0.322571975342466;0.343530883561644;0.36228587260274;0.379339461643836;0.39481354109589;0.408512006849315;0.429805124657534;0.437603156164384;0.443129249315069;0.444571375342466;0.440672701369863;0.430958365753425;0.41525782739726;0.393504895890411;0.366298804109589;0.334224173972603;0.297731791780822;0.256768661643836;0.210559695890411;0.158415482191781;0.100742326027397;0.0398443010958904;NaN;NaN;NaN;NaN;NaN;NaN;NaN;NaN;NaN;NaN;NaN;NaN;NaN;NaN;NaN;NaN;NaN;NaN;NaN;NaN;NaN;NaN;NaN;NaN;NaN;NaN;NaN;NaN;NaN;NaN;NaN;NaN;NaN;NaN;NaN;NaN;NaN;NaN;NaN;NaN;NaN;NaN;NaN;NaN;NaN;NaN;NaN;NaN;NaN;NaN;NaN;NaN;NaN;NaN;NaN;NaN;NaN;NaN;NaN;NaN;NaN;NaN;NaN;NaN;NaN;NaN;NaN;NaN;NaN;NaN;NaN;NaN;NaN;NaN;NaN;NaN;NaN;NaN;NaN;NaN;NaN;NaN;NaN;NaN;NaN
NaN;NaN;NaN;NaN;NaN;NaN;NaN;0.107165975342466;0.179023730136986;0.211616965753425;0.241915735616438;0.269951604109589;0.295821810958904;0.319497739726027;0.340734624657534;0.359768678082192;0.377079639726027;0.392787415068493;0.406681876712329;0.428243328767123;0.436140015068493;0.44177515890411;0.443310008219178;0.439498226027397;0.429847223287671;0.414152471232877;0.392283945205479;0.3648719;0.332521995890411;0.295667902739726;0.254213175342466;0.20736984109589;0.154498063013699;0.0961205502739726;0.0346407404109589;NaN;NaN;NaN;NaN;NaN;NaN;NaN;NaN;NaN;NaN;NaN;NaN;NaN;NaN;NaN;NaN;NaN;NaN;NaN;NaN;NaN;NaN;NaN;NaN;NaN;NaN;NaN;NaN;NaN;NaN;NaN;NaN;NaN;NaN;NaN;NaN;NaN;NaN;NaN;NaN;NaN;NaN;NaN;NaN;NaN;NaN;NaN;NaN;NaN;NaN;NaN;NaN;NaN;NaN;NaN;NaN;NaN;NaN;NaN;NaN;NaN;NaN;NaN;NaN;NaN;NaN;NaN;NaN;NaN;NaN;NaN;NaN;NaN;NaN;NaN;NaN;NaN;NaN;NaN;NaN;NaN;NaN;NaN;NaN;NaN
NaN;NaN;NaN;NaN;NaN;NaN;NaN;0.0806220247945205;0.174021173972603;0.207070049315069;0.237784510958904;0.266196089041096;0.292408398630137;0.316387647945205;0.337905208219178;0.357213506849315;0.374798742465753;0.390749443835616;0.404836431506849;0.426665002739726;0.43466472739726;0.440399020547945;0.44202684109589;0.438301249315069;0.428715328767123;0.4130229;0.391038104109589;0.36342024109589;0.330793757534247;0.29356955890411;0.251614136986301;0.204127383561644;0.150526206849315;0.0914493978082192;0.0293895602739726;NaN;NaN;NaN;NaN;NaN;NaN;NaN;NaN;NaN;NaN;NaN;NaN;NaN;NaN;NaN;NaN;NaN;NaN;NaN;NaN;NaN;NaN;NaN;NaN;NaN;NaN;NaN;NaN;NaN;NaN;NaN;NaN;NaN;NaN;NaN;NaN;NaN;NaN;NaN;NaN;NaN;NaN;NaN;NaN;NaN;NaN;NaN;NaN;NaN;NaN;NaN;NaN;NaN;NaN;NaN;NaN;NaN;NaN;NaN;NaN;NaN;NaN;NaN;NaN;NaN;NaN;NaN;NaN;NaN;NaN;NaN;NaN;NaN;NaN;NaN;NaN;NaN;NaN;NaN;NaN;NaN;NaN;NaN;NaN;NaN
NaN;NaN;NaN;NaN;NaN;NaN;NaN;0.0519803482191781;0.159371680821918;0.202476798630137;0.233620367123288;0.262400084931507;0.288959620547945;0.313244731506849;0.335042202739726;0.35463702739726;0.372487454794521;0.388684054794521;0.402968360273973;0.425072773972603;0.433172884931507;0.438998790410959;0.440720190410959;0.437083853424658;0.42756297260274;0.41186972739726;0.389767319178082;0.36194427260274;0.329038361643836;0.291436460273973;0.248969450684932;0.200832506849315;0.146500097260274;0.0867262641095891;0.0240850030136986;NaN;NaN;NaN;NaN;NaN;NaN;NaN;NaN;NaN;NaN;NaN;NaN;NaN;NaN;NaN;NaN;NaN;NaN;NaN;NaN;NaN;NaN;NaN;NaN;NaN;NaN;NaN;NaN;NaN;NaN;NaN;NaN;NaN;NaN;NaN;NaN;NaN;NaN;NaN;NaN;NaN;NaN;NaN;NaN;NaN;NaN;NaN;NaN;NaN;NaN;NaN;NaN;NaN;NaN;NaN;NaN;NaN;NaN;NaN;NaN;NaN;NaN;NaN;NaN;NaN;NaN;NaN;NaN;NaN;NaN;NaN;NaN;NaN;NaN;NaN;NaN;NaN;NaN;NaN;NaN;NaN;NaN;NaN;NaN;NaN
NaN;NaN;NaN;NaN;NaN;NaN;NaN;0.0304624643835616;0.143691419178082;0.197836861643836;0.229422905479452;0.258562568493151;0.285474017808219;0.310067943835616;0.332154875342466;0.35203691369863;0.370152631506849;0.386592456164384;0.401074257534247;0.423462657534247;0.431664016438356;0.437579409589041;0.439391615068493;0.435849046575343;0.426387735616438;0.41069121369863;0.38847164109589;0.360446621917808;0.327255671232877;0.289267002739726;0.246280039726027;0.197484791780822;0.142421349315069;0.0819546473972603;0.0187253694520548;NaN;NaN;NaN;NaN;NaN;NaN;NaN;NaN;NaN;NaN;NaN;NaN;NaN;NaN;NaN;NaN;NaN;NaN;NaN;NaN;NaN;NaN;NaN;NaN;NaN;NaN;NaN;NaN;NaN;NaN;NaN;NaN;NaN;NaN;NaN;NaN;NaN;NaN;NaN;NaN;NaN;NaN;NaN;NaN;NaN;NaN;NaN;NaN;NaN;NaN;NaN;NaN;NaN;NaN;NaN;NaN;NaN;NaN;NaN;NaN;NaN;NaN;NaN;NaN;NaN;NaN;NaN;NaN;NaN;NaN;NaN;NaN;NaN;NaN;NaN;NaN;NaN;NaN;NaN;NaN;NaN;NaN;NaN;NaN;NaN
NaN;NaN;NaN;NaN;NaN;NaN;NaN;0.0134598254794521;0.122205349315068;0.193142468493151;0.225169460273973;0.254686378082192;0.281952968493151;0.306860265753425;0.329249431506849;0.349407509589041;0.367799980821918;0.384484850684932;0.399164643835616;0.421839957534247;0.430155028767123;0.436139279452055;0.438042843835616;0.434595880821918;0.425194335616438;0.409487126027397;0.387151863013699;0.358923731506849;0.325445412328767;0.287063461643836;0.243544217808219;0.194087310958904;0.138289747945205;0.0771309483561644;0.0133147853424658;NaN;NaN;NaN;NaN;NaN;NaN;NaN;NaN;NaN;NaN;NaN;NaN;NaN;NaN;NaN;NaN;NaN;NaN;NaN;NaN;NaN;NaN;NaN;NaN;NaN;NaN;NaN;NaN;NaN;NaN;NaN;NaN;NaN;NaN;NaN;NaN;NaN;NaN;NaN;NaN;NaN;NaN;NaN;NaN;NaN;NaN;NaN;NaN;NaN;NaN;NaN;NaN;NaN;NaN;NaN;NaN;NaN;NaN;NaN;NaN;NaN;NaN;NaN;NaN;NaN;NaN;NaN;NaN;NaN;NaN;NaN;NaN;NaN;NaN;NaN;NaN;NaN;NaN;NaN;NaN;NaN;NaN;NaN;NaN;NaN
NaN;NaN;NaN;NaN;NaN;NaN;NaN;NaN;0.104087083287671;0.188401261643836;0.220875778082192;0.250777001369863;0.278402323287671;0.303626506849315;0.326322393150685;0.346768582191781;0.365424452054794;0.382359898630137;0.397236756164384;0.420202980821918;0.428626568493151;0.434682934246575;0.436674606849315;0.433322278082192;0.423981226027397;0.408259301369863;0.385808679452055;0.357377384931507;0.323607667123288;0.284826476712329;0.240765768493151;0.190637519178082;0.134101819178082;0.072260924520548;0.00784969334246575;NaN;NaN;NaN;NaN;NaN;NaN;NaN;NaN;NaN;NaN;NaN;NaN;NaN;NaN;NaN;NaN;NaN;NaN;NaN;NaN;NaN;NaN;NaN;NaN;NaN;NaN;NaN;NaN;NaN;NaN;NaN;NaN;NaN;NaN;NaN;NaN;NaN;NaN;NaN;NaN;NaN;NaN;NaN;NaN;NaN;NaN;NaN;NaN;NaN;NaN;NaN;NaN;NaN;NaN;NaN;NaN;NaN;NaN;NaN;NaN;NaN;NaN;NaN;NaN;NaN;NaN;NaN;NaN;NaN;NaN;NaN;NaN;NaN;NaN;NaN;NaN;NaN;NaN;NaN;NaN;NaN;NaN;NaN;NaN;NaN
NaN;NaN;NaN;NaN;NaN;NaN;NaN;NaN;0.080684798630137;0.183602847945205;0.216542731506849;0.246823768493151;0.274806021917808;0.300349778082192;0.323355321917808;0.344101652054795;0.363035916438356;0.380202394520548;0.395281468493151;0.418546130136986;0.427074169863014;0.433202893150685;0.435278498630137;0.432027780821918;0.422745306849315;0.407006765753425;0.384441101369863;0.355806291780822;0.321740902739726;0.282552542465753;0.237943223287671;0.187136897260274;0.129862138356164;0.0673446619178082;0.00232129042465753;NaN;NaN;NaN;NaN;NaN;NaN;NaN;NaN;NaN;NaN;NaN;NaN;NaN;NaN;NaN;NaN;NaN;NaN;NaN;NaN;NaN;NaN;NaN;NaN;NaN;NaN;NaN;NaN;NaN;NaN;NaN;NaN;NaN;NaN;NaN;NaN;NaN;NaN;NaN;NaN;NaN;NaN;NaN;NaN;NaN;NaN;NaN;NaN;NaN;NaN;NaN;NaN;NaN;NaN;NaN;NaN;NaN;NaN;NaN;NaN;NaN;NaN;NaN;NaN;NaN;NaN;NaN;NaN;NaN;NaN;NaN;NaN;NaN;NaN;NaN;NaN;NaN;NaN;NaN;NaN;NaN;NaN;NaN;NaN;NaN
NaN;NaN;NaN;NaN;NaN;NaN;NaN;NaN;0.0538464754794521;0.173748661643836;0.212129420547945;0.242828475342466;0.271163552054795;0.29702897260274;0.320351728767123;0.341409475342466;0.360618989041096;0.378025653424658;0.393305857534247;0.416880539726027;0.425502204109589;0.43169657260274;0.433861673972603;0.430712887671233;0.421482015068493;0.405726171232877;0.383046598630137;0.354208384931507;0.319841412328767;0.280239926027397;0.235073526027397;0.18358758630137;0.125572173972603;0.0623784369863014;NaN;NaN;NaN;NaN;NaN;NaN;NaN;NaN;NaN;NaN;NaN;NaN;NaN;NaN;NaN;NaN;NaN;NaN;NaN;NaN;NaN;NaN;NaN;NaN;NaN;NaN;NaN;NaN;NaN;NaN;NaN;NaN;NaN;NaN;NaN;NaN;NaN;NaN;NaN;NaN;NaN;NaN;NaN;NaN;NaN;NaN;NaN;NaN;NaN;NaN;NaN;NaN;NaN;NaN;NaN;NaN;NaN;NaN;NaN;NaN;NaN;NaN;NaN;NaN;NaN;NaN;NaN;NaN;NaN;NaN;NaN;NaN;NaN;NaN;NaN;NaN;NaN;NaN;NaN;NaN;NaN;NaN;NaN;NaN;NaN;NaN
NaN;NaN;NaN;NaN;NaN;NaN;NaN;NaN;0.0383753508219178;0.15047682739726;0.207669747945206;0.238805080821918;0.267494278082192;0.293692195890411;0.31733678630137;0.338702031506849;0.358186846575342;0.3758389;0.391321309589041;0.415201091780822;0.42392231369863;0.430176568493151;0.432427039726027;0.42937298630137;0.420198128767123;0.404421846575342;0.381630019178082;0.352585568493151;0.317912890410959;0.277888631506849;0.232159661643836;0.179986938356164;0.121223610958904;0.057359174109589;NaN;NaN;NaN;NaN;NaN;NaN;NaN;NaN;NaN;NaN;NaN;NaN;NaN;NaN;NaN;NaN;NaN;NaN;NaN;NaN;NaN;NaN;NaN;NaN;NaN;NaN;NaN;NaN;NaN;NaN;NaN;NaN;NaN;NaN;NaN;NaN;NaN;NaN;NaN;NaN;NaN;NaN;NaN;NaN;NaN;NaN;NaN;NaN;NaN;NaN;NaN;NaN;NaN;NaN;NaN;NaN;NaN;NaN;NaN;NaN;NaN;NaN;NaN;NaN;NaN;NaN;NaN;NaN;NaN;NaN;NaN;NaN;NaN;NaN;NaN;NaN;NaN;NaN;NaN;NaN;NaN;NaN;NaN;NaN;NaN;NaN
NaN;NaN;NaN;NaN;NaN;NaN;NaN;NaN;0.0257385463013699;0.130121165753425;0.203162245205479;0.234742617808219;0.263795246575342;0.290330220547945;0.314302015068493;0.335976808219178;0.355744250684931;0.373636047945206;0.389320457534247;0.413504167123288;0.422318632876712;0.428636721917808;0.430973891780822;0.428016263013699;0.418893263013699;0.403094830136986;0.380191471232877;0.350938456164384;0.315953406849315;0.275500220547945;0.229196902739726;0.176331909589041;0.11681891369863;0.0522888047945205;NaN;NaN;NaN;NaN;NaN;NaN;NaN;NaN;NaN;NaN;NaN;NaN;NaN;NaN;NaN;NaN;NaN;NaN;NaN;NaN;NaN;NaN;NaN;NaN;NaN;NaN;NaN;NaN;NaN;NaN;NaN;NaN;NaN;NaN;NaN;NaN;NaN;NaN;NaN;NaN;NaN;NaN;NaN;NaN;NaN;NaN;NaN;NaN;NaN;NaN;NaN;NaN;NaN;NaN;NaN;NaN;NaN;NaN;NaN;NaN;NaN;NaN;NaN;NaN;NaN;NaN;NaN;NaN;NaN;NaN;NaN;NaN;NaN;NaN;NaN;NaN;NaN;NaN;NaN;NaN;NaN;NaN;NaN;NaN;NaN;NaN
NaN;NaN;NaN;NaN;NaN;NaN;NaN;NaN;0.0136663416068493;0.112666057534247;0.198616294520548;0.230634564383562;0.260048995890411;0.286929164383562;0.311233384931507;0.333223463013699;0.353275626027397;0.371407204109589;0.387297373972603;0.411788012328767;0.420694190410959;0.427074632876712;0.429504384931507;0.426637373972603;0.41756311369863;0.401739709589041;0.378728320547945;0.349264647945205;0.313963120547945;0.273074071232877;0.226191090410959;0.17262712739726;0.11236448630137;0.0471689494520548;NaN;NaN;NaN;NaN;NaN;NaN;NaN;NaN;NaN;NaN;NaN;NaN;NaN;NaN;NaN;NaN;NaN;NaN;NaN;NaN;NaN;NaN;NaN;NaN;NaN;NaN;NaN;NaN;NaN;NaN;NaN;NaN;NaN;NaN;NaN;NaN;NaN;NaN;NaN;NaN;NaN;NaN;NaN;NaN;NaN;NaN;NaN;NaN;NaN;NaN;NaN;NaN;NaN;NaN;NaN;NaN;NaN;NaN;NaN;NaN;NaN;NaN;NaN;NaN;NaN;NaN;NaN;NaN;NaN;NaN;NaN;NaN;NaN;NaN;NaN;NaN;NaN;NaN;NaN;NaN;NaN;NaN;NaN;NaN;NaN;NaN
NaN;NaN;NaN;NaN;NaN;NaN;NaN;NaN;NaN;0.0886656442465753;0.194008042465753;0.226467450684931;0.256277121917808;0.283491252054795;0.308134509589041;0.330444615068493;0.35078301369863;0.369157256164383;0.385252705479452;0.410055752054794;0.419052753424658;0.425491794520548;0.428013220547945;0.425238673972603;0.416204935616438;0.400358453424657;0.377238726027397;0.347563834246575;0.311939316438356;0.27060547260274;0.223141268493151;0.168867982191781;0.107856836986301;0.0419965161643836;NaN;NaN;NaN;NaN;NaN;NaN;NaN;NaN;NaN;NaN;NaN;NaN;NaN;NaN;NaN;NaN;NaN;NaN;NaN;NaN;NaN;NaN;NaN;NaN;NaN;NaN;NaN;NaN;NaN;NaN;NaN;NaN;NaN;NaN;NaN;NaN;NaN;NaN;NaN;NaN;NaN;NaN;NaN;NaN;NaN;NaN;NaN;NaN;NaN;NaN;NaN;NaN;NaN;NaN;NaN;NaN;NaN;NaN;NaN;NaN;NaN;NaN;NaN;NaN;NaN;NaN;NaN;NaN;NaN;NaN;NaN;NaN;NaN;NaN;NaN;NaN;NaN;NaN;NaN;NaN;NaN;NaN;NaN;NaN;NaN;NaN
NaN;NaN;NaN;NaN;NaN;NaN;NaN;NaN;NaN;0.0710407530136986;0.18935757260274;0.222240139726027;0.252479030136986;0.280024716438356;0.305012680821918;0.327644832876712;0.348269509589041;0.366887346575342;0.383191343835616;0.408301020547945;0.417395090410959;0.423890947945205;0.426504838356164;0.423818557534247;0.414824431506849;0.398954706849315;0.375726636986301;0.345836406849315;0.309884854794521;0.268099256164384;0.220043067123288;0.16505695890411;0.103295216438356;0.0367694701369863;NaN;NaN;NaN;NaN;NaN;NaN;NaN;NaN;NaN;NaN;NaN;NaN;NaN;NaN;NaN;NaN;NaN;NaN;NaN;NaN;NaN;NaN;NaN;NaN;NaN;NaN;NaN;NaN;NaN;NaN;NaN;NaN;NaN;NaN;NaN;NaN;NaN;NaN;NaN;NaN;NaN;NaN;NaN;NaN;NaN;NaN;NaN;NaN;NaN;NaN;NaN;NaN;NaN;NaN;NaN;NaN;NaN;NaN;NaN;NaN;NaN;NaN;NaN;NaN;NaN;NaN;NaN;NaN;NaN;NaN;NaN;NaN;NaN;NaN;NaN;NaN;NaN;NaN;NaN;NaN;NaN;NaN;NaN;NaN;NaN;NaN
NaN;NaN;NaN;NaN;NaN;NaN;NaN;NaN;NaN;0.066013855479452;0.181685165753425;0.217976921917808;0.248648973972603;0.276528702739726;0.301865802739726;0.324822653424657;0.345733130136986;0.364597060273973;0.38110998630137;0.406528817808219;0.415718612328767;0.422271061643836;0.424979269863014;0.422378750684932;0.413421760273973;0.397527246575342;0.374192024657534;0.344081760273973;0.307796669863014;0.265553082191781;0.21689915890411;0.161196526027397;0.0986835368493151;0.0314890804109589;NaN;NaN;NaN;NaN;NaN;NaN;NaN;NaN;NaN;NaN;NaN;NaN;NaN;NaN;NaN;NaN;NaN;NaN;NaN;NaN;NaN;NaN;NaN;NaN;NaN;NaN;NaN;NaN;NaN;NaN;NaN;NaN;NaN;NaN;NaN;NaN;NaN;NaN;NaN;NaN;NaN;NaN;NaN;NaN;NaN;NaN;NaN;NaN;NaN;NaN;NaN;NaN;NaN;NaN;NaN;NaN;NaN;NaN;NaN;NaN;NaN;NaN;NaN;NaN;NaN;NaN;NaN;NaN;NaN;NaN;NaN;NaN;NaN;NaN;NaN;NaN;NaN;NaN;NaN;NaN;NaN;NaN;NaN;NaN;NaN;NaN
NaN;NaN;NaN;NaN;NaN;NaN;NaN;NaN;NaN;0.0475988291780822;0.155005442465753;0.213687431506849;0.2447702;0.272996849315069;0.298684926027397;0.321971457534247;0.343168817808219;0.362276154794521;0.379008817808219;0.40474048630137;0.414024519178082;0.420633754794521;0.4234324;0.420918979452055;0.411991824657534;0.396072861643836;0.372634135616438;0.342299347945206;0.305675206849315;0.262967734246575;0.213706015068493;0.157282865753425;0.0940148390410959;0.0261567836986301;NaN;NaN;NaN;NaN;NaN;NaN;NaN;NaN;NaN;NaN;NaN;NaN;NaN;NaN;NaN;NaN;NaN;NaN;NaN;NaN;NaN;NaN;NaN;NaN;NaN;NaN;NaN;NaN;NaN;NaN;NaN;NaN;NaN;NaN;NaN;NaN;NaN;NaN;NaN;NaN;NaN;NaN;NaN;NaN;NaN;NaN;NaN;NaN;NaN;NaN;NaN;NaN;NaN;NaN;NaN;NaN;NaN;NaN;NaN;NaN;NaN;NaN;NaN;NaN;NaN;NaN;NaN;NaN;NaN;NaN;NaN;NaN;NaN;NaN;NaN;NaN;NaN;NaN;NaN;NaN;NaN;NaN;NaN;NaN;NaN;NaN
NaN;NaN;NaN;NaN;NaN;NaN;NaN;NaN;NaN;0.0352631495890411;0.13639237260274;0.209354379452055;0.240854645205479;0.269437493150685;0.295482568493151;0.319098473972603;0.340584746575342;0.359937657534247;0.376888868493151;0.402934668493151;0.412312280821918;0.418978973972603;0.421863919178082;0.419438776712329;0.410542030136986;0.394599276712329;0.371051439726027;0.340488202739726;0.303521338356164;0.260342167123288;0.21046707260274;0.15331374109589;0.0892956621917808;0.020772094109589;NaN;NaN;NaN;NaN;NaN;NaN;NaN;NaN;NaN;NaN;NaN;NaN;NaN;NaN;NaN;NaN;NaN;NaN;NaN;NaN;NaN;NaN;NaN;NaN;NaN;NaN;NaN;NaN;NaN;NaN;NaN;NaN;NaN;NaN;NaN;NaN;NaN;NaN;NaN;NaN;NaN;NaN;NaN;NaN;NaN;NaN;NaN;NaN;NaN;NaN;NaN;NaN;NaN;NaN;NaN;NaN;NaN;NaN;NaN;NaN;NaN;NaN;NaN;NaN;NaN;NaN;NaN;NaN;NaN;NaN;NaN;NaN;NaN;NaN;NaN;NaN;NaN;NaN;NaN;NaN;NaN;NaN;NaN;NaN;NaN;NaN
NaN;NaN;NaN;NaN;NaN;NaN;NaN;NaN;NaN;0.0232898308219178;0.118646820547945;0.204974643835616;0.236892390410959;0.265847356164384;0.292254838356164;0.316204273972603;0.337980687671233;0.357581076712329;0.374750794520548;0.401108849315069;0.410581897260274;0.417302109589041;0.420278331506849;0.417936191780822;0.409071423287671;0.393101931506849;0.369444789041096;0.33864907260274;0.301334820547945;0.257677865753425;0.207182164383562;0.149292515068493;0.0845236150684932;0.0153324979452055;NaN;NaN;NaN;NaN;NaN;NaN;NaN;NaN;NaN;NaN;NaN;NaN;NaN;NaN;NaN;NaN;NaN;NaN;NaN;NaN;NaN;NaN;NaN;NaN;NaN;NaN;NaN;NaN;NaN;NaN;NaN;NaN;NaN;NaN;NaN;NaN;NaN;NaN;NaN;NaN;NaN;NaN;NaN;NaN;NaN;NaN;NaN;NaN;NaN;NaN;NaN;NaN;NaN;NaN;NaN;NaN;NaN;NaN;NaN;NaN;NaN;NaN;NaN;NaN;NaN;NaN;NaN;NaN;NaN;NaN;NaN;NaN;NaN;NaN;NaN;NaN;NaN;NaN;NaN;NaN;NaN;NaN;NaN;NaN;NaN;NaN
NaN;NaN;NaN;NaN;NaN;NaN;NaN;NaN;NaN;0.0101670807534247;0.0944953691780822;0.200554187671233;0.232872157534247;0.262225187671233;0.288992901369863;0.313277571232877;0.335344978082192;0.355196612328767;0.372588250684932;0.399266443835616;0.4088327;0.415602975342466;0.418678201369863;0.41641247260274;0.407575394520548;0.391578028767123;0.367811330136986;0.336780282191781;0.299113798630137;0.254973606849315;0.203849580821918;0.145218809589041;0.079701195890411;0.00984143063013699;NaN;NaN;NaN;NaN;NaN;NaN;NaN;NaN;NaN;NaN;NaN;NaN;NaN;NaN;NaN;NaN;NaN;NaN;NaN;NaN;NaN;NaN;NaN;NaN;NaN;NaN;NaN;NaN;NaN;NaN;NaN;NaN;NaN;NaN;NaN;NaN;NaN;NaN;NaN;NaN;NaN;NaN;NaN;NaN;NaN;NaN;NaN;NaN;NaN;NaN;NaN;NaN;NaN;NaN;NaN;NaN;NaN;NaN;NaN;NaN;NaN;NaN;NaN;NaN;NaN;NaN;NaN;NaN;NaN;NaN;NaN;NaN;NaN;NaN;NaN;NaN;NaN;NaN;NaN;NaN;NaN;NaN;NaN;NaN;NaN;NaN
NaN;NaN;NaN;NaN;NaN;NaN;NaN;NaN;NaN;NaN;0.0772831189041096;0.196107338356164;0.22882834109589;0.258592498630137;0.285713460273973;0.310335167123288;0.332694463013699;0.352798702739726;0.370415469863014;0.397407228767123;0.407066960273973;0.413897684931507;0.417063115068493;0.414860809589041;0.406057643835616;0.390032861643836;0.366153075342466;0.334882689041096;0.296859091780822;0.252228405479452;0.200468167123288;0.141089542465753;0.0748246491780822;0.00429991828767123;NaN;NaN;NaN;NaN;NaN;NaN;NaN;NaN;NaN;NaN;NaN;NaN;NaN;NaN;NaN;NaN;NaN;NaN;NaN;NaN;NaN;NaN;NaN;NaN;NaN;NaN;NaN;NaN;NaN;NaN;NaN;NaN;NaN;NaN;NaN;NaN;NaN;NaN;NaN;NaN;NaN;NaN;NaN;NaN;NaN;NaN;NaN;NaN;NaN;NaN;NaN;NaN;NaN;NaN;NaN;NaN;NaN;NaN;NaN;NaN;NaN;NaN;NaN;NaN;NaN;NaN;NaN;NaN;NaN;NaN;NaN;NaN;NaN;NaN;NaN;NaN;NaN;NaN;NaN;NaN;NaN;NaN;NaN;NaN;NaN;NaN
NaN;NaN;NaN;NaN;NaN;NaN;NaN;NaN;NaN;NaN;0.0725297676712329;0.191593082191781;0.224736710958904;0.254917671232877;0.282402287671233;0.307363879452055;0.330016302739726;0.350374454794521;0.368215865753425;0.395528239726027;0.405282520547945;0.412169809589041;0.415426863013699;0.413288020547945;0.404514357534247;0.388461780821918;0.364471597260274;0.332956168493151;0.294570653424657;0.249442468493151;0.19703992739726;0.136909628767123;0.0698938171232877;NaN;NaN;NaN;NaN;NaN;NaN;NaN;NaN;NaN;NaN;NaN;NaN;NaN;NaN;NaN;NaN;NaN;NaN;NaN;NaN;NaN;NaN;NaN;NaN;NaN;NaN;NaN;NaN;NaN;NaN;NaN;NaN;NaN;NaN;NaN;NaN;NaN;NaN;NaN;NaN;NaN;NaN;NaN;NaN;NaN;NaN;NaN;NaN;NaN;NaN;NaN;NaN;NaN;NaN;NaN;NaN;NaN;NaN;NaN;NaN;NaN;NaN;NaN;NaN;NaN;NaN;NaN;NaN;NaN;NaN;NaN;NaN;NaN;NaN;NaN;NaN;NaN;NaN;NaN;NaN;NaN;NaN;NaN;NaN;NaN;NaN;NaN
NaN;NaN;NaN;NaN;NaN;NaN;NaN;NaN;NaN;NaN;0.0677326879452055;0.178683524657534;0.220605346575342;0.251211493150685;0.279064131506849;0.304367183561644;0.327316024657534;0.347934880821918;0.36599821369863;0.393630928767123;0.403479665753425;0.410428528767123;0.413776208219178;0.411694876712329;0.40294718630137;0.386866120547945;0.362764935616438;0.331003604109589;0.292249243835616;0.246618780821918;0.19356564109589;0.132677836986301;0.0649085234246575;NaN;NaN;NaN;NaN;NaN;NaN;NaN;NaN;NaN;NaN;NaN;NaN;NaN;NaN;NaN;NaN;NaN;NaN;NaN;NaN;NaN;NaN;NaN;NaN;NaN;NaN;NaN;NaN;NaN;NaN;NaN;NaN;NaN;NaN;NaN;NaN;NaN;NaN;NaN;NaN;NaN;NaN;NaN;NaN;NaN;NaN;NaN;NaN;NaN;NaN;NaN;NaN;NaN;NaN;NaN;NaN;NaN;NaN;NaN;NaN;NaN;NaN;NaN;NaN;NaN;NaN;NaN;NaN;NaN;NaN;NaN;NaN;NaN;NaN;NaN;NaN;NaN;NaN;NaN;NaN;NaN;NaN;NaN;NaN;NaN;NaN;NaN
NaN;NaN;NaN;NaN;NaN;NaN;NaN;NaN;NaN;NaN;0.052849162739726;0.157211757534247;0.21644485890411;0.24747702739726;0.275699815068493;0.301348391780822;0.324592750684931;0.345473638356164;0.363763701369863;0.391715632876712;0.401662708219178;0.408677502739726;0.412114412328767;0.410079257534247;0.401358591780822;0.385247298630137;0.361030797260274;0.329020273972603;0.289893269863014;0.243750647945205;0.190039473972603;0.128389787671233;0.0598726187671233;NaN;NaN;NaN;NaN;NaN;NaN;NaN;NaN;NaN;NaN;NaN;NaN;NaN;NaN;NaN;NaN;NaN;NaN;NaN;NaN;NaN;NaN;NaN;NaN;NaN;NaN;NaN;NaN;NaN;NaN;NaN;NaN;NaN;NaN;NaN;NaN;NaN;NaN;NaN;NaN;NaN;NaN;NaN;NaN;NaN;NaN;NaN;NaN;NaN;NaN;NaN;NaN;NaN;NaN;NaN;NaN;NaN;NaN;NaN;NaN;NaN;NaN;NaN;NaN;NaN;NaN;NaN;NaN;NaN;NaN;NaN;NaN;NaN;NaN;NaN;NaN;NaN;NaN;NaN;NaN;NaN;NaN;NaN;NaN;NaN;NaN;NaN
NaN;NaN;NaN;NaN;NaN;NaN;NaN;NaN;NaN;NaN;0.0402165120547945;0.138673353424658;0.21224211369863;0.243708467123288;0.272304632876712;0.298300138356164;0.321844497260274;0.342987980821918;0.361506947945205;0.389782364383562;0.399826436986301;0.406907419178082;0.410429516438356;0.408444998630137;0.399744726027397;0.383602890410959;0.359270357534247;0.327006109589041;0.28750352739726;0.240843528767123;0.186465467123288;0.1240496;0.054786154109589;NaN;NaN;NaN;NaN;NaN;NaN;NaN;NaN;NaN;NaN;NaN;NaN;NaN;NaN;NaN;NaN;NaN;NaN;NaN;NaN;NaN;NaN;NaN;NaN;NaN;NaN;NaN;NaN;NaN;NaN;NaN;NaN;NaN;NaN;NaN;NaN;NaN;NaN;NaN;NaN;NaN;NaN;NaN;NaN;NaN;NaN;NaN;NaN;NaN;NaN;NaN;NaN;NaN;NaN;NaN;NaN;NaN;NaN;NaN;NaN;NaN;NaN;NaN;NaN;NaN;NaN;NaN;NaN;NaN;NaN;NaN;NaN;NaN;NaN;NaN;NaN;NaN;NaN;NaN;NaN;NaN;NaN;NaN;NaN;NaN;NaN;NaN
NaN;NaN;NaN;NaN;NaN;NaN;NaN;NaN;NaN;NaN;0.0287857823287671;0.120626535616438;0.208009535616438;0.239900883561644;0.268881667123288;0.295228042465753;0.319071782191781;0.340482419178082;0.359229921917808;0.387826543835616;0.397974605479452;0.405124080821918;0.408726439726027;0.406791183561644;0.398107834246575;0.381934275342466;0.357480076712329;0.324961589041096;0.285078549315069;0.237895365753425;0.182841778082192;0.119654405479452;0.0496513450684931;NaN;NaN;NaN;NaN;NaN;NaN;NaN;NaN;NaN;NaN;NaN;NaN;NaN;NaN;NaN;NaN;NaN;NaN;NaN;NaN;NaN;NaN;NaN;NaN;NaN;NaN;NaN;NaN;NaN;NaN;NaN;NaN;NaN;NaN;NaN;NaN;NaN;NaN;NaN;NaN;NaN;NaN;NaN;NaN;NaN;NaN;NaN;NaN;NaN;NaN;NaN;NaN;NaN;NaN;NaN;NaN;NaN;NaN;NaN;NaN;NaN;NaN;NaN;NaN;NaN;NaN;NaN;NaN;NaN;NaN;NaN;NaN;NaN;NaN;NaN;NaN;NaN;NaN;NaN;NaN;NaN;NaN;NaN;NaN;NaN;NaN;NaN
NaN;NaN;NaN;NaN;NaN;NaN;NaN;NaN;NaN;NaN;0.0168610789863014;0.0975547483561644;0.203749438356164;0.236059983561644;0.265432645205479;0.292127923287671;0.316275861643836;0.337955404109589;0.356933591780822;0.385855747945205;0.396104895890411;0.403328182191781;0.407005976712329;0.405117010958904;0.396448415068493;0.380240863013699;0.355663702739726;0.322887579452055;0.282618373972603;0.234905642465753;0.179167131506849;0.115203710958904;0.0444628726027397;NaN;NaN;NaN;NaN;NaN;NaN;NaN;NaN;NaN;NaN;NaN;NaN;NaN;NaN;NaN;NaN;NaN;NaN;NaN;NaN;NaN;NaN;NaN;NaN;NaN;NaN;NaN;NaN;NaN;NaN;NaN;NaN;NaN;NaN;NaN;NaN;NaN;NaN;NaN;NaN;NaN;NaN;NaN;NaN;NaN;NaN;NaN;NaN;NaN;NaN;NaN;NaN;NaN;NaN;NaN;NaN;NaN;NaN;NaN;NaN;NaN;NaN;NaN;NaN;NaN;NaN;NaN;NaN;NaN;NaN;NaN;NaN;NaN;NaN;NaN;NaN;NaN;NaN;NaN;NaN;NaN;NaN;NaN;NaN;NaN;NaN;NaN
NaN;NaN;NaN;NaN;NaN;NaN;NaN;NaN;NaN;NaN;NaN;0.0811924508219178;0.199443161643836;0.232188791780822;0.261954352054795;0.289001952054795;0.313455134246575;0.335405878082192;0.35461727260274;0.38386611369863;0.394218794520548;0.401517079452055;0.405270012328767;0.403426879452055;0.394770543835616;0.378523212328767;0.353820730136986;0.320786869863014;0.280125546575342;0.231873608219178;0.175442552054795;0.110697739726027;0.0392259017808219;NaN;NaN;NaN;NaN;NaN;NaN;NaN;NaN;NaN;NaN;NaN;NaN;NaN;NaN;NaN;NaN;NaN;NaN;NaN;NaN;NaN;NaN;NaN;NaN;NaN;NaN;NaN;NaN;NaN;NaN;NaN;NaN;NaN;NaN;NaN;NaN;NaN;NaN;NaN;NaN;NaN;NaN;NaN;NaN;NaN;NaN;NaN;NaN;NaN;NaN;NaN;NaN;NaN;NaN;NaN;NaN;NaN;NaN;NaN;NaN;NaN;NaN;NaN;NaN;NaN;NaN;NaN;NaN;NaN;NaN;NaN;NaN;NaN;NaN;NaN;NaN;NaN;NaN;NaN;NaN;NaN;NaN;NaN;NaN;NaN;NaN;NaN
NaN;NaN;NaN;NaN;NaN;NaN;NaN;NaN;NaN;NaN;NaN;0.0766101236986302;0.195099875342466;0.228280024657534;0.258447867123288;0.285847602739726;0.310610652054794;0.332832880821918;0.352277735616438;0.381854678082192;0.392314028767123;0.399689769863014;0.403514112328767;0.401714661643836;0.393069390410959;0.376778689041096;0.351948712328767;0.318656416438356;0.277601680821918;0.228799297260274;0.171667787671233;0.10613745890411;0.0339414276712329;NaN;NaN;NaN;NaN;NaN;NaN;NaN;NaN;NaN;NaN;NaN;NaN;NaN;NaN;NaN;NaN;NaN;NaN;NaN;NaN;NaN;NaN;NaN;NaN;NaN;NaN;NaN;NaN;NaN;NaN;NaN;NaN;NaN;NaN;NaN;NaN;NaN;NaN;NaN;NaN;NaN;NaN;NaN;NaN;NaN;NaN;NaN;NaN;NaN;NaN;NaN;NaN;NaN;NaN;NaN;NaN;NaN;NaN;NaN;NaN;NaN;NaN;NaN;NaN;NaN;NaN;NaN;NaN;NaN;NaN;NaN;NaN;NaN;NaN;NaN;NaN;NaN;NaN;NaN;NaN;NaN;NaN;NaN;NaN;NaN;NaN;NaN
NaN;NaN;NaN;NaN;NaN;NaN;NaN;NaN;NaN;NaN;NaN;0.0719842432876712;0.188898153424658;0.224328561643836;0.254921861643836;0.282665705479452;0.307742164383562;0.330238787671233;0.349914269863014;0.379823793150685;0.39039304109589;0.397852130136986;0.401742167123288;0.399981619178082;0.391347676712329;0.375008676712329;0.350048131506849;0.31649148630137;0.275041538356164;0.225682409589041;0.167841897260274;0.101524367123288;0.0286092821917808;NaN;NaN;NaN;NaN;NaN;NaN;NaN;NaN;NaN;NaN;NaN;NaN;NaN;NaN;NaN;NaN;NaN;NaN;NaN;NaN;NaN;NaN;NaN;NaN;NaN;NaN;NaN;NaN;NaN;NaN;NaN;NaN;NaN;NaN;NaN;NaN;NaN;NaN;NaN;NaN;NaN;NaN;NaN;NaN;NaN;NaN;NaN;NaN;NaN;NaN;NaN;NaN;NaN;NaN;NaN;NaN;NaN;NaN;NaN;NaN;NaN;NaN;NaN;NaN;NaN;NaN;NaN;NaN;NaN;NaN;NaN;NaN;NaN;NaN;NaN;NaN;NaN;NaN;NaN;NaN;NaN;NaN;NaN;NaN;NaN;NaN;NaN
NaN;NaN;NaN;NaN;NaN;NaN;NaN;NaN;NaN;NaN;NaN;0.0673208043835616;0.172924976712329;0.220345820547945;0.25136652739726;0.279460415068493;0.30485114109589;0.327619053424658;0.347533815068493;0.377788135616438;0.388460494520548;0.395999197260274;0.399950750684932;0.398239768493151;0.389607906849315;0.373212824657534;0.348120305479452;0.314297652054795;0.272445710958904;0.222520753424657;0.163960854794521;0.0968523550684931;0.0232335239726027;NaN;NaN;NaN;NaN;NaN;NaN;NaN;NaN;NaN;NaN;NaN;NaN;NaN;NaN;NaN;NaN;NaN;NaN;NaN;NaN;NaN;NaN;NaN;NaN;NaN;NaN;NaN;NaN;NaN;NaN;NaN;NaN;NaN;NaN;NaN;NaN;NaN;NaN;NaN;NaN;NaN;NaN;NaN;NaN;NaN;NaN;NaN;NaN;NaN;NaN;NaN;NaN;NaN;NaN;NaN;NaN;NaN;NaN;NaN;NaN;NaN;NaN;NaN;NaN;NaN;NaN;NaN;NaN;NaN;NaN;NaN;NaN;NaN;NaN;NaN;NaN;NaN;NaN;NaN;NaN;NaN;NaN;NaN;NaN;NaN;NaN;NaN
NaN;NaN;NaN;NaN;NaN;NaN;NaN;NaN;NaN;NaN;NaN;0.0533271743835616;0.152291283561644;0.216336290410959;0.247784797260274;0.276225312328767;0.301930934246575;0.324980020547945;0.345137116438356;0.375728849315069;0.386514917808219;0.394130746575342;0.398145408219178;0.396470161643836;0.387844273972603;0.371390453424658;0.346166193150685;0.312073839726027;0.269815664383562;0.219314908219178;0.160029598630137;0.0921237571232877;0.0178152745205479;NaN;NaN;NaN;NaN;NaN;NaN;NaN;NaN;NaN;NaN;NaN;NaN;NaN;NaN;NaN;NaN;NaN;NaN;NaN;NaN;NaN;NaN;NaN;NaN;NaN;NaN;NaN;NaN;NaN;NaN;NaN;NaN;NaN;NaN;NaN;NaN;NaN;NaN;NaN;NaN;NaN;NaN;NaN;NaN;NaN;NaN;NaN;NaN;NaN;NaN;NaN;NaN;NaN;NaN;NaN;NaN;NaN;NaN;NaN;NaN;NaN;NaN;NaN;NaN;NaN;NaN;NaN;NaN;NaN;NaN;NaN;NaN;NaN;NaN;NaN;NaN;NaN;NaN;NaN;NaN;NaN;NaN;NaN;NaN;NaN;NaN;NaN
NaN;NaN;NaN;NaN;NaN;NaN;NaN;NaN;NaN;NaN;NaN;0.0405208839726027;0.134049475342466;0.212288049315068;0.244171032876712;0.272964243835616;0.298987390410959;0.322317836986301;0.342714020547945;0.373647643835616;0.384550546575342;0.392244073972603;0.396318783561644;0.39468367260274;0.386059471232877;0.369542290410959;0.344182824657534;0.309818776712329;0.267149426027397;0.216065989041096;0.156046346575342;0.0873445035616438;0.0123558428767123;NaN;NaN;NaN;NaN;NaN;NaN;NaN;NaN;NaN;NaN;NaN;NaN;NaN;NaN;NaN;NaN;NaN;NaN;NaN;NaN;NaN;NaN;NaN;NaN;NaN;NaN;NaN;NaN;NaN;NaN;NaN;NaN;NaN;NaN;NaN;NaN;NaN;NaN;NaN;NaN;NaN;NaN;NaN;NaN;NaN;NaN;NaN;NaN;NaN;NaN;NaN;NaN;NaN;NaN;NaN;NaN;NaN;NaN;NaN;NaN;NaN;NaN;NaN;NaN;NaN;NaN;NaN;NaN;NaN;NaN;NaN;NaN;NaN;NaN;NaN;NaN;NaN;NaN;NaN;NaN;NaN;NaN;NaN;NaN;NaN;NaN;NaN
NaN;NaN;NaN;NaN;NaN;NaN;NaN;NaN;NaN;NaN;NaN;0.0293109554794521;0.113479404109589;0.208208056164384;0.240539602739726;0.269677356164384;0.296021252054795;0.319635228767123;0.340273502739726;0.37154752739726;0.382567198630137;0.390341120547945;0.394473646575342;0.392876135616438;0.384253990410959;0.367667584931507;0.342170757534247;0.307535071232877;0.264447836986301;0.21277335890411;0.152009594520548;0.0825116182191781;0.00685769043835616;NaN;NaN;NaN;NaN;NaN;NaN;NaN;NaN;NaN;NaN;NaN;NaN;NaN;NaN;NaN;NaN;NaN;NaN;NaN;NaN;NaN;NaN;NaN;NaN;NaN;NaN;NaN;NaN;NaN;NaN;NaN;NaN;NaN;NaN;NaN;NaN;NaN;NaN;NaN;NaN;NaN;NaN;NaN;NaN;NaN;NaN;NaN;NaN;NaN;NaN;NaN;NaN;NaN;NaN;NaN;NaN;NaN;NaN;NaN;NaN;NaN;NaN;NaN;NaN;NaN;NaN;NaN;NaN;NaN;NaN;NaN;NaN;NaN;NaN;NaN;NaN;NaN;NaN;NaN;NaN;NaN;NaN;NaN;NaN;NaN;NaN;NaN
NaN;NaN;NaN;NaN;NaN;NaN;NaN;NaN;NaN;NaN;NaN;0.0174083885205479;0.0973384730136986;0.204095606849315;0.236856145205479;0.266358702739726;0.293028761643836;0.316926601369863;0.337808021917808;0.369432473972603;0.380567779452055;0.388422012328767;0.392611160273973;0.391050571232877;0.382426906849315;0.36576861369863;0.340130080821918;0.305223547945205;0.261711995890411;0.209435194520548;0.147919854794521;0.077626478630137;0.00132315760273973;NaN;NaN;NaN;NaN;NaN;NaN;NaN;NaN;NaN;NaN;NaN;NaN;NaN;NaN;NaN;NaN;NaN;NaN;NaN;NaN;NaN;NaN;NaN;NaN;NaN;NaN;NaN;NaN;NaN;NaN;NaN;NaN;NaN;NaN;NaN;NaN;NaN;NaN;NaN;NaN;NaN;NaN;NaN;NaN;NaN;NaN;NaN;NaN;NaN;NaN;NaN;NaN;NaN;NaN;NaN;NaN;NaN;NaN;NaN;NaN;NaN;NaN;NaN;NaN;NaN;NaN;NaN;NaN;NaN;NaN;NaN;NaN;NaN;NaN;NaN;NaN;NaN;NaN;NaN;NaN;NaN;NaN;NaN;NaN;NaN;NaN;NaN
NaN;NaN;NaN;NaN;NaN;NaN;NaN;NaN;NaN;NaN;NaN;NaN;0.0822046179452055;0.199965035616438;0.233141367123288;0.263016426027397;0.290011806849315;0.314195434246575;0.335325017808219;0.367298932876712;0.378554119178082;0.386495721917808;0.390730863013699;0.389206947945205;0.380577563013699;0.363843494520548;0.338060871232877;0.302881006849315;0.258938163013699;0.206053071232877;0.143775143835616;0.0726921984931507;NaN;NaN;NaN;NaN;NaN;NaN;NaN;NaN;NaN;NaN;NaN;NaN;NaN;NaN;NaN;NaN;NaN;NaN;NaN;NaN;NaN;NaN;NaN;NaN;NaN;NaN;NaN;NaN;NaN;NaN;NaN;NaN;NaN;NaN;NaN;NaN;NaN;NaN;NaN;NaN;NaN;NaN;NaN;NaN;NaN;NaN;NaN;NaN;NaN;NaN;NaN;NaN;NaN;NaN;NaN;NaN;NaN;NaN;NaN;NaN;NaN;NaN;NaN;NaN;NaN;NaN;NaN;NaN;NaN;NaN;NaN;NaN;NaN;NaN;NaN;NaN;NaN;NaN;NaN;NaN;NaN;NaN;NaN;NaN;NaN;NaN;NaN;NaN
NaN;NaN;NaN;NaN;NaN;NaN;NaN;NaN;NaN;NaN;NaN;NaN;0.0777650665753424;0.195792820547945;0.229393980821918;0.259644190410959;0.286967573972603;0.311442267123288;0.332822956164384;0.365147739726027;0.376523383561644;0.384546535616438;0.388842742465753;0.387344426027397;0.378704915068493;0.361892420547945;0.335964298630137;0.30050794109589;0.256125265753425;0.20262172739726;0.139574106849315;0.0677121875342466;NaN;NaN;NaN;NaN;NaN;NaN;NaN;NaN;NaN;NaN;NaN;NaN;NaN;NaN;NaN;NaN;NaN;NaN;NaN;NaN;NaN;NaN;NaN;NaN;NaN;NaN;NaN;NaN;NaN;NaN;NaN;NaN;NaN;NaN;NaN;NaN;NaN;NaN;NaN;NaN;NaN;NaN;NaN;NaN;NaN;NaN;NaN;NaN;NaN;NaN;NaN;NaN;NaN;NaN;NaN;NaN;NaN;NaN;NaN;NaN;NaN;NaN;NaN;NaN;NaN;NaN;NaN;NaN;NaN;NaN;NaN;NaN;NaN;NaN;NaN;NaN;NaN;NaN;NaN;NaN;NaN;NaN;NaN;NaN;NaN;NaN;NaN;NaN
NaN;NaN;NaN;NaN;NaN;NaN;NaN;NaN;NaN;NaN;NaN;NaN;0.0732864889041096;0.191588894520548;0.225616454794521;0.256245020547945;0.283901569863014;0.308666150684932;0.33029565890411;0.362980601369863;0.374478864383562;0.382580705479452;0.386933267123288;0.385461494520548;0.37680812739726;0.359915893150685;0.333840882191781;0.298103701369863;0.253273109589041;0.199142380821918;0.135318957534247;0.0626834773972603;NaN;NaN;NaN;NaN;NaN;NaN;NaN;NaN;NaN;NaN;NaN;NaN;NaN;NaN;NaN;NaN;NaN;NaN;NaN;NaN;NaN;NaN;NaN;NaN;NaN;NaN;NaN;NaN;NaN;NaN;NaN;NaN;NaN;NaN;NaN;NaN;NaN;NaN;NaN;NaN;NaN;NaN;NaN;NaN;NaN;NaN;NaN;NaN;NaN;NaN;NaN;NaN;NaN;NaN;NaN;NaN;NaN;NaN;NaN;NaN;NaN;NaN;NaN;NaN;NaN;NaN;NaN;NaN;NaN;NaN;NaN;NaN;NaN;NaN;NaN;NaN;NaN;NaN;NaN;NaN;NaN;NaN;NaN;NaN;NaN;NaN;NaN;NaN
NaN;NaN;NaN;NaN;NaN;NaN;NaN;NaN;NaN;NaN;NaN;NaN;0.068771528630137;0.174472263013699;0.221793179452055;0.252824271232877;0.280810416438356;0.305866631506849;0.327747219178082;0.360798789041096;0.372418428767123;0.380599549315069;0.385007160273973;0.383556093150685;0.374887454794521;0.357911821917808;0.331689191780822;0.295669253424657;0.250382942465753;0.195618132876712;0.131008924657534;0.0576092628767123;NaN;NaN;NaN;NaN;NaN;NaN;NaN;NaN;NaN;NaN;NaN;NaN;NaN;NaN;NaN;NaN;NaN;NaN;NaN;NaN;NaN;NaN;NaN;NaN;NaN;NaN;NaN;NaN;NaN;NaN;NaN;NaN;NaN;NaN;NaN;NaN;NaN;NaN;NaN;NaN;NaN;NaN;NaN;NaN;NaN;NaN;NaN;NaN;NaN;NaN;NaN;NaN;NaN;NaN;NaN;NaN;NaN;NaN;NaN;NaN;NaN;NaN;NaN;NaN;NaN;NaN;NaN;NaN;NaN;NaN;NaN;NaN;NaN;NaN;NaN;NaN;NaN;NaN;NaN;NaN;NaN;NaN;NaN;NaN;NaN;NaN;NaN;NaN
NaN;NaN;NaN;NaN;NaN;NaN;NaN;NaN;NaN;NaN;NaN;NaN;0.0642103112328767;0.160136247945205;0.217930582191781;0.249376069863014;0.277689463013699;0.303044495890411;0.325174226027397;0.358595245205479;0.370337794520548;0.37859911369863;0.383063664383562;0.38163041369863;0.372943526027397;0.355883212328767;0.329510361643836;0.293204178082192;0.247454819178082;0.192049198630137;0.126645498630137;0.0524918735616438;NaN;NaN;NaN;NaN;NaN;NaN;NaN;NaN;NaN;NaN;NaN;NaN;NaN;NaN;NaN;NaN;NaN;NaN;NaN;NaN;NaN;NaN;NaN;NaN;NaN;NaN;NaN;NaN;NaN;NaN;NaN;NaN;NaN;NaN;NaN;NaN;NaN;NaN;NaN;NaN;NaN;NaN;NaN;NaN;NaN;NaN;NaN;NaN;NaN;NaN;NaN;NaN;NaN;NaN;NaN;NaN;NaN;NaN;NaN;NaN;NaN;NaN;NaN;NaN;NaN;NaN;NaN;NaN;NaN;NaN;NaN;NaN;NaN;NaN;NaN;NaN;NaN;NaN;NaN;NaN;NaN;NaN;NaN;NaN;NaN;NaN;NaN;NaN
NaN;NaN;NaN;NaN;NaN;NaN;NaN;NaN;NaN;NaN;NaN;NaN;0.0490435673972603;0.140376654794521;0.214040752054795;0.245896956164384;0.274546139726027;0.300197598630137;0.322582036986301;0.356378056164384;0.368243105479452;0.3765767;0.38109785890411;0.379685853424658;0.370974539726027;0.353826612328767;0.327303453424658;0.290706365753425;0.244488939726027;0.188425575342466;0.122232773972603;0.0473324771232877;NaN;NaN;NaN;NaN;NaN;NaN;NaN;NaN;NaN;NaN;NaN;NaN;NaN;NaN;NaN;NaN;NaN;NaN;NaN;NaN;NaN;NaN;NaN;NaN;NaN;NaN;NaN;NaN;NaN;NaN;NaN;NaN;NaN;NaN;NaN;NaN;NaN;NaN;NaN;NaN;NaN;NaN;NaN;NaN;NaN;NaN;NaN;NaN;NaN;NaN;NaN;NaN;NaN;NaN;NaN;NaN;NaN;NaN;NaN;NaN;NaN;NaN;NaN;NaN;NaN;NaN;NaN;NaN;NaN;NaN;NaN;NaN;NaN;NaN;NaN;NaN;NaN;NaN;NaN;NaN;NaN;NaN;NaN;NaN;NaN;NaN;NaN;NaN
NaN;NaN;NaN;NaN;NaN;NaN;NaN;NaN;NaN;NaN;NaN;NaN;0.036890934109589;0.120743568493151;0.210119284931507;0.242387395890411;0.271373009589041;0.297330328767123;0.319971830136986;0.354142069863014;0.366131080821918;0.374535589041096;0.379111189041096;0.377722757534247;0.368982887671233;0.351746568493151;0.32506985890411;0.288176935616438;0.241484260273973;0.184752967123288;0.117765176712329;0.0421334983561644;NaN;NaN;NaN;NaN;NaN;NaN;NaN;NaN;NaN;NaN;NaN;NaN;NaN;NaN;NaN;NaN;NaN;NaN;NaN;NaN;NaN;NaN;NaN;NaN;NaN;NaN;NaN;NaN;NaN;NaN;NaN;NaN;NaN;NaN;NaN;NaN;NaN;NaN;NaN;NaN;NaN;NaN;NaN;NaN;NaN;NaN;NaN;NaN;NaN;NaN;NaN;NaN;NaN;NaN;NaN;NaN;NaN;NaN;NaN;NaN;NaN;NaN;NaN;NaN;NaN;NaN;NaN;NaN;NaN;NaN;NaN;NaN;NaN;NaN;NaN;NaN;NaN;NaN;NaN;NaN;NaN;NaN;NaN;NaN;NaN;NaN;NaN;NaN
NaN;NaN;NaN;NaN;NaN;NaN;NaN;NaN;NaN;NaN;NaN;NaN;0.0259014634246575;0.104568790410959;0.206169054794521;0.238853657534247;0.268174826027397;0.294437956164384;0.317337654794521;0.351891306849315;0.364009067123288;0.372478950684932;0.377105806849315;0.375738539726027;0.366965831506849;0.349640816438356;0.322807923287671;0.285614820547945;0.238438371232877;0.181029249315068;0.113246216438356;0.0368985221917808;NaN;NaN;NaN;NaN;NaN;NaN;NaN;NaN;NaN;NaN;NaN;NaN;NaN;NaN;NaN;NaN;NaN;NaN;NaN;NaN;NaN;NaN;NaN;NaN;NaN;NaN;NaN;NaN;NaN;NaN;NaN;NaN;NaN;NaN;NaN;NaN;NaN;NaN;NaN;NaN;NaN;NaN;NaN;NaN;NaN;NaN;NaN;NaN;NaN;NaN;NaN;NaN;NaN;NaN;NaN;NaN;NaN;NaN;NaN;NaN;NaN;NaN;NaN;NaN;NaN;NaN;NaN;NaN;NaN;NaN;NaN;NaN;NaN;NaN;NaN;NaN;NaN;NaN;NaN;NaN;NaN;NaN;NaN;NaN;NaN;NaN;NaN;NaN
NaN;NaN;NaN;NaN;NaN;NaN;NaN;NaN;NaN;NaN;NaN;NaN;0.0150739192041096;0.0924060101369863;0.202185732876712;0.235289701369863;0.264955531506849;0.291525765753425;0.314686439726027;0.349623912328767;0.361871920547945;0.370409710958904;0.375082209589041;0.373736412328767;0.364926361643836;0.347507479452055;0.320521757534247;0.2830197;0.235350480821918;0.177254323287671;0.108674023287671;0.0316245402739726;NaN;NaN;NaN;NaN;NaN;NaN;NaN;NaN;NaN;NaN;NaN;NaN;NaN;NaN;NaN;NaN;NaN;NaN;NaN;NaN;NaN;NaN;NaN;NaN;NaN;NaN;NaN;NaN;NaN;NaN;NaN;NaN;NaN;NaN;NaN;NaN;NaN;NaN;NaN;NaN;NaN;NaN;NaN;NaN;NaN;NaN;NaN;NaN;NaN;NaN;NaN;NaN;NaN;NaN;NaN;NaN;NaN;NaN;NaN;NaN;NaN;NaN;NaN;NaN;NaN;NaN;NaN;NaN;NaN;NaN;NaN;NaN;NaN;NaN;NaN;NaN;NaN;NaN;NaN;NaN;NaN;NaN;NaN;NaN;NaN;NaN;NaN;NaN
NaN;NaN;NaN;NaN;NaN;NaN;NaN;NaN;NaN;NaN;NaN;NaN;NaN;0.0807714738356164;0.198164209589041;0.231682665753425;0.261702332876712;0.288584382191781;0.312005876712329;0.347334305479452;0.359709230136986;0.368320136986301;0.373040434246575;0.371711389041096;0.362859210958904;0.345348287671233;0.318206673972603;0.280393184931507;0.232223008219178;0.173430782191781;0.104056045205479;0.0263231049315069;NaN;NaN;NaN;NaN;NaN;NaN;NaN;NaN;NaN;NaN;NaN;NaN;NaN;NaN;NaN;NaN;NaN;NaN;NaN;NaN;NaN;NaN;NaN;NaN;NaN;NaN;NaN;NaN;NaN;NaN;NaN;NaN;NaN;NaN;NaN;NaN;NaN;NaN;NaN;NaN;NaN;NaN;NaN;NaN;NaN;NaN;NaN;NaN;NaN;NaN;NaN;NaN;NaN;NaN;NaN;NaN;NaN;NaN;NaN;NaN;NaN;NaN;NaN;NaN;NaN;NaN;NaN;NaN;NaN;NaN;NaN;NaN;NaN;NaN;NaN;NaN;NaN;NaN;NaN;NaN;NaN;NaN;NaN;NaN;NaN;NaN;NaN;NaN
NaN;NaN;NaN;NaN;NaN;NaN;NaN;NaN;NaN;NaN;NaN;NaN;NaN;0.0764714215068493;0.194130002739726;0.228049960273973;0.258428894520548;0.285625852054794;0.309311535616438;0.345034010958904;0.357534808219178;0.366217163013699;0.370983901369863;0.369668393150685;0.360769412328767;0.343166709589041;0.315863819178082;0.277731110958904;0.229051778082192;0.169555997260274;0.0993859042465754;0.0209865953424658;NaN;NaN;NaN;NaN;NaN;NaN;NaN;NaN;NaN;NaN;NaN;NaN;NaN;NaN;NaN;NaN;NaN;NaN;NaN;NaN;NaN;NaN;NaN;NaN;NaN;NaN;NaN;NaN;NaN;NaN;NaN;NaN;NaN;NaN;NaN;NaN;NaN;NaN;NaN;NaN;NaN;NaN;NaN;NaN;NaN;NaN;NaN;NaN;NaN;NaN;NaN;NaN;NaN;NaN;NaN;NaN;NaN;NaN;NaN;NaN;NaN;NaN;NaN;NaN;NaN;NaN;NaN;NaN;NaN;NaN;NaN;NaN;NaN;NaN;NaN;NaN;NaN;NaN;NaN;NaN;NaN;NaN;NaN;NaN;NaN;NaN;NaN;NaN
NaN;NaN;NaN;NaN;NaN;NaN;NaN;NaN;NaN;NaN;NaN;NaN;NaN;0.0721328731506849;0.185044893150685;0.224385598630137;0.255124483561644;0.282641953424658;0.306591676712329;0.342709787671233;0.355341042465753;0.3640955;0.368907301369863;0.367600931506849;0.358654236986301;0.34095825890411;0.313491447945206;0.275036120547945;0.225837020547945;0.165631134246575;0.0946724053424657;0.0156223136986301;NaN;NaN;NaN;NaN;NaN;NaN;NaN;NaN;NaN;NaN;NaN;NaN;NaN;NaN;NaN;NaN;NaN;NaN;NaN;NaN;NaN;NaN;NaN;NaN;NaN;NaN;NaN;NaN;NaN;NaN;NaN;NaN;NaN;NaN;NaN;NaN;NaN;NaN;NaN;NaN;NaN;NaN;NaN;NaN;NaN;NaN;NaN;NaN;NaN;NaN;NaN;NaN;NaN;NaN;NaN;NaN;NaN;NaN;NaN;NaN;NaN;NaN;NaN;NaN;NaN;NaN;NaN;NaN;NaN;NaN;NaN;NaN;NaN;NaN;NaN;NaN;NaN;NaN;NaN;NaN;NaN;NaN;NaN;NaN;NaN;NaN;NaN;NaN
NaN;NaN;NaN;NaN;NaN;NaN;NaN;NaN;NaN;NaN;NaN;NaN;NaN;0.0677590898630137;0.171977709589041;0.220697565753425;0.251793615068493;0.279634009589041;0.303848409589041;0.340371390410959;0.353126730136986;0.361956446575342;0.366812473972603;0.365508412328767;0.356514345205479;0.338723623287671;0.311091773972603;0.272307075342466;0.222578745205479;0.16165497260274;0.0899128157534246;0.0102301208219178;NaN;NaN;NaN;NaN;NaN;NaN;NaN;NaN;NaN;NaN;NaN;NaN;NaN;NaN;NaN;NaN;NaN;NaN;NaN;NaN;NaN;NaN;NaN;NaN;NaN;NaN;NaN;NaN;NaN;NaN;NaN;NaN;NaN;NaN;NaN;NaN;NaN;NaN;NaN;NaN;NaN;NaN;NaN;NaN;NaN;NaN;NaN;NaN;NaN;NaN;NaN;NaN;NaN;NaN;NaN;NaN;NaN;NaN;NaN;NaN;NaN;NaN;NaN;NaN;NaN;NaN;NaN;NaN;NaN;NaN;NaN;NaN;NaN;NaN;NaN;NaN;NaN;NaN;NaN;NaN;NaN;NaN;NaN;NaN;NaN;NaN;NaN;NaN
NaN;NaN;NaN;NaN;NaN;NaN;NaN;NaN;NaN;NaN;NaN;NaN;NaN;0.0633480228767123;0.162102517808219;0.216961287671233;0.248450604109589;0.276605746575342;0.301085223287671;0.338013589041096;0.350892456164384;0.359807260273973;0.364698908219178;0.363396882191781;0.354346743835616;0.336462302739726;0.30866071369863;0.269541808219178;0.219275116438356;0.157624676712329;0.0850990823287671;0.00480723590410959;NaN;NaN;NaN;NaN;NaN;NaN;NaN;NaN;NaN;NaN;NaN;NaN;NaN;NaN;NaN;NaN;NaN;NaN;NaN;NaN;NaN;NaN;NaN;NaN;NaN;NaN;NaN;NaN;NaN;NaN;NaN;NaN;NaN;NaN;NaN;NaN;NaN;NaN;NaN;NaN;NaN;NaN;NaN;NaN;NaN;NaN;NaN;NaN;NaN;NaN;NaN;NaN;NaN;NaN;NaN;NaN;NaN;NaN;NaN;NaN;NaN;NaN;NaN;NaN;NaN;NaN;NaN;NaN;NaN;NaN;NaN;NaN;NaN;NaN;NaN;NaN;NaN;NaN;NaN;NaN;NaN;NaN;NaN;NaN;NaN;NaN;NaN;NaN
NaN;NaN;NaN;NaN;NaN;NaN;NaN;NaN;NaN;NaN;NaN;NaN;NaN;0.0589016984931507;0.144195131506849;0.213199420547945;0.245088110958904;0.273554621917808;0.298304863013699;0.335639320547945;0.348640721917808;0.357637326027397;0.362567609589041;0.361262678082192;0.352157368493151;0.334176898630137;0.306201949315069;0.266742105479452;0.215928642465753;0.153543894520548;0.0802481754794521;NaN;NaN;NaN;NaN;NaN;NaN;NaN;NaN;NaN;NaN;NaN;NaN;NaN;NaN;NaN;NaN;NaN;NaN;NaN;NaN;NaN;NaN;NaN;NaN;NaN;NaN;NaN;NaN;NaN;NaN;NaN;NaN;NaN;NaN;NaN;NaN;NaN;NaN;NaN;NaN;NaN;NaN;NaN;NaN;NaN;NaN;NaN;NaN;NaN;NaN;NaN;NaN;NaN;NaN;NaN;NaN;NaN;NaN;NaN;NaN;NaN;NaN;NaN;NaN;NaN;NaN;NaN;NaN;NaN;NaN;NaN;NaN;NaN;NaN;NaN;NaN;NaN;NaN;NaN;NaN;NaN;NaN;NaN;NaN;NaN;NaN;NaN;NaN;NaN
NaN;NaN;NaN;NaN;NaN;NaN;NaN;NaN;NaN;NaN;NaN;NaN;NaN;0.0440208805479452;0.120737993150685;0.209404750684932;0.241692215068493;0.270476978082192;0.295501928767123;0.333248284931507;0.346368321917808;0.355447164383562;0.360418956164384;0.359103368493151;0.349945226027397;0.331864393150685;0.303716047945205;0.263908261643836;0.212537163013699;0.149413123287671;0.075358258630137;NaN;NaN;NaN;NaN;NaN;NaN;NaN;NaN;NaN;NaN;NaN;NaN;NaN;NaN;NaN;NaN;NaN;NaN;NaN;NaN;NaN;NaN;NaN;NaN;NaN;NaN;NaN;NaN;NaN;NaN;NaN;NaN;NaN;NaN;NaN;NaN;NaN;NaN;NaN;NaN;NaN;NaN;NaN;NaN;NaN;NaN;NaN;NaN;NaN;NaN;NaN;NaN;NaN;NaN;NaN;NaN;NaN;NaN;NaN;NaN;NaN;NaN;NaN;NaN;NaN;NaN;NaN;NaN;NaN;NaN;NaN;NaN;NaN;NaN;NaN;NaN;NaN;NaN;NaN;NaN;NaN;NaN;NaN;NaN;NaN;NaN;NaN;NaN;NaN
NaN;NaN;NaN;NaN;NaN;NaN;NaN;NaN;NaN;NaN;NaN;NaN;NaN;0.0320978320547945;0.108745404109589;0.205580801369863;0.238269002739726;0.267376150684931;0.292677584931507;0.330836034246575;0.344080184931507;0.353240035616438;0.358246817808219;0.356921705479452;0.347705463013699;0.329526426027397;0.301196035616438;0.261039494520548;0.20910051369863;0.145231375342466;0.0704280891780822;NaN;NaN;NaN;NaN;NaN;NaN;NaN;NaN;NaN;NaN;NaN;NaN;NaN;NaN;NaN;NaN;NaN;NaN;NaN;NaN;NaN;NaN;NaN;NaN;NaN;NaN;NaN;NaN;NaN;NaN;NaN;NaN;NaN;NaN;NaN;NaN;NaN;NaN;NaN;NaN;NaN;NaN;NaN;NaN;NaN;NaN;NaN;NaN;NaN;NaN;NaN;NaN;NaN;NaN;NaN;NaN;NaN;NaN;NaN;NaN;NaN;NaN;NaN;NaN;NaN;NaN;NaN;NaN;NaN;NaN;NaN;NaN;NaN;NaN;NaN;NaN;NaN;NaN;NaN;NaN;NaN;NaN;NaN;NaN;NaN;NaN;NaN;NaN;NaN
NaN;NaN;NaN;NaN;NaN;NaN;NaN;NaN;NaN;NaN;NaN;NaN;NaN;0.0213474580821918;0.0985434593150685;0.201738035616438;0.234829817808219;0.264254226027397;0.289833893150685;0.328410146575342;0.341776473972603;0.35101955890411;0.356057819178082;0.354719753424658;0.345444131506849;0.327166991780822;0.298642912328767;0.258132490410959;0.205615971232877;0.140997254794521;0.0654606493150685;NaN;NaN;NaN;NaN;NaN;NaN;NaN;NaN;NaN;NaN;NaN;NaN;NaN;NaN;NaN;NaN;NaN;NaN;NaN;NaN;NaN;NaN;NaN;NaN;NaN;NaN;NaN;NaN;NaN;NaN;NaN;NaN;NaN;NaN;NaN;NaN;NaN;NaN;NaN;NaN;NaN;NaN;NaN;NaN;NaN;NaN;NaN;NaN;NaN;NaN;NaN;NaN;NaN;NaN;NaN;NaN;NaN;NaN;NaN;NaN;NaN;NaN;NaN;NaN;NaN;NaN;NaN;NaN;NaN;NaN;NaN;NaN;NaN;NaN;NaN;NaN;NaN;NaN;NaN;NaN;NaN;NaN;NaN;NaN;NaN;NaN;NaN;NaN;NaN
NaN;NaN;NaN;NaN;NaN;NaN;NaN;NaN;NaN;NaN;NaN;NaN;NaN;0.0103350009315068;0.0818072490410959;0.197857816438356;0.231341220547945;0.261110771232877;0.286979006849315;0.325964710958904;0.339457378082192;0.348777835616438;0.353848269863014;0.352494067123288;0.343159106849315;0.324782136986301;0.296061226027397;0.255188436986301;0.202085295890411;0.136713784931507;0.0604630224657534;NaN;NaN;NaN;NaN;NaN;NaN;NaN;NaN;NaN;NaN;NaN;NaN;NaN;NaN;NaN;NaN;NaN;NaN;NaN;NaN;NaN;NaN;NaN;NaN;NaN;NaN;NaN;NaN;NaN;NaN;NaN;NaN;NaN;NaN;NaN;NaN;NaN;NaN;NaN;NaN;NaN;NaN;NaN;NaN;NaN;NaN;NaN;NaN;NaN;NaN;NaN;NaN;NaN;NaN;NaN;NaN;NaN;NaN;NaN;NaN;NaN;NaN;NaN;NaN;NaN;NaN;NaN;NaN;NaN;NaN;NaN;NaN;NaN;NaN;NaN;NaN;NaN;NaN;NaN;NaN;NaN;NaN;NaN;NaN;NaN;NaN;NaN;NaN;NaN
NaN;NaN;NaN;NaN;NaN;NaN;NaN;NaN;NaN;NaN;NaN;NaN;NaN;NaN;0.0772858939726027;0.19394145890411;0.227832028767123;0.2579357;0.284095464383562;0.323496431506849;0.337116746575342;0.346517316438356;0.351617160273973;0.35024222739726;0.340847956164384;0.322369279452055;0.293449882191781;0.252206835616438;0.198509442465753;0.132387302739726;0.0554324534246575;NaN;NaN;NaN;NaN;NaN;NaN;NaN;NaN;NaN;NaN;NaN;NaN;NaN;NaN;NaN;NaN;NaN;NaN;NaN;NaN;NaN;NaN;NaN;NaN;NaN;NaN;NaN;NaN;NaN;NaN;NaN;NaN;NaN;NaN;NaN;NaN;NaN;NaN;NaN;NaN;NaN;NaN;NaN;NaN;NaN;NaN;NaN;NaN;NaN;NaN;NaN;NaN;NaN;NaN;NaN;NaN;NaN;NaN;NaN;NaN;NaN;NaN;NaN;NaN;NaN;NaN;NaN;NaN;NaN;NaN;NaN;NaN;NaN;NaN;NaN;NaN;NaN;NaN;NaN;NaN;NaN;NaN;NaN;NaN;NaN;NaN;NaN;NaN;NaN
NaN;NaN;NaN;NaN;NaN;NaN;NaN;NaN;NaN;NaN;NaN;NaN;NaN;NaN;0.0731028338356164;0.18999377260274;0.224301080821918;0.254737505479452;0.281186665753425;0.32100537260274;0.334756245205479;0.344238880821918;0.349361850684931;0.347968350684931;0.338514121917808;0.319929868493151;0.290804161643836;0.249186135616438;0.194884847945205;0.128009045205479;0.0503708667123288;NaN;NaN;NaN;NaN;NaN;NaN;NaN;NaN;NaN;NaN;NaN;NaN;NaN;NaN;NaN;NaN;NaN;NaN;NaN;NaN;NaN;NaN;NaN;NaN;NaN;NaN;NaN;NaN;NaN;NaN;NaN;NaN;NaN;NaN;NaN;NaN;NaN;NaN;NaN;NaN;NaN;NaN;NaN;NaN;NaN;NaN;NaN;NaN;NaN;NaN;NaN;NaN;NaN;NaN;NaN;NaN;NaN;NaN;NaN;NaN;NaN;NaN;NaN;NaN;NaN;NaN;NaN;NaN;NaN;NaN;NaN;NaN;NaN;NaN;NaN;NaN;NaN;NaN;NaN;NaN;NaN;NaN;NaN;NaN;NaN;NaN;NaN;NaN;NaN
NaN;NaN;NaN;NaN;NaN;NaN;NaN;NaN;NaN;NaN;NaN;NaN;NaN;NaN;0.0688918547945206;0.180230426027397;0.220744579452055;0.251528306849315;0.278269075342466;0.318506128767123;0.332385771232877;0.341946128767123;0.347088389041096;0.345672501369863;0.336158368493151;0.317465778082192;0.288127456164384;0.246127019178082;0.191211565753425;0.123581564383562;0.0452762332876712;NaN;NaN;NaN;NaN;NaN;NaN;NaN;NaN;NaN;NaN;NaN;NaN;NaN;NaN;NaN;NaN;NaN;NaN;NaN;NaN;NaN;NaN;NaN;NaN;NaN;NaN;NaN;NaN;NaN;NaN;NaN;NaN;NaN;NaN;NaN;NaN;NaN;NaN;NaN;NaN;NaN;NaN;NaN;NaN;NaN;NaN;NaN;NaN;NaN;NaN;NaN;NaN;NaN;NaN;NaN;NaN;NaN;NaN;NaN;NaN;NaN;NaN;NaN;NaN;NaN;NaN;NaN;NaN;NaN;NaN;NaN;NaN;NaN;NaN;NaN;NaN;NaN;NaN;NaN;NaN;NaN;NaN;NaN;NaN;NaN;NaN;NaN;NaN;NaN
NaN;NaN;NaN;NaN;NaN;NaN;NaN;NaN;NaN;NaN;NaN;NaN;NaN;NaN;0.0646592642465754;0.16870607260274;0.217170850684931;0.248296393150685;0.275338971232877;0.316001482191781;0.330001235616438;0.339637984931507;0.344799290410959;0.343355753424658;0.333780098630137;0.314972535616438;0.28542014109589;0.243031249315068;0.187491352054795;0.119106297260274;0.0401557332876712;NaN;NaN;NaN;NaN;NaN;NaN;NaN;NaN;NaN;NaN;NaN;NaN;NaN;NaN;NaN;NaN;NaN;NaN;NaN;NaN;NaN;NaN;NaN;NaN;NaN;NaN;NaN;NaN;NaN;NaN;NaN;NaN;NaN;NaN;NaN;NaN;NaN;NaN;NaN;NaN;NaN;NaN;NaN;NaN;NaN;NaN;NaN;NaN;NaN;NaN;NaN;NaN;NaN;NaN;NaN;NaN;NaN;NaN;NaN;NaN;NaN;NaN;NaN;NaN;NaN;NaN;NaN;NaN;NaN;NaN;NaN;NaN;NaN;NaN;NaN;NaN;NaN;NaN;NaN;NaN;NaN;NaN;NaN;NaN;NaN;NaN;NaN;NaN;NaN
NaN;NaN;NaN;NaN;NaN;NaN;NaN;NaN;NaN;NaN;NaN;NaN;NaN;NaN;0.0603908816438356;0.158170435616438;0.213566532876712;0.245037868493151;0.272380682191781;0.313467128767123;0.327595857534247;0.337310543835616;0.342485854794521;0.341021242465753;0.331377879452055;0.312450590410959;0.282680523287671;0.239897543835616;0.18372498630137;0.114589135616438;0.0350056404109589;NaN;NaN;NaN;NaN;NaN;NaN;NaN;NaN;NaN;NaN;NaN;NaN;NaN;NaN;NaN;NaN;NaN;NaN;NaN;NaN;NaN;NaN;NaN;NaN;NaN;NaN;NaN;NaN;NaN;NaN;NaN;NaN;NaN;NaN;NaN;NaN;NaN;NaN;NaN;NaN;NaN;NaN;NaN;NaN;NaN;NaN;NaN;NaN;NaN;NaN;NaN;NaN;NaN;NaN;NaN;NaN;NaN;NaN;NaN;NaN;NaN;NaN;NaN;NaN;NaN;NaN;NaN;NaN;NaN;NaN;NaN;NaN;NaN;NaN;NaN;NaN;NaN;NaN;NaN;NaN;NaN;NaN;NaN;NaN;NaN;NaN;NaN;NaN;NaN
NaN;NaN;NaN;NaN;NaN;NaN;NaN;NaN;NaN;NaN;NaN;NaN;NaN;NaN;0.0560730050684932;0.148283182191781;0.20991121369863;0.241746830136986;0.269384120547945;0.310906898630137;0.325168523287671;0.334958194520548;0.340148379452055;0.338654476712329;0.328948217808219;0.309901291780822;0.279909319178082;0.236722128767123;0.179913578082192;0.110032778082192;0.0298331530136986;NaN;NaN;NaN;NaN;NaN;NaN;NaN;NaN;NaN;NaN;NaN;NaN;NaN;NaN;NaN;NaN;NaN;NaN;NaN;NaN;NaN;NaN;NaN;NaN;NaN;NaN;NaN;NaN;NaN;NaN;NaN;NaN;NaN;NaN;NaN;NaN;NaN;NaN;NaN;NaN;NaN;NaN;NaN;NaN;NaN;NaN;NaN;NaN;NaN;NaN;NaN;NaN;NaN;NaN;NaN;NaN;NaN;NaN;NaN;NaN;NaN;NaN;NaN;NaN;NaN;NaN;NaN;NaN;NaN;NaN;NaN;NaN;NaN;NaN;NaN;NaN;NaN;NaN;NaN;NaN;NaN;NaN;NaN;NaN;NaN;NaN;NaN;NaN;NaN
NaN;NaN;NaN;NaN;NaN;NaN;NaN;NaN;NaN;NaN;NaN;NaN;NaN;NaN;0.0517176157534247;0.124046295890411;0.206227453424658;0.238439938356164;0.266364567123288;0.30832425890411;0.322720604109589;0.332586915068493;0.337788864383562;0.336267376712329;0.326489324657534;0.307323071232877;0.277103649315069;0.233504117808219;0.176054209589041;0.105434036986301;0.0246314545205479;NaN;NaN;NaN;NaN;NaN;NaN;NaN;NaN;NaN;NaN;NaN;NaN;NaN;NaN;NaN;NaN;NaN;NaN;NaN;NaN;NaN;NaN;NaN;NaN;NaN;NaN;NaN;NaN;NaN;NaN;NaN;NaN;NaN;NaN;NaN;NaN;NaN;NaN;NaN;NaN;NaN;NaN;NaN;NaN;NaN;NaN;NaN;NaN;NaN;NaN;NaN;NaN;NaN;NaN;NaN;NaN;NaN;NaN;NaN;NaN;NaN;NaN;NaN;NaN;NaN;NaN;NaN;NaN;NaN;NaN;NaN;NaN;NaN;NaN;NaN;NaN;NaN;NaN;NaN;NaN;NaN;NaN;NaN;NaN;NaN;NaN;NaN;NaN;NaN
NaN;NaN;NaN;NaN;NaN;NaN;NaN;NaN;NaN;NaN;NaN;NaN;NaN;NaN;0.0394666512328767;0.111991856164384;0.202524483561644;0.235122005479452;0.263333046575342;0.305729645205479;0.320261145205479;0.330199790410959;0.335411280821918;0.333860916438356;0.32401095890411;0.304717239726027;0.274264128767123;0.230244424657534;0.172144215068493;0.100794090410959;0.0193986745205479;NaN;NaN;NaN;NaN;NaN;NaN;NaN;NaN;NaN;NaN;NaN;NaN;NaN;NaN;NaN;NaN;NaN;NaN;NaN;NaN;NaN;NaN;NaN;NaN;NaN;NaN;NaN;NaN;NaN;NaN;NaN;NaN;NaN;NaN;NaN;NaN;NaN;NaN;NaN;NaN;NaN;NaN;NaN;NaN;NaN;NaN;NaN;NaN;NaN;NaN;NaN;NaN;NaN;NaN;NaN;NaN;NaN;NaN;NaN;NaN;NaN;NaN;NaN;NaN;NaN;NaN;NaN;NaN;NaN;NaN;NaN;NaN;NaN;NaN;NaN;NaN;NaN;NaN;NaN;NaN;NaN;NaN;NaN;NaN;NaN;NaN;NaN;NaN;NaN
NaN;NaN;NaN;NaN;NaN;NaN;NaN;NaN;NaN;NaN;NaN;NaN;NaN;NaN;0.0273761609589041;0.102572763287671;0.198792035616438;0.231770501369863;0.260279736986301;0.303118784931507;0.317781182191781;0.327795382191781;0.33301161369863;0.331435763013699;0.321513719178082;0.302085994520548;0.271391620547945;0.226943816438356;0.168187698630137;0.0961163971232877;0.0141377565753425;NaN;NaN;NaN;NaN;NaN;NaN;NaN;NaN;NaN;NaN;NaN;NaN;NaN;NaN;NaN;NaN;NaN;NaN;NaN;NaN;NaN;NaN;NaN;NaN;NaN;NaN;NaN;NaN;NaN;NaN;NaN;NaN;NaN;NaN;NaN;NaN;NaN;NaN;NaN;NaN;NaN;NaN;NaN;NaN;NaN;NaN;NaN;NaN;NaN;NaN;NaN;NaN;NaN;NaN;NaN;NaN;NaN;NaN;NaN;NaN;NaN;NaN;NaN;NaN;NaN;NaN;NaN;NaN;NaN;NaN;NaN;NaN;NaN;NaN;NaN;NaN;NaN;NaN;NaN;NaN;NaN;NaN;NaN;NaN;NaN;NaN;NaN;NaN;NaN
NaN;NaN;NaN;NaN;NaN;NaN;NaN;NaN;NaN;NaN;NaN;NaN;NaN;NaN;0.0170184810821918;0.092017954109589;0.195027895890411;0.228393512328767;0.25720151369863;0.300485882191781;0.315282778082192;0.325370773972603;0.330591442465753;0.328986669863014;0.318993143835616;0.299427849315068;0.268484631506849;0.223602019178082;0.164184506849315;0.0914049549315069;0.00884748193150685;NaN;NaN;NaN;NaN;NaN;NaN;NaN;NaN;NaN;NaN;NaN;NaN;NaN;NaN;NaN;NaN;NaN;NaN;NaN;NaN;NaN;NaN;NaN;NaN;NaN;NaN;NaN;NaN;NaN;NaN;NaN;NaN;NaN;NaN;NaN;NaN;NaN;NaN;NaN;NaN;NaN;NaN;NaN;NaN;NaN;NaN;NaN;NaN;NaN;NaN;NaN;NaN;NaN;NaN;NaN;NaN;NaN;NaN;NaN;NaN;NaN;NaN;NaN;NaN;NaN;NaN;NaN;NaN;NaN;NaN;NaN;NaN;NaN;NaN;NaN;NaN;NaN;NaN;NaN;NaN;NaN;NaN;NaN;NaN;NaN;NaN;NaN;NaN;NaN
NaN;NaN;NaN;NaN;NaN;NaN;NaN;NaN;NaN;NaN;NaN;NaN;NaN;NaN;0.00660643645205479;0.0755836716438356;0.191238379452055;0.224996887671233;0.254099806849315;0.297833764383562;0.312764517808219;0.322927916438356;0.328145824657534;0.326518709589041;0.316448623287671;0.296738526027397;0.2655443;0.220218142465753;0.160134217808219;0.086658311369863;0.00352152361643836;NaN;NaN;NaN;NaN;NaN;NaN;NaN;NaN;NaN;NaN;NaN;NaN;NaN;NaN;NaN;NaN;NaN;NaN;NaN;NaN;NaN;NaN;NaN;NaN;NaN;NaN;NaN;NaN;NaN;NaN;NaN;NaN;NaN;NaN;NaN;NaN;NaN;NaN;NaN;NaN;NaN;NaN;NaN;NaN;NaN;NaN;NaN;NaN;NaN;NaN;NaN;NaN;NaN;NaN;NaN;NaN;NaN;NaN;NaN;NaN;NaN;NaN;NaN;NaN;NaN;NaN;NaN;NaN;NaN;NaN;NaN;NaN;NaN;NaN;NaN;NaN;NaN;NaN;NaN;NaN;NaN;NaN;NaN;NaN;NaN;NaN;NaN;NaN;NaN
NaN;NaN;NaN;NaN;NaN;NaN;NaN;NaN;NaN;NaN;NaN;NaN;NaN;NaN;NaN;0.0715364275342466;0.187422124657534;0.221559915068493;0.250980667123288;0.295165578082192;0.310227836986301;0.32046381369863;0.325679595890411;0.324026653424658;0.313883306849315;0.294020732876712;0.262568390410959;0.216791950684932;0.156039853424658;0.0818822356164383;NaN;NaN;NaN;NaN;NaN;NaN;NaN;NaN;NaN;NaN;NaN;NaN;NaN;NaN;NaN;NaN;NaN;NaN;NaN;NaN;NaN;NaN;NaN;NaN;NaN;NaN;NaN;NaN;NaN;NaN;NaN;NaN;NaN;NaN;NaN;NaN;NaN;NaN;NaN;NaN;NaN;NaN;NaN;NaN;NaN;NaN;NaN;NaN;NaN;NaN;NaN;NaN;NaN;NaN;NaN;NaN;NaN;NaN;NaN;NaN;NaN;NaN;NaN;NaN;NaN;NaN;NaN;NaN;NaN;NaN;NaN;NaN;NaN;NaN;NaN;NaN;NaN;NaN;NaN;NaN;NaN;NaN;NaN;NaN;NaN;NaN;NaN;NaN;NaN;NaN
NaN;NaN;NaN;NaN;NaN;NaN;NaN;NaN;NaN;NaN;NaN;NaN;NaN;NaN;NaN;0.0674608816438356;0.183580573972603;0.218102060273973;0.24784005890411;0.292478793150685;0.307674690410959;0.317978435616438;0.323193642465753;0.321516178082192;0.31129392739726;0.291274347945205;0.259560609589041;0.213322415068493;0.151899005479452;0.0770703157534247;NaN;NaN;NaN;NaN;NaN;NaN;NaN;NaN;NaN;NaN;NaN;NaN;NaN;NaN;NaN;NaN;NaN;NaN;NaN;NaN;NaN;NaN;NaN;NaN;NaN;NaN;NaN;NaN;NaN;NaN;NaN;NaN;NaN;NaN;NaN;NaN;NaN;NaN;NaN;NaN;NaN;NaN;NaN;NaN;NaN;NaN;NaN;NaN;NaN;NaN;NaN;NaN;NaN;NaN;NaN;NaN;NaN;NaN;NaN;NaN;NaN;NaN;NaN;NaN;NaN;NaN;NaN;NaN;NaN;NaN;NaN;NaN;NaN;NaN;NaN;NaN;NaN;NaN;NaN;NaN;NaN;NaN;NaN;NaN;NaN;NaN;NaN;NaN;NaN;NaN
NaN;NaN;NaN;NaN;NaN;NaN;NaN;NaN;NaN;NaN;NaN;NaN;NaN;NaN;NaN;0.0633524912328767;0.175388987671233;0.21462134109589;0.244678110958904;0.289773361643836;0.305101993150685;0.315474028767123;0.32068958630137;0.318980178082192;0.30868034109589;0.288498667123288;0.256515809589041;0.209808463013699;0.147712468493151;0.0722323949315068;NaN;NaN;NaN;NaN;NaN;NaN;NaN;NaN;NaN;NaN;NaN;NaN;NaN;NaN;NaN;NaN;NaN;NaN;NaN;NaN;NaN;NaN;NaN;NaN;NaN;NaN;NaN;NaN;NaN;NaN;NaN;NaN;NaN;NaN;NaN;NaN;NaN;NaN;NaN;NaN;NaN;NaN;NaN;NaN;NaN;NaN;NaN;NaN;NaN;NaN;NaN;NaN;NaN;NaN;NaN;NaN;NaN;NaN;NaN;NaN;NaN;NaN;NaN;NaN;NaN;NaN;NaN;NaN;NaN;NaN;NaN;NaN;NaN;NaN;NaN;NaN;NaN;NaN;NaN;NaN;NaN;NaN;NaN;NaN;NaN;NaN;NaN;NaN;NaN;NaN
NaN;NaN;NaN;NaN;NaN;NaN;NaN;NaN;NaN;NaN;NaN;NaN;NaN;NaN;NaN;0.0592123384931507;0.163530549315069;0.211124339726027;0.241492289041096;0.28704358630137;0.302499968493151;0.31294594109589;0.318160656164384;0.316422331506849;0.306040224657534;0.28569345890411;0.253433884931507;0.206250675342466;0.143481598630137;0.0673644269863014;NaN;NaN;NaN;NaN;NaN;NaN;NaN;NaN;NaN;NaN;NaN;NaN;NaN;NaN;NaN;NaN;NaN;NaN;NaN;NaN;NaN;NaN;NaN;NaN;NaN;NaN;NaN;NaN;NaN;NaN;NaN;NaN;NaN;NaN;NaN;NaN;NaN;NaN;NaN;NaN;NaN;NaN;NaN;NaN;NaN;NaN;NaN;NaN;NaN;NaN;NaN;NaN;NaN;NaN;NaN;NaN;NaN;NaN;NaN;NaN;NaN;NaN;NaN;NaN;NaN;NaN;NaN;NaN;NaN;NaN;NaN;NaN;NaN;NaN;NaN;NaN;NaN;NaN;NaN;NaN;NaN;NaN;NaN;NaN;NaN;NaN;NaN;NaN;NaN;NaN
NaN;NaN;NaN;NaN;NaN;NaN;NaN;NaN;NaN;NaN;NaN;NaN;NaN;NaN;NaN;0.0550450198630137;0.153712995890411;0.207598709589041;0.238285782191781;0.284299919178082;0.299879664383562;0.310399298630137;0.315612552054794;0.313845119178082;0.303377561643836;0.282859971232877;0.250316509589041;0.202651846575342;0.139207343835616;0.062469961369863;NaN;NaN;NaN;NaN;NaN;NaN;NaN;NaN;NaN;NaN;NaN;NaN;NaN;NaN;NaN;NaN;NaN;NaN;NaN;NaN;NaN;NaN;NaN;NaN;NaN;NaN;NaN;NaN;NaN;NaN;NaN;NaN;NaN;NaN;NaN;NaN;NaN;NaN;NaN;NaN;NaN;NaN;NaN;NaN;NaN;NaN;NaN;NaN;NaN;NaN;NaN;NaN;NaN;NaN;NaN;NaN;NaN;NaN;NaN;NaN;NaN;NaN;NaN;NaN;NaN;NaN;NaN;NaN;NaN;NaN;NaN;NaN;NaN;NaN;NaN;NaN;NaN;NaN;NaN;NaN;NaN;NaN;NaN;NaN;NaN;NaN;NaN;NaN;NaN;NaN
NaN;NaN;NaN;NaN;NaN;NaN;NaN;NaN;NaN;NaN;NaN;NaN;NaN;NaN;NaN;0.0508412594520548;0.143843123287671;0.204041182191781;0.235055732876712;0.281534221917808;0.297239830136986;0.307831363013699;0.313041706849315;0.311251405479452;0.300692230136986;0.279996950684932;0.247161923287671;0.199003375342466;0.134895215068493;0.0575512315068493;NaN;NaN;NaN;NaN;NaN;NaN;NaN;NaN;NaN;NaN;NaN;NaN;NaN;NaN;NaN;NaN;NaN;NaN;NaN;NaN;NaN;NaN;NaN;NaN;NaN;NaN;NaN;NaN;NaN;NaN;NaN;NaN;NaN;NaN;NaN;NaN;NaN;NaN;NaN;NaN;NaN;NaN;NaN;NaN;NaN;NaN;NaN;NaN;NaN;NaN;NaN;NaN;NaN;NaN;NaN;NaN;NaN;NaN;NaN;NaN;NaN;NaN;NaN;NaN;NaN;NaN;NaN;NaN;NaN;NaN;NaN;NaN;NaN;NaN;NaN;NaN;NaN;NaN;NaN;NaN;NaN;NaN;NaN;NaN;NaN;NaN;NaN;NaN;NaN;NaN
NaN;NaN;NaN;NaN;NaN;NaN;NaN;NaN;NaN;NaN;NaN;NaN;NaN;NaN;NaN;0.0466090678082192;0.13112897260274;0.200464620547945;0.231805309589041;0.278748731506849;0.294580690410959;0.305244006849315;0.31045517260274;0.308633908219178;0.297983264383562;0.277110430136986;0.243970175342466;0.195306789041096;0.130541036986301;0.0526057124657534;NaN;NaN;NaN;NaN;NaN;NaN;NaN;NaN;NaN;NaN;NaN;NaN;NaN;NaN;NaN;NaN;NaN;NaN;NaN;NaN;NaN;NaN;NaN;NaN;NaN;NaN;NaN;NaN;NaN;NaN;NaN;NaN;NaN;NaN;NaN;NaN;NaN;NaN;NaN;NaN;NaN;NaN;NaN;NaN;NaN;NaN;NaN;NaN;NaN;NaN;NaN;NaN;NaN;NaN;NaN;NaN;NaN;NaN;NaN;NaN;NaN;NaN;NaN;NaN;NaN;NaN;NaN;NaN;NaN;NaN;NaN;NaN;NaN;NaN;NaN;NaN;NaN;NaN;NaN;NaN;NaN;NaN;NaN;NaN;NaN;NaN;NaN;NaN;NaN;NaN
NaN;NaN;NaN;NaN;NaN;NaN;NaN;NaN;NaN;NaN;NaN;NaN;NaN;NaN;NaN;0.0423349454794521;0.116621856164384;0.196841975342466;0.228525464383562;0.275937471232877;0.291895312328767;0.302631216438356;0.307849965753425;0.305992782191781;0.295247595890411;0.274190808219178;0.240737846575342;0.191567656164384;0.126148602739726;0.0476353426027397;NaN;NaN;NaN;NaN;NaN;NaN;NaN;NaN;NaN;NaN;NaN;NaN;NaN;NaN;NaN;NaN;NaN;NaN;NaN;NaN;NaN;NaN;NaN;NaN;NaN;NaN;NaN;NaN;NaN;NaN;NaN;NaN;NaN;NaN;NaN;NaN;NaN;NaN;NaN;NaN;NaN;NaN;NaN;NaN;NaN;NaN;NaN;NaN;NaN;NaN;NaN;NaN;NaN;NaN;NaN;NaN;NaN;NaN;NaN;NaN;NaN;NaN;NaN;NaN;NaN;NaN;NaN;NaN;NaN;NaN;NaN;NaN;NaN;NaN;NaN;NaN;NaN;NaN;NaN;NaN;NaN;NaN;NaN;NaN;NaN;NaN;NaN;NaN;NaN;NaN
NaN;NaN;NaN;NaN;NaN;NaN;NaN;NaN;NaN;NaN;NaN;NaN;NaN;NaN;NaN;0.0380401849315068;0.105644945205479;0.193196079452055;0.225225957534247;0.27310847260274;0.28919377260274;0.299996067123288;0.305220901369863;0.303333438356164;0.292490216438356;0.271243393150685;0.237470836986301;0.187784238356164;0.121719573972603;0.0426387309589041;NaN;NaN;NaN;NaN;NaN;NaN;NaN;NaN;NaN;NaN;NaN;NaN;NaN;NaN;NaN;NaN;NaN;NaN;NaN;NaN;NaN;NaN;NaN;NaN;NaN;NaN;NaN;NaN;NaN;NaN;NaN;NaN;NaN;NaN;NaN;NaN;NaN;NaN;NaN;NaN;NaN;NaN;NaN;NaN;NaN;NaN;NaN;NaN;NaN;NaN;NaN;NaN;NaN;NaN;NaN;NaN;NaN;NaN;NaN;NaN;NaN;NaN;NaN;NaN;NaN;NaN;NaN;NaN;NaN;NaN;NaN;NaN;NaN;NaN;NaN;NaN;NaN;NaN;NaN;NaN;NaN;NaN;NaN;NaN;NaN;NaN;NaN;NaN;NaN;NaN
NaN;NaN;NaN;NaN;NaN;NaN;NaN;NaN;NaN;NaN;NaN;NaN;NaN;NaN;NaN;0.0249965360273973;0.095684647260274;0.189530461643836;0.221922893150685;0.270263515068493;0.286478956164384;0.297342043835616;0.302570812328767;0.300650195890411;0.289711608219178;0.268267530136986;0.234164976712329;0.18395551369863;0.117257783561644;0.037613662739726;NaN;NaN;NaN;NaN;NaN;NaN;NaN;NaN;NaN;NaN;NaN;NaN;NaN;NaN;NaN;NaN;NaN;NaN;NaN;NaN;NaN;NaN;NaN;NaN;NaN;NaN;NaN;NaN;NaN;NaN;NaN;NaN;NaN;NaN;NaN;NaN;NaN;NaN;NaN;NaN;NaN;NaN;NaN;NaN;NaN;NaN;NaN;NaN;NaN;NaN;NaN;NaN;NaN;NaN;NaN;NaN;NaN;NaN;NaN;NaN;NaN;NaN;NaN;NaN;NaN;NaN;NaN;NaN;NaN;NaN;NaN;NaN;NaN;NaN;NaN;NaN;NaN;NaN;NaN;NaN;NaN;NaN;NaN;NaN;NaN;NaN;NaN;NaN;NaN;NaN
NaN;NaN;NaN;NaN;NaN;NaN;NaN;NaN;NaN;NaN;NaN;NaN;NaN;NaN;NaN;0.0130715481684932;0.0860304868493151;0.18582701369863;0.218588371232877;0.267394036986301;0.283738121917808;0.294667521917808;0.299897343835616;0.297942165753425;0.286904790410959;0.265259571232877;0.230818663013699;0.1800814;0.112759461643836;0.0325573089041096;NaN;NaN;NaN;NaN;NaN;NaN;NaN;NaN;NaN;NaN;NaN;NaN;NaN;NaN;NaN;NaN;NaN;NaN;NaN;NaN;NaN;NaN;NaN;NaN;NaN;NaN;NaN;NaN;NaN;NaN;NaN;NaN;NaN;NaN;NaN;NaN;NaN;NaN;NaN;NaN;NaN;NaN;NaN;NaN;NaN;NaN;NaN;NaN;NaN;NaN;NaN;NaN;NaN;NaN;NaN;NaN;NaN;NaN;NaN;NaN;NaN;NaN;NaN;NaN;NaN;NaN;NaN;NaN;NaN;NaN;NaN;NaN;NaN;NaN;NaN;NaN;NaN;NaN;NaN;NaN;NaN;NaN;NaN;NaN;NaN;NaN;NaN;NaN;NaN;NaN
NaN;NaN;NaN;NaN;NaN;NaN;NaN;NaN;NaN;NaN;NaN;NaN;NaN;NaN;NaN;0.00286388269863014;0.074890698630137;0.182104731506849;0.215231605479452;0.264508297260274;0.280980397260274;0.291971321917808;0.297204689041096;0.295211560273973;0.284073212328767;0.262223157534247;0.227434006849315;0.17616864109589;0.108228754794521;0.0274673146575342;NaN;NaN;NaN;NaN;NaN;NaN;NaN;NaN;NaN;NaN;NaN;NaN;NaN;NaN;NaN;NaN;NaN;NaN;NaN;NaN;NaN;NaN;NaN;NaN;NaN;NaN;NaN;NaN;NaN;NaN;NaN;NaN;NaN;NaN;NaN;NaN;NaN;NaN;NaN;NaN;NaN;NaN;NaN;NaN;NaN;NaN;NaN;NaN;NaN;NaN;NaN;NaN;NaN;NaN;NaN;NaN;NaN;NaN;NaN;NaN;NaN;NaN;NaN;NaN;NaN;NaN;NaN;NaN;NaN;NaN;NaN;NaN;NaN;NaN;NaN;NaN;NaN;NaN;NaN;NaN;NaN;NaN;NaN;NaN;NaN;NaN;NaN;NaN;NaN;NaN
NaN;NaN;NaN;NaN;NaN;NaN;NaN;NaN;NaN;NaN;NaN;NaN;NaN;NaN;NaN;NaN;0.0631680404109589;0.178357664383562;0.211851431506849;0.261597736986301;0.278198778082192;0.289254735616438;0.29449065890411;0.292459389041096;0.281215219178082;0.259157483561644;0.224010150684932;0.172213669863014;0.103667857534247;0.0223434261643836;NaN;NaN;NaN;NaN;NaN;NaN;NaN;NaN;NaN;NaN;NaN;NaN;NaN;NaN;NaN;NaN;NaN;NaN;NaN;NaN;NaN;NaN;NaN;NaN;NaN;NaN;NaN;NaN;NaN;NaN;NaN;NaN;NaN;NaN;NaN;NaN;NaN;NaN;NaN;NaN;NaN;NaN;NaN;NaN;NaN;NaN;NaN;NaN;NaN;NaN;NaN;NaN;NaN;NaN;NaN;NaN;NaN;NaN;NaN;NaN;NaN;NaN;NaN;NaN;NaN;NaN;NaN;NaN;NaN;NaN;NaN;NaN;NaN;NaN;NaN;NaN;NaN;NaN;NaN;NaN;NaN;NaN;NaN;NaN;NaN;NaN;NaN;NaN;NaN;NaN
NaN;NaN;NaN;NaN;NaN;NaN;NaN;NaN;NaN;NaN;NaN;NaN;NaN;NaN;NaN;NaN;0.0591673697260274;0.174583889041096;0.208447508219178;0.258670728767123;0.275398330136986;0.286519164383562;0.291753723287671;0.289690064383562;0.278332116438356;0.256064071232877;0.220553375342466;0.168215782191781;0.0990778923287671;0.0171817347945205;NaN;NaN;NaN;NaN;NaN;NaN;NaN;NaN;NaN;NaN;NaN;NaN;NaN;NaN;NaN;NaN;NaN;NaN;NaN;NaN;NaN;NaN;NaN;NaN;NaN;NaN;NaN;NaN;NaN;NaN;NaN;NaN;NaN;NaN;NaN;NaN;NaN;NaN;NaN;NaN;NaN;NaN;NaN;NaN;NaN;NaN;NaN;NaN;NaN;NaN;NaN;NaN;NaN;NaN;NaN;NaN;NaN;NaN;NaN;NaN;NaN;NaN;NaN;NaN;NaN;NaN;NaN;NaN;NaN;NaN;NaN;NaN;NaN;NaN;NaN;NaN;NaN;NaN;NaN;NaN;NaN;NaN;NaN;NaN;NaN;NaN;NaN;NaN;NaN;NaN
NaN;NaN;NaN;NaN;NaN;NaN;NaN;NaN;NaN;NaN;NaN;NaN;NaN;NaN;NaN;NaN;0.0551330082191781;0.170783982191781;0.204996831506849;0.255716991780822;0.272569852054795;0.283756320547945;0.288998053424658;0.286888875342466;0.275421430136986;0.252938069863014;0.217052476712329;0.164179515068493;0.0944574252054794;0.0119803236986301;NaN;NaN;NaN;NaN;NaN;NaN;NaN;NaN;NaN;NaN;NaN;NaN;NaN;NaN;NaN;NaN;NaN;NaN;NaN;NaN;NaN;NaN;NaN;NaN;NaN;NaN;NaN;NaN;NaN;NaN;NaN;NaN;NaN;NaN;NaN;NaN;NaN;NaN;NaN;NaN;NaN;NaN;NaN;NaN;NaN;NaN;NaN;NaN;NaN;NaN;NaN;NaN;NaN;NaN;NaN;NaN;NaN;NaN;NaN;NaN;NaN;NaN;NaN;NaN;NaN;NaN;NaN;NaN;NaN;NaN;NaN;NaN;NaN;NaN;NaN;NaN;NaN;NaN;NaN;NaN;NaN;NaN;NaN;NaN;NaN;NaN;NaN;NaN;NaN;NaN
NaN;NaN;NaN;NaN;NaN;NaN;NaN;NaN;NaN;NaN;NaN;NaN;NaN;NaN;NaN;NaN;0.0510729530136986;0.160470260273973;0.201529576712329;0.252745136986301;0.269724421917808;0.280975071232877;0.286221756164384;0.284065360273973;0.272485757534247;0.249783931506849;0.213508501369863;0.160102590410959;0.0898096469863014;0.00673608328767123;NaN;NaN;NaN;NaN;NaN;NaN;NaN;NaN;NaN;NaN;NaN;NaN;NaN;NaN;NaN;NaN;NaN;NaN;NaN;NaN;NaN;NaN;NaN;NaN;NaN;NaN;NaN;NaN;NaN;NaN;NaN;NaN;NaN;NaN;NaN;NaN;NaN;NaN;NaN;NaN;NaN;NaN;NaN;NaN;NaN;NaN;NaN;NaN;NaN;NaN;NaN;NaN;NaN;NaN;NaN;NaN;NaN;NaN;NaN;NaN;NaN;NaN;NaN;NaN;NaN;NaN;NaN;NaN;NaN;NaN;NaN;NaN;NaN;NaN;NaN;NaN;NaN;NaN;NaN;NaN;NaN;NaN;NaN;NaN;NaN;NaN;NaN;NaN;NaN;NaN
NaN;NaN;NaN;NaN;NaN;NaN;NaN;NaN;NaN;NaN;NaN;NaN;NaN;NaN;NaN;NaN;0.0469874739726028;0.149097669863014;0.198035498630137;0.249750350684931;0.266858076712329;0.278172417808219;0.283425650684932;0.281220150684932;0.269522809589041;0.246598995890411;0.209922493150685;0.155983476712329;0.0851342306849315;0.00143618163013699;NaN;NaN;NaN;NaN;NaN;NaN;NaN;NaN;NaN;NaN;NaN;NaN;NaN;NaN;NaN;NaN;NaN;NaN;NaN;NaN;NaN;NaN;NaN;NaN;NaN;NaN;NaN;NaN;NaN;NaN;NaN;NaN;NaN;NaN;NaN;NaN;NaN;NaN;NaN;NaN;NaN;NaN;NaN;NaN;NaN;NaN;NaN;NaN;NaN;NaN;NaN;NaN;NaN;NaN;NaN;NaN;NaN;NaN;NaN;NaN;NaN;NaN;NaN;NaN;NaN;NaN;NaN;NaN;NaN;NaN;NaN;NaN;NaN;NaN;NaN;NaN;NaN;NaN;NaN;NaN;NaN;NaN;NaN;NaN;NaN;NaN;NaN;NaN;NaN;NaN
NaN;NaN;NaN;NaN;NaN;NaN;NaN;NaN;NaN;NaN;NaN;NaN;NaN;NaN;NaN;NaN;0.042866427260274;0.139743908219178;0.194524635616438;0.246736263013699;0.263968778082192;0.275347239726027;0.280604493150685;0.278357710958904;0.26653255890411;0.243383108219178;0.206303169863014;0.151825884931507;0.0804357116438356;NaN;NaN;NaN;NaN;NaN;NaN;NaN;NaN;NaN;NaN;NaN;NaN;NaN;NaN;NaN;NaN;NaN;NaN;NaN;NaN;NaN;NaN;NaN;NaN;NaN;NaN;NaN;NaN;NaN;NaN;NaN;NaN;NaN;NaN;NaN;NaN;NaN;NaN;NaN;NaN;NaN;NaN;NaN;NaN;NaN;NaN;NaN;NaN;NaN;NaN;NaN;NaN;NaN;NaN;NaN;NaN;NaN;NaN;NaN;NaN;NaN;NaN;NaN;NaN;NaN;NaN;NaN;NaN;NaN;NaN;NaN;NaN;NaN;NaN;NaN;NaN;NaN;NaN;NaN;NaN;NaN;NaN;NaN;NaN;NaN;NaN;NaN;NaN;NaN;NaN;NaN
NaN;NaN;NaN;NaN;NaN;NaN;NaN;NaN;NaN;NaN;NaN;NaN;NaN;NaN;NaN;NaN;0.0387213617808219;0.129997049315068;0.190989149315068;0.243695854794521;0.26105488630137;0.272500649315069;0.277758539726027;0.275469935616438;0.263514195890411;0.240139380821918;0.202641420547945;0.147627598630137;0.0757080817808219;NaN;NaN;NaN;NaN;NaN;NaN;NaN;NaN;NaN;NaN;NaN;NaN;NaN;NaN;NaN;NaN;NaN;NaN;NaN;NaN;NaN;NaN;NaN;NaN;NaN;NaN;NaN;NaN;NaN;NaN;NaN;NaN;NaN;NaN;NaN;NaN;NaN;NaN;NaN;NaN;NaN;NaN;NaN;NaN;NaN;NaN;NaN;NaN;NaN;NaN;NaN;NaN;NaN;NaN;NaN;NaN;NaN;NaN;NaN;NaN;NaN;NaN;NaN;NaN;NaN;NaN;NaN;NaN;NaN;NaN;NaN;NaN;NaN;NaN;NaN;NaN;NaN;NaN;NaN;NaN;NaN;NaN;NaN;NaN;NaN;NaN;NaN;NaN;NaN;NaN;NaN
NaN;NaN;NaN;NaN;NaN;NaN;NaN;NaN;NaN;NaN;NaN;NaN;NaN;NaN;NaN;NaN;0.0345431878082192;0.115153046575342;0.187442123287671;0.240638095890411;0.258122883561644;0.26963214109589;0.274890320547945;0.272558421917808;0.26047104109589;0.236864393150685;0.198940404109589;0.143399026027397;0.0709625932876712;NaN;NaN;NaN;NaN;NaN;NaN;NaN;NaN;NaN;NaN;NaN;NaN;NaN;NaN;NaN;NaN;NaN;NaN;NaN;NaN;NaN;NaN;NaN;NaN;NaN;NaN;NaN;NaN;NaN;NaN;NaN;NaN;NaN;NaN;NaN;NaN;NaN;NaN;NaN;NaN;NaN;NaN;NaN;NaN;NaN;NaN;NaN;NaN;NaN;NaN;NaN;NaN;NaN;NaN;NaN;NaN;NaN;NaN;NaN;NaN;NaN;NaN;NaN;NaN;NaN;NaN;NaN;NaN;NaN;NaN;NaN;NaN;NaN;NaN;NaN;NaN;NaN;NaN;NaN;NaN;NaN;NaN;NaN;NaN;NaN;NaN;NaN;NaN;NaN;NaN;NaN
NaN;NaN;NaN;NaN;NaN;NaN;NaN;NaN;NaN;NaN;NaN;NaN;NaN;NaN;NaN;NaN;0.030338324520548;0.109883534246575;0.1838662;0.237556765753425;0.255168178082192;0.266742576712329;0.271999030136986;0.269621557534247;0.257410554794521;0.233548021917808;0.195194291780822;0.139136609589041;0.0661910415068493;NaN;NaN;NaN;NaN;NaN;NaN;NaN;NaN;NaN;NaN;NaN;NaN;NaN;NaN;NaN;NaN;NaN;NaN;NaN;NaN;NaN;NaN;NaN;NaN;NaN;NaN;NaN;NaN;NaN;NaN;NaN;NaN;NaN;NaN;NaN;NaN;NaN;NaN;NaN;NaN;NaN;NaN;NaN;NaN;NaN;NaN;NaN;NaN;NaN;NaN;NaN;NaN;NaN;NaN;NaN;NaN;NaN;NaN;NaN;NaN;NaN;NaN;NaN;NaN;NaN;NaN;NaN;NaN;NaN;NaN;NaN;NaN;NaN;NaN;NaN;NaN;NaN;NaN;NaN;NaN;NaN;NaN;NaN;NaN;NaN;NaN;NaN;NaN;NaN;NaN;NaN
NaN;NaN;NaN;NaN;NaN;NaN;NaN;NaN;NaN;NaN;NaN;NaN;NaN;NaN;NaN;NaN;0.0261022236986301;0.105980226027397;0.180261505479452;0.234452295890411;0.252190749315069;0.263833063013699;0.269087838356164;0.266665216438356;0.254319702739726;0.230200164383562;0.191407354794521;0.134835567123288;0.0613886120547945;NaN;NaN;NaN;NaN;NaN;NaN;NaN;NaN;NaN;NaN;NaN;NaN;NaN;NaN;NaN;NaN;NaN;NaN;NaN;NaN;NaN;NaN;NaN;NaN;NaN;NaN;NaN;NaN;NaN;NaN;NaN;NaN;NaN;NaN;NaN;NaN;NaN;NaN;NaN;NaN;NaN;NaN;NaN;NaN;NaN;NaN;NaN;NaN;NaN;NaN;NaN;NaN;NaN;NaN;NaN;NaN;NaN;NaN;NaN;NaN;NaN;NaN;NaN;NaN;NaN;NaN;NaN;NaN;NaN;NaN;NaN;NaN;NaN;NaN;NaN;NaN;NaN;NaN;NaN;NaN;NaN;NaN;NaN;NaN;NaN;NaN;NaN;NaN;NaN;NaN;NaN
NaN;NaN;NaN;NaN;NaN;NaN;NaN;NaN;NaN;NaN;NaN;NaN;NaN;NaN;NaN;NaN;0.0218380250684931;0.0918523382191781;0.176637132876712;0.231323401369863;0.249189508219178;0.26090295890411;0.266155719178082;0.263686168493151;0.251201005479452;0.226816431506849;0.187581057534247;0.130499524657534;0.0565581180821918;NaN;NaN;NaN;NaN;NaN;NaN;NaN;NaN;NaN;NaN;NaN;NaN;NaN;NaN;NaN;NaN;NaN;NaN;NaN;NaN;NaN;NaN;NaN;NaN;NaN;NaN;NaN;NaN;NaN;NaN;NaN;NaN;NaN;NaN;NaN;NaN;NaN;NaN;NaN;NaN;NaN;NaN;NaN;NaN;NaN;NaN;NaN;NaN;NaN;NaN;NaN;NaN;NaN;NaN;NaN;NaN;NaN;NaN;NaN;NaN;NaN;NaN;NaN;NaN;NaN;NaN;NaN;NaN;NaN;NaN;NaN;NaN;NaN;NaN;NaN;NaN;NaN;NaN;NaN;NaN;NaN;NaN;NaN;NaN;NaN;NaN;NaN;NaN;NaN;NaN;NaN
NaN;NaN;NaN;NaN;NaN;NaN;NaN;NaN;NaN;NaN;NaN;NaN;NaN;NaN;NaN;NaN;0.0175433626027397;0.0815122673972603;0.172974721917808;0.228175538356164;0.246168278082192;0.257950660273973;0.26320101369863;0.260681367123288;0.248057942465753;0.223401768493151;0.183716642465753;0.126134754794521;0.0516993538356164;NaN;NaN;NaN;NaN;NaN;NaN;NaN;NaN;NaN;NaN;NaN;NaN;NaN;NaN;NaN;NaN;NaN;NaN;NaN;NaN;NaN;NaN;NaN;NaN;NaN;NaN;NaN;NaN;NaN;NaN;NaN;NaN;NaN;NaN;NaN;NaN;NaN;NaN;NaN;NaN;NaN;NaN;NaN;NaN;NaN;NaN;NaN;NaN;NaN;NaN;NaN;NaN;NaN;NaN;NaN;NaN;NaN;NaN;NaN;NaN;NaN;NaN;NaN;NaN;NaN;NaN;NaN;NaN;NaN;NaN;NaN;NaN;NaN;NaN;NaN;NaN;NaN;NaN;NaN;NaN;NaN;NaN;NaN;NaN;NaN;NaN;NaN;NaN;NaN;NaN;NaN
NaN;NaN;NaN;NaN;NaN;NaN;NaN;NaN;NaN;NaN;NaN;NaN;NaN;NaN;NaN;NaN;0.00449872847808219;0.0725273305479452;0.169278726027397;0.225002280821918;0.243124852054794;0.254970780821918;0.260220115068493;0.257652078082192;0.244889920547945;0.219947682191781;0.179808495890411;0.121739875342466;0.0468100912328767;NaN;NaN;NaN;NaN;NaN;NaN;NaN;NaN;NaN;NaN;NaN;NaN;NaN;NaN;NaN;NaN;NaN;NaN;NaN;NaN;NaN;NaN;NaN;NaN;NaN;NaN;NaN;NaN;NaN;NaN;NaN;NaN;NaN;NaN;NaN;NaN;NaN;NaN;NaN;NaN;NaN;NaN;NaN;NaN;NaN;NaN;NaN;NaN;NaN;NaN;NaN;NaN;NaN;NaN;NaN;NaN;NaN;NaN;NaN;NaN;NaN;NaN;NaN;NaN;NaN;NaN;NaN;NaN;NaN;NaN;NaN;NaN;NaN;NaN;NaN;NaN;NaN;NaN;NaN;NaN;NaN;NaN;NaN;NaN;NaN;NaN;NaN;NaN;NaN;NaN;NaN
NaN;NaN;NaN;NaN;NaN;NaN;NaN;NaN;NaN;NaN;NaN;NaN;NaN;NaN;NaN;NaN;NaN;0.0631491065753425;0.165560269863014;0.221802709589041;0.240058234246575;0.251970782191781;0.257217546575343;0.254599093150685;0.241689520547945;0.216456301369863;0.175860910958904;0.117318193150685;0.0418884164383562;NaN;NaN;NaN;NaN;NaN;NaN;NaN;NaN;NaN;NaN;NaN;NaN;NaN;NaN;NaN;NaN;NaN;NaN;NaN;NaN;NaN;NaN;NaN;NaN;NaN;NaN;NaN;NaN;NaN;NaN;NaN;NaN;NaN;NaN;NaN;NaN;NaN;NaN;NaN;NaN;NaN;NaN;NaN;NaN;NaN;NaN;NaN;NaN;NaN;NaN;NaN;NaN;NaN;NaN;NaN;NaN;NaN;NaN;NaN;NaN;NaN;NaN;NaN;NaN;NaN;NaN;NaN;NaN;NaN;NaN;NaN;NaN;NaN;NaN;NaN;NaN;NaN;NaN;NaN;NaN;NaN;NaN;NaN;NaN;NaN;NaN;NaN;NaN;NaN;NaN;NaN
NaN;NaN;NaN;NaN;NaN;NaN;NaN;NaN;NaN;NaN;NaN;NaN;NaN;NaN;NaN;NaN;NaN;0.0480710769863014;0.161824546575342;0.218582997260274;0.236968453424658;0.248950278082192;0.254196198630137;0.251521745205479;0.238459728767123;0.212929016438356;0.171877235616438;0.112858578082192;0.0369271756164384;NaN;NaN;NaN;NaN;NaN;NaN;NaN;NaN;NaN;NaN;NaN;NaN;NaN;NaN;NaN;NaN;NaN;NaN;NaN;NaN;NaN;NaN;NaN;NaN;NaN;NaN;NaN;NaN;NaN;NaN;NaN;NaN;NaN;NaN;NaN;NaN;NaN;NaN;NaN;NaN;NaN;NaN;NaN;NaN;NaN;NaN;NaN;NaN;NaN;NaN;NaN;NaN;NaN;NaN;NaN;NaN;NaN;NaN;NaN;NaN;NaN;NaN;NaN;NaN;NaN;NaN;NaN;NaN;NaN;NaN;NaN;NaN;NaN;NaN;NaN;NaN;NaN;NaN;NaN;NaN;NaN;NaN;NaN;NaN;NaN;NaN;NaN;NaN;NaN;NaN;NaN
