0.0658475928767123;0.0659895021917808;0.0661344524657534;0.0662820256164384;0.0664318639726027;0.0665835752054795;0.0667365180821918;0.0668900563013699;0.0670434143835617;0.0671954908219178;0.0673452758904109;0.0674918423287671;0.0676343710958904;0.0677720383561644;0.067903992739726;0.0680294120547945;0.0681475401369863;0.068257651369863;0.0683591163013699;0.0685344494520548;0.0686074187671233;0.0686701126027397;0.0687222217808219;0.0687634739726027;0.0687936928767123;0.068812734520548;0.068820482739726;0.0688168473972603;0.0688017665753425;0.0687752439726027;0.0687372720547945;0.0686877868493151;0.068626782739726;0.0685542680821918;0.0684702682191781;0.0683747853424658;0.0682678523287671;0.0681495028767123;0.068019795890411;0.0678787724657534;0.0677264780821918;0.067562947260274;0.0673882139726028;0.0672023035616438;0.06700526;0.0667971423287671;0.0665780256164384;0.0663479923287671;0.0661071135616438;0.0658554523287671;0.0655930791780822;0.0653200715068493;0.0650365187671233;0.0647425132876712;0.0644381393150685;0.0641162709589041;0.0637722161643836;0.0634198347945206;0.0630696063013698;0.0627174932876712;0.0623556738356164;0.0619842601369863;0.0616105621917808;0.0612306078082192;0.0608394835616438;0.0604328908219178;0.0600119608219178;0.0595821;0.0591434309589041;0.0586960928767123;0.0582402289041096;0.0577759775342466;0.0573034831506849;0.0568228909589041;0.0563343565753425;0.0558380295890411;0.0553340665753425;0.0548226178082192;0.0543038404109589;0.0537778952054795;0.0532449410958904;0.052705141369863;0.0521586620547945;0.0516056795890411;0.0510463832876712;0.0504809773972603;0.0499096653424657;0.0493326473972603;0.0487501247945205;0.0481623108219178;0.0475693947945206;0.0469715739726027;0.0463690287671233;0.0457619404109589;0.0451504779452055;0.0445348009589041;0.0439150605479452;0.0432914238356164;0.0426640512328767;0.0420331291780822;0.0413988805479452;0.0407615420547945;0.0401213646575342;0.0394785798630137;0.0388335223287671;0.0381866317808219;0.0375383589041096;0.0368890376712329;0.0362390353424657;0.0355887384931507;0.0349385563013699;0.034288915890411;0.0336400220547945;0.0329911743835616;0.0323423257534247;0.0316938824657534;0.0310481997260274;0.0304058721917808;0.029765747260274;0.0291278249315068
0.0662374264383562;0.0663884538356164;0.0665417419178082;0.0666969739726027;0.0668537050684932;0.0670113005479452;0.0671690494520548;0.0673260605479452;0.0674813867123288;0.0676340657534246;0.0677832182191781;0.0679280219178082;0.0680676391780822;0.0682012453424658;0.0683280678082192;0.0684473678082192;0.0685584782191781;0.0686608178082192;0.0687538710958904;0.0689105149315068;0.0689735;0.069025897260274;0.0690674060273973;0.0690978476712329;0.0691169430136986;0.0691246182191781;0.0691207991780822;0.069105408630137;0.0690783973972603;0.0690397849315069;0.0689895983561644;0.0689278249315069;0.0688544717808219;0.0687695750684932;0.0686731654794521;0.0685652516438356;0.0684458604109589;0.0683150264383562;0.0681727832876712;0.0680191702739726;0.06785421;0.0676779539726027;0.0674904867123288;0.0672918224657534;0.067082005890411;0.0668611449315069;0.0666178660273972;0.0663615290410959;0.0660949783561644;0.0658164549315069;0.0655280790410959;0.0652434283561644;0.0649571926027397;0.0646630961643836;0.064358724109589;0.0640431295890411;0.0637171261643836;0.0633744991780822;0.0630167717808219;0.0626491816438356;0.0622717949315068;0.061884857260274;0.0614883935616438;0.0610825175342466;0.0606673579452055;0.0602430206849315;0.0598096979452055;0.059367498630137;0.0589165516438356;0.0584569598630137;0.0579889460273973;0.0575126094520548;0.0570280598630137;0.0565354971232877;0.0560355636986301;0.0555279380821918;0.0550131382191781;0.0544910160273973;0.0539620809589041;0.0534261652054795;0.0528835223287671;0.0523346610958904;0.0517792269863014;0.0512176730136986;0.0506502557534247;0.0500767656164384;0.0494981717808219;0.0489141510958904;0.0483231968493151;0.0477271035616438;0.0471260182191781;0.0465202287671233;0.0459104265753425;0.0452959356164384;0.0446771773972603;0.0440541683561644;0.0434271812328767;0.0427959002739726;0.0421604087671233;0.0415217779452055;0.0408806979452055;0.040236857260274;0.0395916739726027;0.0389448408219178;0.0382969526027397;0.0376481331506849;0.0369997402739726;0.0363521375342466;0.0357055084931507;0.0350605995890411;0.0344177926027397;0.0337766730136986;0.0331370816438356;0.0324992643835616;0.0318632964383562;0.0312311550684932;0.0306039719178082;0.0299803736986301;0.0293593517808219;0.0287413154794521
0.0667241804109589;0.0668823116438356;0.0670421104109589;0.0672030752054795;0.0673645263013699;0.0675256294520548;0.0676854284931507;0.0678429442465753;0.0679972001369863;0.0681472989041096;0.0682923645205479;0.0684315373972603;0.068564094520548;0.0686894075342466;0.0688069309589041;0.0689161624657534;0.0690166261643836;0.0691078321917808;0.0691893567123288;0.0693221115068493;0.0693727694520548;0.069412565890411;0.0694413864383562;0.069459027260274;0.0694653753424657;0.0694604395890411;0.0694441282191781;0.0694164161643836;0.0693772130136986;0.0693265716438356;0.0692646320547945;0.0691912767123288;0.0691064549315068;0.0690102601369863;0.0689025846575343;0.0687834594520548;0.0686528380821918;0.0685024338356164;0.0683377621917808;0.0681617687671233;0.0679735065753425;0.0677740850684932;0.0675619182191781;0.0673508090410959;0.0671388495890411;0.0669165061643835;0.0666838231506849;0.0664398623287671;0.0661849812328767;0.0659160889041096;0.0656257693150685;0.0653240805479452;0.0650119636986301;0.0646898487671233;0.0643576480821918;0.0640151602739726;0.0636626954794521;0.0633006921917808;0.062928841369863;0.062547358630137;0.062156365890411;0.0617567365753425;0.0613492138356164;0.0609333365753425;0.0605089824657534;0.0600752673972603;0.0596322336986301;0.0591801135616438;0.0587190508219178;0.0582490971232877;0.0577703773972603;0.0572830443835616;0.0567872382191781;0.0562831054794521;0.0557707587671233;0.0552504597260274;0.0547229330136986;0.0541879898630137;0.0536458591780822;0.0530965750684931;0.052540482739726;0.0519775945205479;0.051408648630137;0.0508337791780822;0.050252825890411;0.0496661665753425;0.0490738910958904;0.0484760882191781;0.0478730612328767;0.047265022739726;0.0466517645205479;0.0460337724657534;0.0454108076712329;0.0447834167123288;0.044151711369863;0.0435158949315069;0.0428768215068493;0.0422347705479452;0.0415902460273973;0.0409437845205479;0.0402962087671233;0.0396476319178082;0.0389989784931507;0.038351264109589;0.0377046446575342;0.0370601383561644;0.0364179924657534;0.035778434109589;0.0351428138356164;0.0345107871232877;0.0338828390410959;0.0332585267123288;0.0326367220547945;0.0320179678082192;0.0314037350684932;0.030795388630137;0.0301922591780822;0.0295916050684931;0.0289947952054794;0.0284025106849315
0.0673007998630137;0.0674646475342466;0.0676293289041096;0.0677940257534247;0.0679577810958904;0.0681195434246575;0.0682782980821918;0.0684330690410959;0.068583008630137;0.0687273806849315;0.0688654831506849;0.0689968956164384;0.0691210464383562;0.0692374110958904;0.0693455523287671;0.0694448989041096;0.0695347087671233;0.0696145446575342;0.06968425;0.0697924139726027;0.069830141369863;0.0698566056164383;0.0698721450684932;0.0698760505479452;0.069868572739726;0.0698497895890411;0.069819847260274;0.0697783539726027;0.0697194290410959;0.0696474228767123;0.0695617550684931;0.0694641520547945;0.0693543154794521;0.069230961369863;0.069105294520548;0.0689692954794521;0.068826705890411;0.068679325479452;0.068522058630137;0.0683543221917808;0.0681758589041096;0.0679886968493151;0.0677790779452055;0.0675568079452055;0.0673257656164384;0.067083515890411;0.0668301109589041;0.0665645732876712;0.0662876601369863;0.0659998058904109;0.065701424109589;0.0653922384931507;0.0650723728767123;0.0647422946575342;0.0644002434246575;0.064047155890411;0.0636836209589041;0.0633098973972603;0.0629262210958904;0.0625326861643836;0.0621293815068493;0.0617164509589041;0.0612940347945206;0.0608622606849315;0.060421265890411;0.0599712031506849;0.0595122089041096;0.0590444224657534;0.0585679731506849;0.0580830121917808;0.0575897149315069;0.0570882398630137;0.056578765890411;0.0560614602739726;0.0555365012328767;0.0550040647945206;0.0544643408219178;0.0539175249315069;0.0533638117808219;0.0528033893150685;0.0522363954794521;0.0516629778082192;0.0510832828767123;0.0504974721917808;0.0499056945205479;0.0493080975342466;0.048704792739726;0.0480958754794521;0.0474814410958904;0.0468616950684932;0.0462369890410959;0.045607747260274;0.044974392739726;0.0443373705479452;0.0436971508219178;0.0430543098630137;0.042409555479452;0.0417637375342466;0.0411177593150685;0.040472441369863;0.0398284494520548;0.0391863947945205;0.0385469373972603;0.0379107709589041;0.0372785089041096;0.0366505821917808;0.0360272753424657;0.0354088120547945;0.0347954647945205;0.0341873626027397;0.0335840173972603;0.03298485;0.0323897424657534;0.0318001571232877;0.0312176630136986;0.030640625479452;0.0300663673972603;0.029494765890411;0.0289262024657534;0.0283620038356164
0.0679629382191781;0.0681307826027397;0.0682980008219178;0.06846352;0.0686263716438356;0.0687857739726027;0.0689409497260274;0.0690910808219178;0.0692356021917808;0.0693737890410959;0.0695044642465753;0.0696276442465753;0.0697427228767123;0.0698496352054794;0.069947712739726;0.0700363489041096;0.0701151971232877;0.0701840128767123;0.0702409497260274;0.0703163943835616;0.0703347984931507;0.070341924520548;0.0703379930136986;0.0703206375342466;0.0702922183561644;0.0702565943835616;0.0702123576712329;0.070155548630137;0.0700893252054795;0.0700222302739726;0.0699435189041096;0.0698566747945206;0.0697578973972603;0.06965037;0.0695260612328767;0.0693832379452055;0.0692254136986301;0.0690559387671233;0.068874895890411;0.0686823794520548;0.0684784512328767;0.0682631275342466;0.0680364038356164;0.0677982679452055;0.0675488034246575;0.0672882704109589;0.0670168679452055;0.0667345761643836;0.066441392739726;0.0661373663013699;0.0658225763013699;0.0654971534246575;0.0651612615068493;0.0648151128767123;0.0644587710958904;0.0640920184931507;0.0637147676712329;0.0633273676712329;0.062930115479452;0.062523088630137;0.0621063732876712;0.06168012;0.061244484109589;0.0607995935616438;0.0603455849315069;0.059882611369863;0.0594108334246575;0.0589304083561644;0.0584414880821918;0.0579442389041096;0.0574388343835616;0.0569254301369863;0.0564042132876712;0.0558753676712329;0.0553390735616438;0.0547954950684932;0.0542447598630137;0.0536869752054795;0.0531222608219178;0.0525507467123288;0.0519725457534247;0.0513877819178082;0.0507965494520548;0.0501989353424658;0.0495950501369863;0.0489851267123288;0.0483695489041096;0.0477487489041096;0.0471231604109589;0.0464932497260274;0.0458595128767123;0.0452225806849315;0.0445831883561644;0.0439422052054795;0.043300574109589;0.0426592471232877;0.0420191187671233;0.0413810328767123;0.0407457694520548;0.0401140167123288;0.0394864046575342;0.0388634584931507;0.0382456084931507;0.0376332173972603;0.0370265834246575;0.0364259680821918;0.0358316538356164;0.0352438331506849;0.034662464109589;0.0340868179452055;0.0335160032876712;0.032949687260274;0.0323888776712329;0.0318342620547945;0.031284907260274;0.0307426339726027;0.0302099969863014;0.0296788447945205;0.0291357243835616;0.0285816761643836
0.0687079984931507;0.0688777852054795;0.0690453875342466;0.0692099102739726;0.0693705132876712;0.0695262701369863;0.0696765667123288;0.0698219161643835;0.0699608209589041;0.0700917845205479;0.070213618630137;0.0703271273972603;0.0704319323287671;0.0705268469863014;0.0706124628767123;0.0706880453424658;0.0707549661643836;0.0708129397260274;0.0708576179452055;0.0709081043835616;0.0709206828767123;0.0709280624657534;0.070925388630137;0.0709114757534247;0.0708883801369863;0.0708563202739726;0.0708076609589041;0.0707407079452055;0.0706617854794521;0.0705711898630137;0.0704690126027397;0.0703550494520548;0.0702292021917808;0.0700915624657534;0.069942192739726;0.0697809969863014;0.0696079282191781;0.069423092739726;0.0692266161643836;0.0690186449315068;0.0687992575342466;0.068568454109589;0.0683262084931507;0.0680724724657534;0.0678073310958904;0.067531128630137;0.0672441239726027;0.0669463046575342;0.0666376673972603;0.0663182447945205;0.0659881917808219;0.0656476850684932;0.0652969183561644;0.0649361302739726;0.0645653761643836;0.0641842768493151;0.0637926639726027;0.0633909731506849;0.0629795708219178;0.0625585160273973;0.0621278635616438;0.0616877606849315;0.061238367260274;0.0607798169863014;0.0603122494520548;0.0598358316438356;0.059350714109589;0.0588570656164384;0.0583550420547945;0.0578448084931507;0.0573265350684931;0.05680036;0.0562664064383562;0.0557247810958904;0.0551755864383562;0.0546189204109589;0.0540548745205479;0.0534835130136986;0.0529049028767123;0.0523191402739726;0.0517263697260274;0.051126868630137;0.0505210098630137;0.0499092505479452;0.0492920619178082;0.048669967260274;0.0480435693150685;0.0474135431506849;0.0467806524657534;0.0461457301369863;0.0455096568493151;0.0448733735616438;0.0442378471232877;0.0436040635616438;0.0429730128767123;0.0423456498630137;0.0417227993150685;0.0411050684931507;0.0404928676712329;0.0398865667123288;0.0392866247945205;0.0386935;0.0381074709589041;0.0375285975342466;0.0369568283561644;0.0363920908219178;0.0358343190410959;0.0352830898630137;0.0347374015068493;0.0341965921917808;0.0336621938356164;0.0331380743835616;0.0326240835616438;0.0321125109589041;0.0315963502739726;0.0310731573972603;0.0305402953424657;0.0299997335616438;0.0294498471232877;0.0288895057534247
0.0695371684931507;0.069707314109589;0.069873754109589;0.0700356436986301;0.0701917928767123;0.070342182739726;0.0704873436986301;0.0706250894520548;0.070755391369863;0.0708763732876712;0.0709886809589041;0.0710882597260274;0.0711877578082192;0.0712787679452055;0.0713608590410959;0.0714327532876712;0.0714958571232877;0.0715500819178082;0.071594511369863;0.0716290850684932;0.0716291442465753;0.0716176332876712;0.0715944717808219;0.0715594730136986;0.0715125783561644;0.0714540232876712;0.0713838552054794;0.0713016391780822;0.0712071493150685;0.0711007512328767;0.0709826839726027;0.0708527497260274;0.0707107915068493;0.0705569021917808;0.0703913795890411;0.0702141509589041;0.0700251646575343;0.0698245365753425;0.0696124116438356;0.0693889393150685;0.0691542021917808;0.0689081617808219;0.0686507453424657;0.0683818569863014;0.0681015773972603;0.067810347260274;0.0675084908219178;0.0671959720547945;0.0668727590410959;0.0665388561643836;0.0661943321917808;0.0658393436986301;0.0654741160273973;0.0650989434246575;0.0647138652054794;0.0643183419178082;0.0639121257534247;0.0634957697260274;0.0630697473972603;0.0626340969863014;0.0621888783561644;0.061734247260274;0.0612703846575342;0.0607974336986301;0.0603155424657534;0.0598248953424657;0.0593256279452055;0.0588178667123288;0.0583017004109589;0.0577772130136986;0.0572444926027397;0.0567036004109589;0.0561545987671233;0.0555975369863014;0.0550324830136986;0.0544595404109589;0.0538788930136986;0.0532908087671233;0.0526956801369863;0.0520939883561644;0.0514862721917808;0.0508731550684931;0.0502553117808219;0.0496335;0.0490085115068493;0.0483811493150685;0.0477522169863014;0.0471225493150685;0.0464930852054794;0.0458648628767123;0.0452389328767123;0.0446163438356164;0.0439981369863014;0.043385234109589;0.0427783589041096;0.0421780779452055;0.0415848401369863;0.0409990316438356;0.0404209257534247;0.039850695890411;0.0392884146575342;0.0387339647945205;0.0381870010958904;0.0376471760273973;0.0371145142465753;0.0365895832876712;0.0360733149315068;0.0355659969863014;0.035065904109589;0.0345687024657534;0.0340711549315069;0.0335729482191781;0.0330728865753425;0.0325625653424658;0.0320338860273973;0.0314880587671233;0.0309273035616438;0.0303562508219178;0.0297740510958904;0.0291883805479452
0.0704404871232877;0.0706104109589041;0.0707754760273973;0.0709357165753425;0.0710906691780822;0.0712394890410959;0.0713828438356165;0.0715205136986301;0.0716541224657534;0.0717708901369863;0.0718784368493151;0.0719762423287671;0.0720639279452055;0.0721410826027397;0.0722072475342466;0.0722621557534247;0.0723056417808219;0.0723374497260274;0.0723576969863014;0.0723637615068493;0.072349418630137;0.0723234326027397;0.0722857316438356;0.0722361087671233;0.0721745189041096;0.0721012910958904;0.0720165169863014;0.071919667260274;0.0718104706849315;0.0716894242465753;0.0715568523287671;0.0714124971232877;0.0712561898630137;0.0710880112328767;0.0709080604109589;0.070716195890411;0.0705123497260274;0.0702966590410959;0.0700693131506849;0.0698304836986302;0.069580268630137;0.0693186139726027;0.0690454106849315;0.0687605352054795;0.0684640763013699;0.0681566093150685;0.0678385382191781;0.0675098054794521;0.0671703543835616;0.0668201765753425;0.0664593264383562;0.0660880042465753;0.0657064805479452;0.0653151312328767;0.0649139984931507;0.0645023701369863;0.0640799097260274;0.0636473110958904;0.0632051624657534;0.062753494520548;0.0622923346575342;0.061821848630137;0.0613421901369863;0.0608534612328767;0.0603557278082192;0.059849091369863;0.0593336012328767;0.0588092963013699;0.0582761904109589;0.0577343109589041;0.0571837206849315;0.0566245306849315;0.0560569439726027;0.0554812617808219;0.0548979142465753;0.0543074254794521;0.053710402739726;0.0531075308219178;0.0524995698630137;0.0518873368493151;0.0512716578082192;0.0506533645205479;0.0500332430136986;0.0494120531506849;0.0487905769863014;0.0481697291780822;0.0475505335616438;0.0469340750684932;0.0463214502739726;0.0457137936986301;0.0451121442465753;0.0445173717808219;0.043930151369863;0.0433510063013699;0.0427803126027397;0.0422182990410959;0.0416649982191781;0.0411202383561644;0.0405837845205479;0.0400555701369863;0.0395357426027397;0.0390245854794521;0.0385223001369863;0.0380287264383562;0.0375431410958904;0.0370632538356164;0.0365847747945206;0.0361036535616438;0.0356189950684931;0.0351317610958904;0.0346358709589041;0.034118325890411;0.0335759201369863;0.0330170165753425;0.0324445095890411;0.0318589212328767;0.0312655319178082;0.0306723764383562;0.0300791795890411;0.0294835450684932
0.0714451698630137;0.0716121201369863;0.0717731735616438;0.0719278050684931;0.0720755298630137;0.0722159276712329;0.072348584109589;0.0724730228767123;0.0725887157534247;0.0726950676712329;0.0727914873972603;0.0728774765753425;0.0729527676712329;0.073017132739726;0.0730703138356164;0.0731121490410959;0.073142541369863;0.0731613901369863;0.0731686232876712;0.0731478873972603;0.0731197916438356;0.0730798558904109;0.0730280147945205;0.0729640312328767;0.0728878721917808;0.0727999802739726;0.0727004835616438;0.0725887250684931;0.0724643730136986;0.0723280536986301;0.072180182739726;0.0720204426027397;0.0718486276712329;0.0716649421917808;0.0714694876712329;0.0712620354794521;0.07104245;0.0708108826027397;0.0705675450684932;0.0703126349315068;0.070046271369863;0.0697683634246575;0.0694787719178082;0.0691773298630137;0.0688641367123288;0.0685398993150685;0.0682051161643836;0.0678597061643836;0.0675035847945205;0.0671367294520548;0.0667592102739726;0.0663712782191781;0.0659732623287671;0.0655656317808219;0.0651484109589041;0.0647206736986301;0.0642819571232877;0.0638330828767123;0.0633746995890411;0.0629067594520548;0.0624291731506849;0.0619420191780822;0.0614453552054795;0.0609391761643836;0.0604234754794521;0.0598983087671233;0.0593637323287671;0.0588198594520548;0.0582668764383562;0.0577050947945205;0.0571349819178082;0.0565571104109589;0.0559721810958904;0.0553809619178082;0.0547842898630137;0.0541830263013699;0.0535780564383562;0.0529702308219178;0.0523603720547945;0.0517492734246575;0.0511376523287671;0.0505262457534247;0.0499158990410959;0.0493075753424657;0.0487023293150685;0.0481012969863014;0.0475056768493151;0.0469166075342466;0.0463350923287671;0.0457619516438356;0.0451978054794521;0.0446430408219178;0.0440977846575343;0.0435619710958904;0.0430355424657534;0.0425185228767123;0.0420109849315068;0.0415130968493151;0.0410245642465753;0.040544617260274;0.0400723756164384;0.0396061560273973;0.0391428510958904;0.0386790824657534;0.0382117309589041;0.037738312739726;0.0372577634246575;0.0367670960273973;0.0362578024657534;0.035724635890411;0.0351718664383562;0.0346024747945206;0.034018594109589;0.0334248120547945;0.0328265516438356;0.0322273809589041;0.0316248639726027;0.0310227312328767;0.0304241738356164;0.0298211547945205
0.0725406278082192;0.0727068357534247;0.0728659665753425;0.0730176583561644;0.0731615494520548;0.0732972180821918;0.0734242041095891;0.0735419902739726;0.0736499494520548;0.0737474408219178;0.0738338768493151;0.0739088483561644;0.07397232;0.0740243247945205;0.0740647065753425;0.0740933297260274;0.074110111369863;0.07411498;0.0741078680821918;0.0740574706849315;0.0740140846575342;0.0739585842465753;0.0738909093150685;0.0738108471232877;0.0737183746575342;0.0736140490410959;0.0734980338356164;0.073369525890411;0.0732281224657534;0.0730746010958904;0.0729094712328767;0.0727323578082192;0.0725430010958904;0.0723416353424658;0.0721283809589041;0.0719029371232877;0.0716651316438356;0.0714151479452055;0.0711532283561644;0.0708796273972603;0.0705944895890411;0.0702977026027397;0.0699891161643836;0.069668512739726;0.0693360302739726;0.0689925389041096;0.0686386571232877;0.0682742919178082;0.0678993368493151;0.0675137736986301;0.0671176812328767;0.0667113363013699;0.06629511;0.0658695187671233;0.0654345057534247;0.0649888324657534;0.0645318045205479;0.0640642953424657;0.0635869697260274;0.0630996441095891;0.062602094109589;0.0620943746575342;0.0615765695890411;0.0610487745205479;0.0605111980821918;0.0599641991780822;0.0594082534246575;0.0588439652054795;0.0582720546575343;0.0576933568493151;0.0571088028767123;0.0565193331506849;0.0559259068493151;0.0553294243835616;0.0547307530136986;0.0541307204109589;0.0535300860273973;0.0529295557534247;0.0523298220547945;0.0517316450684931;0.0511358642465753;0.0505434660273973;0.0499555478082192;0.0493733426027397;0.0487980717808219;0.0482308531506849;0.047672637260274;0.047124121369863;0.0465856789041096;0.0460575078082192;0.0455397752054795;0.045032598630137;0.0445361465753425;0.0440504746575342;0.043574915890411;0.0431084097260274;0.0426496006849315;0.042196695890411;0.041747075479452;0.0412974535616438;0.0408446124657534;0.0403857461643836;0.0399185565753425;0.0394423710958904;0.0389554442465753;0.0384520763013699;0.0379284724657534;0.0373869365753425;0.0368240087671233;0.0362437632876712;0.0356536009589041;0.0350545976712329;0.0344481734246575;0.0338391157534247;0.0332285916438356;0.0326141687671233;0.0319955075342466;0.0313739493150685;0.0307494032876712;0.0301219312328767
0.073707248630137;0.0738692726027397;0.0740238280821918;0.0741703934246575;0.0743084382191781;0.0744375094520548;0.0745571428767123;0.0746668147945205;0.0747658697260274;0.0748536771232877;0.0749297369863014;0.0749938280821918;0.0750461167123288;0.0750866816438356;0.0751153752054795;0.0751320628767123;0.075136668630137;0.0751291391780822;0.075109414109589;0.0750316804109589;0.07497354;0.0749029198630137;0.0748198067123288;0.0747239052054795;0.0746152030136986;0.0744943828767123;0.0743616634246575;0.0742160719178082;0.0740571508219178;0.0738858452054794;0.0737027780821918;0.0735074919178082;0.0732996615068493;0.0730795819178082;0.0728473850684931;0.0726027152054795;0.07234537;0.0720755838356164;0.0717937061643836;0.0715000605479452;0.0711948452054794;0.070877942739726;0.0705491783561644;0.0702083167123288;0.0698555234246575;0.0694918602739726;0.0691180720547945;0.0687340298630137;0.0683395806849315;0.0679346302739726;0.0675191919178082;0.0670934979452055;0.0666578684931507;0.066212792739726;0.0657580694520548;0.0652920635616438;0.064813831369863;0.064324377260274;0.0638245302739726;0.0633141775342466;0.0627933012328767;0.0622622864383562;0.0617216635616438;0.0611720165753425;0.0606140949315069;0.0600488239726027;0.0594772063013699;0.0589002665753425;0.0583190173972603;0.0577344449315068;0.0571475153424658;0.0565591134246575;0.055970077260274;0.0553811628767123;0.0547930624657534;0.0542064189041096;0.0536218745205479;0.0530401453424657;0.0524621053424657;0.0518888091780822;0.0513214324657534;0.0507612267123288;0.050209397260274;0.0496669571232877;0.0491346265753425;0.0486129750684932;0.0481025010958904;0.0476035482191781;0.0471164723287671;0.0466413015068493;0.0461773150684932;0.0457232936986301;0.0452772773972603;0.0448370457534247;0.0444004323287671;0.0439646206849315;0.0435261257534247;0.043081757260274;0.0426286673972603;0.0421657353424657;0.0416930889041096;0.0412099123287671;0.0407123531506849;0.0401969530136986;0.0396634298630137;0.0391101961643836;0.0385371093150685;0.0379498890410959;0.0373520693150685;0.0367453819178082;0.0361294520547945;0.0355050597260274;0.0348738783561644;0.034236811369863;0.0335963145205479;0.0329521889041096;0.0323062039726027;0.0316542546575342;0.0309995520547945;0.0303506117808219
0.0749546136986301;0.07511102;0.0752589715068493;0.0753979445205479;0.0755274128767123;0.0756469519178082;0.0757561428767123;0.0758545057534247;0.0759414506849315;0.0760164783561644;0.0760792530136986;0.0761296354794521;0.0761678524657534;0.0761940476712329;0.0762080834246575;0.0762098404109589;0.0761992579452055;0.0761762853424657;0.0761408767123288;0.0760325080821918;0.0759594630136986;0.0758738909589041;0.0757757046575343;0.0756645342465753;0.0755403428767123;0.0754039116438356;0.0752554953424658;0.0750939234246575;0.0749186330136986;0.0747307284931507;0.0745309264383562;0.0743186563013699;0.0740935282191781;0.073855514109589;0.0736046810958904;0.0733408550684932;0.0730638953424657;0.0727741853424658;0.0724721902739726;0.0721583331506849;0.0718328865753425;0.0714957279452055;0.0711466715068493;0.0707854282191781;0.0704121856164384;0.0700281576712329;0.0696341517808219;0.0692299184931507;0.0688151435616439;0.0683895990410959;0.0679531705479452;0.0675060053424658;0.0670483753424658;0.0665807895890411;0.0661030315068493;0.0656132939726027;0.0651106954794521;0.0645967667123288;0.0640729253424658;0.0635395173972603;0.0629970223287671;0.0624464104109589;0.0618887706849315;0.0613251680821918;0.060756708630137;0.06018457;0.0596098310958904;0.05903349;0.0584564569863014;0.0578795763013699;0.0573036057534246;0.0567291894520548;0.0561569012328767;0.0555873028767123;0.0550210236986301;0.0544588201369863;0.0539016538356164;0.0533506279452055;0.0528069408219178;0.0522717535616438;0.0517460480821918;0.0512307545205479;0.0507267802739726;0.0502348778082192;0.0497556504109589;0.0492892876712329;0.0488352150684931;0.048392138630137;0.0479578991780822;0.0475298998630137;0.0471058208219178;0.0466833521917808;0.0462593360273973;0.0458300980821918;0.0453926709589041;0.0449456317808219;0.0444883882191781;0.0440203035616438;0.0435414428767123;0.0430490573972603;0.0425397897260274;0.0420117289041096;0.0414648365753425;0.0408995023287671;0.0403190371232877;0.0397241143835616;0.0391161883561644;0.0384951928767123;0.0378603093150685;0.0372120476712329;0.036556402739726;0.035896121369863;0.0352339863013699;0.0345663090410959;0.0338927473972603;0.0332143391780822;0.0325355080821918;0.0318670904109589;0.0312290665753425;0.0306254268493151
0.0762795989041096;0.076428804520548;0.0765685479452055;0.0766983242465753;0.0768176431506849;0.0769261365753425;0.0770234694520548;0.0771092552054794;0.0771830221917808;0.0772444095890411;0.0772931083561644;0.0773289964383562;0.0773523789041096;0.0773634671232877;0.0773621239726027;0.077348222739726;0.0773217261643836;0.0772825890410959;0.0772307779452055;0.0770889075342466;0.0769987675342466;0.076895872739726;0.0767801321917808;0.0766510949315068;0.0765087197260274;0.0763539365753425;0.076187028630137;0.0760066343835616;0.075812084109589;0.0756046678082192;0.0753852364383562;0.0751531376712329;0.0749079405479452;0.0746500591780822;0.0743797165753425;0.0740964782191781;0.0738001079452055;0.0734909843835616;0.0731695906849315;0.072836414109589;0.0724917345205479;0.0721353679452055;0.0717670046575342;0.0713862067123288;0.0709930687671233;0.0705888656164384;0.0701744109589041;0.0697492657534246;0.0693129571232877;0.0688649415068493;0.0684050983561644;0.0679337889041096;0.0674515752054794;0.0669594097260274;0.0664574765753425;0.0659441375342466;0.0654188891780822;0.0648840489041096;0.0643417797260274;0.0637929243835616;0.0632383604109589;0.0626793954794521;0.062117311369863;0.0615532243835616;0.0609882115068493;0.0604233289041096;0.0598594754794521;0.0592973805479452;0.0587376104109589;0.0581806689041096;0.0576270669863014;0.0570773347945205;0.0565321671232877;0.0559924182191781;0.0554590860273973;0.0549332293150685;0.0544158521917808;0.0539079679452055;0.0534108467123288;0.0529256691780822;0.0524533089041096;0.0519943654794521;0.0515486635616438;0.0511149950684931;0.0506913079452055;0.0502748623287671;0.049863017260274;0.0494534312328767;0.0490434936986301;0.0486298632876712;0.0482093960273973;0.0477799065753425;0.0473398115068493;0.0468885391780822;0.0464272465753425;0.0459539710958904;0.0454657939726027;0.0449605953424658;0.0444370673972603;0.0438944565753425;0.0433354821917808;0.04275946;0.0421680484931507;0.0415612546575342;0.0409360402739726;0.0402910890410959;0.0396323935616438;0.0389623391780822;0.0382841531506849;0.0376003649315069;0.0369117484931507;0.0362156460273973;0.0355132067123288;0.0348092365753425;0.034108215890411;0.0334304017808219;0.0327913035616438;0.0321936887671233;0.0316222484931507;0.0310629080821918
0.0776788180821918;0.0778192461643836;0.0779492412328767;0.0780683401369863;0.0781760975342466;0.0782722438356165;0.0783565393150685;0.0784287442465754;0.0784885119178082;0.0785354871232877;0.0785693461643836;0.0785899946575343;0.0785978126027397;0.0785930608219178;0.0785756168493151;0.078545354109589;0.0785022375342466;0.0784462315068493;0.0783772969863014;0.0782003917808219;0.0780923108219178;0.0779712068493151;0.0778369604109589;0.0776890543835616;0.0775274520547945;0.0773532320547945;0.0771667279452055;0.0769663797260274;0.076751427260274;0.0765233994520548;0.0762833090410959;0.0760304412328767;0.0757643235616439;0.0754854768493151;0.0751941967123288;0.0748899795890411;0.0745725671232877;0.0742423678082192;0.0738998839726027;0.0735455945205479;0.0731797180821918;0.0728019105479452;0.072411687260274;0.0720084083561644;0.0715920550684931;0.0711640231506849;0.0707252215068493;0.0702751864383562;0.0698135442465753;0.0693401569863014;0.0688552465753425;0.0683595795890411;0.067854285890411;0.0673409483561644;0.0668202771232877;0.066290837260274;0.0657524116438356;0.0652079746575343;0.064660131369863;0.0641098375342466;0.0635579835616438;0.063005832739726;0.0624545383561644;0.0619049730136986;0.0613578565753425;0.0608138257534247;0.060273404109589;0.0597370154794521;0.0592051205479452;0.0586783309589041;0.0581574038356164;0.0576431861643836;0.0571365291780822;0.056638275890411;0.0561497110958904;0.0556723176712329;0.0552071783561644;0.0547552784931507;0.0543171369863014;0.0538919095890411;0.0534777887671233;0.0530723069863014;0.0526725816438356;0.0522760626027397;0.0518799982191781;0.0514819515068493;0.0510794343835616;0.0506692056164384;0.0502479835616438;0.0498154602739726;0.0493724583561644;0.0489184165753425;0.0484508565753425;0.0479675826027397;0.0474670028767123;0.0469469290410959;0.0464088964383562;0.0458535065753425;0.0452804320547945;0.0446916194520548;0.0440854661643836;0.0434569765753425;0.0428075326027397;0.0421397234246575;0.0414592595890411;0.0407689463013699;0.0400673691780822;0.0393546004109589;0.0386329689041096;0.0379082631506849;0.0371793350684931;0.0364482297260274;0.0357333712328767;0.0350488476712329;0.03440721;0.0338013738356164;0.0332037938356164;0.0326043253424658;0.0319781167123288;0.0313059839726027
0.0791491160273973;0.0792793060273973;0.079398141369863;0.0795052284931507;0.0796001882191781;0.0796828606849315;0.0797531720547945;0.0798110064383562;0.0798560206849315;0.0798878483561644;0.0799061510958904;0.0799108530136986;0.0799023952054795;0.0798811190410959;0.0798468852054795;0.0797995509589041;0.0797390761643836;0.0796654121917808;0.0795785160273973;0.0793647104109589;0.0792376808219178;0.0790972990410959;0.078943445890411;0.0787755460273973;0.0785935806849315;0.0783988101369863;0.0781916547945205;0.0779703628767123;0.0777340987671233;0.0774846428767123;0.0772231952054794;0.0769489569863014;0.0766614045205479;0.076361132739726;0.0760484487671233;0.0757227167123288;0.0753835334246575;0.0750312579452055;0.0746663502739726;0.0742892230136986;0.0738999924657534;0.0734981775342466;0.0730831494520548;0.0726541845205479;0.0722113754794521;0.071756542739726;0.0712910708219178;0.0708148679452055;0.0703279767123288;0.0698307665753425;0.0693240017808219;0.0688090716438356;0.0682877306849315;0.0677621869863014;0.0672335220547945;0.0667001931506849;0.0661619468493151;0.0656220505479452;0.0650832252054794;0.06454621;0.0640115436986301;0.0634800828767123;0.0629525102739726;0.0624292494520548;0.0619106926027397;0.061397391369863;0.0608899539726027;0.0603890169863014;0.059895215890411;0.0594090973972603;0.0589315873972603;0.0584642219178082;0.0580082549315068;0.0575646398630137;0.0571345736986301;0.0567180169863014;0.0563135221917808;0.0559190589041096;0.0555318893150685;0.0551491636986301;0.0547680682191781;0.0543858575342466;0.0540015876712329;0.0536121410958904;0.0532127880821918;0.0528016393150685;0.0523792671232877;0.0519451297260274;0.0514986995890411;0.0510380008219178;0.0505613704109589;0.0500654728767123;0.0495502079452055;0.0490162010958904;0.0484634224657534;0.0478930612328767;0.0473085424657534;0.0467000456164384;0.0460672654794521;0.0454166145205479;0.0447458757534247;0.0440565547945205;0.0433547893150685;0.0426389516438356;0.0419059354794521;0.0411601568493151;0.0404120198630137;0.0396540756164383;0.0388933184931507;0.0381460080821918;0.0374196647945206;0.0367205910958904;0.036066168630137;0.0354364494520548;0.0347987661643836;0.0341454857534247;0.0334531552054795;0.0327068291780822;0.0319098891780822;0.0310532846575342
0.0806876306849315;0.0808062247945206;0.0809126465753425;0.0810065482191781;0.081087652739726;0.0811559632876712;0.0812115321917808;0.0812542831506849;0.0812838505479452;0.0812998510958904;0.0813019291780822;0.0812899980821918;0.0812645793150685;0.0812260536986301;0.081174252739726;0.0811090105479452;0.0810302708219178;0.0809379905479452;0.0808321112328767;0.0805792268493151;0.0804321135616439;0.0802713180821918;0.0800967593150685;0.079907821369863;0.0797045232876712;0.0794883371232877;0.0792597775342466;0.0790168767123288;0.0787587009589041;0.0784872938356165;0.0782039952054795;0.0779078745205479;0.0775982647945205;0.0772757426027397;0.0769405452054794;0.0765918212328767;0.0762289919178082;0.0758523545205479;0.0754623378082192;0.0750593747945205;0.0746436502739726;0.0742147609589041;0.0737722710958904;0.0733157287671233;0.0728457032876712;0.0723647449315069;0.0718749535616438;0.0713767198630137;0.0708706132876712;0.0703575243835616;0.0698387164383562;0.0693160446575343;0.0687916297260274;0.0682679679452055;0.0677461297260274;0.0672241084931507;0.0667012220547945;0.0661806242465753;0.0656648016438356;0.065153904109589;0.0646479193150685;0.064147381369863;0.0636528812328767;0.0631648931506849;0.062683964109589;0.0622106361643836;0.0617454004109589;0.0612893721917808;0.0608440179452055;0.0604101275342466;0.0599888323287671;0.0595811612328767;0.0591863742465753;0.0588027131506849;0.0584281157534247;0.0580595576712329;0.0576941654794521;0.0573290212328767;0.0569624982191781;0.0565935509589041;0.0562174934246575;0.055830832739726;0.0554322973972603;0.055020685890411;0.0545960543835616;0.054158325890411;0.0537064995890411;0.0532368497260274;0.0527460561643836;0.0522376184931507;0.0517077809589041;0.0511570389041096;0.050592211369863;0.050008542739726;0.0494012261643836;0.0487673619178082;0.0481109301369863;0.0474384939726027;0.04674773;0.0460366495890411;0.0453059626027397;0.0445561736986301;0.0437911606849315;0.0430191456164384;0.0422351265753425;0.0414442679452055;0.0406637105479452;0.0398972004109589;0.0391493867123288;0.0384313093150685;0.0377544563013699;0.0370874409589041;0.0363963104109589;0.0356775469863014;0.0349149916438356;0.0340949501369863;0.0332200075342466;0.0322942931506849;0.0313121071232877;0.0302959876712329
0.0822917879452055;0.0823976115068493;0.0824905102739726;0.0825702445205479;0.0826366732876712;0.0826899182191781;0.0827300780821918;0.0827570828767123;0.0827705546575342;0.0827700626027397;0.0827552073972603;0.0827258850684932;0.0826826839726027;0.0826260165753425;0.0825556934246575;0.0824715302739726;0.0823734647945205;0.0822614568493151;0.0821354647945205;0.08184126;0.0816730176712329;0.0814908783561644;0.0812947706849315;0.0810840504109589;0.0808587667123288;0.0806205891780822;0.0803701142465753;0.0801050889041096;0.0798244356164384;0.0795303641095891;0.0792243095890411;0.0789050989041096;0.0785718706849315;0.0782251502739726;0.0778651005479452;0.0774906821917808;0.0771012389041096;0.0766971642465753;0.0762791230136986;0.0758479228767123;0.0754041531506849;0.0749478275342466;0.0744789436986301;0.0739975160273973;0.0735046971232877;0.0730038906849315;0.0724979289041096;0.0719876871232877;0.0714741071232877;0.0709583316438356;0.0704417905479452;0.0699264238356164;0.0694143635616438;0.0689079909589041;0.0684079387671233;0.0679112843835616;0.0674165421917808;0.0669266130136986;0.0664438393150685;0.0659681628767123;0.0654995576712329;0.0650386245205479;0.0645857675342466;0.0641413901369863;0.06370681;0.0632834061643836;0.0628717512328767;0.0624731521917808;0.0620881836986301;0.0617155257534247;0.0613532446575343;0.0609992428767123;0.0606500239726027;0.0603029769863014;0.0599558687671233;0.0596071083561644;0.0592540135616438;0.0588932743835616;0.0585220735616438;0.0581374939726027;0.0577379219178082;0.057324038630137;0.0568973504109589;0.0564557443835616;0.0559936935616438;0.0555101402739726;0.055010015479452;0.0544852312328767;0.053938912739726;0.0533787739726027;0.0527976126027397;0.0521918312328767;0.051560664520548;0.0509029963013699;0.0502249923287671;0.0495314193150685;0.0488168712328767;0.048074768630137;0.0473105156164383;0.0465300889041096;0.0457341293150685;0.0449253616438356;0.0441111205479452;0.043295604109589;0.0424888010958904;0.0416982301369863;0.040922117260274;0.0401780549315069;0.03947379;0.0387493784931507;0.037998932739726;0.0372128897260274;0.0363721932876712;0.0354792657534247;0.0345344064383562;0.0335311015068493;0.0324818615068493;0.0314088761643836;0.0303232735616438;0.029234031369863
0.0839594069863014;0.0840514309589041;0.0841299171232877;0.0841947328767123;0.0842458210958904;0.0842833538356164;0.0843074450684932;0.0843180310958904;0.0843146849315068;0.0842969197260274;0.084264274109589;0.0842166249315069;0.0841546391780822;0.0840787775342466;0.0839888309589041;0.0838846164383562;0.0837660975342466;0.0836332646575343;0.083486115479452;0.0831487998630137;0.0829586952054795;0.0827545608219178;0.0825363335616438;0.0823033106849315;0.082055501369863;0.0817947535616438;0.0815216390410959;0.0812335454794521;0.0809291409589041;0.0806108071232877;0.0802800278082192;0.0799353868493151;0.0795758575342466;0.0792020247945205;0.078814144520548;0.0784112683561644;0.0779929443835616;0.0775600546575343;0.0771138064383562;0.0766555704109589;0.0761865639726028;0.0757073178082192;0.0752183582191781;0.0747202041095891;0.0742145995890411;0.0737056771232877;0.073196805890411;0.072688975890411;0.0721830995890411;0.0716802161643836;0.0711814873972603;0.0706884738356164;0.0702028894520548;0.0697266612328767;0.0692597961643836;0.0687985215068493;0.0683408973972603;0.0678901315068493;0.0674487247945205;0.0670162309589041;0.0665925317808219;0.0661792315068493;0.065777572739726;0.0653878916438356;0.0650115732876713;0.0646490752054795;0.0642987847945205;0.0639585816438356;0.0636261457534247;0.0632975104109589;0.0629707894520548;0.062644271369863;0.0623146743835616;0.0619792004109589;0.0616368636986301;0.0612831461643836;0.0609144904109589;0.0605288765753424;0.0601278294520548;0.0597145831506849;0.0592842561643836;0.058831847260274;0.0583587502739726;0.0578672034246575;0.0573502846575343;0.0568110178082192;0.0562548632876712;0.0556796817808219;0.0550768475342466;0.0544483450684931;0.0537943042465753;0.0531161563013699;0.0524163490410959;0.0516977021917808;0.0509485763013699;0.0501734291780822;0.0493799809589041;0.0485659226027397;0.0477334610958904;0.0468952435616438;0.0460502997260274;0.045203788630137;0.0443723378082192;0.0435470217808219;0.0427410316438356;0.0419697910958904;0.0412123735616438;0.0404337004109589;0.0396165026027397;0.038756062739726;0.0378459019178082;0.0368770656164384;0.0358534236986301;0.0347872973972603;0.0336850739726027;0.0325521401369863;0.0314116080821918;0.0302516893150685;0.0290780082191781;0.0279107147945205
0.0856887356164383;0.0857661398630137;0.0858294979452055;0.0858787391780822;0.0859138257534247;0.0859349453424657;0.085942215890411;0.0859355705479452;0.085914522739726;0.0858785249315069;0.0858270560273973;0.0857600064383562;0.0856781249315069;0.0855819364383562;0.0854712752054795;0.0853459716438356;0.0852060365753425;0.0850515173972603;0.0848824471232877;0.084500782739726;0.0842882875342466;0.0840616291780822;0.083820705479452;0.0835646397260274;0.0832933557534247;0.0830087921917808;0.0827114667123288;0.0823983616438356;0.0820678931506849;0.0817226558904109;0.0813642901369863;0.0809913157534247;0.0806027682191781;0.0801996209589041;0.0797825691780822;0.0793510330136986;0.0789049963013699;0.0784459716438356;0.0779758565753425;0.0774967295890411;0.0770104623287671;0.0765181345205479;0.0760207190410959;0.0755190067123288;0.0750149635616438;0.0745131036986301;0.074016951369863;0.0735271776712329;0.0730441973972603;0.0725684716438356;0.0721005287671233;0.0716413605479452;0.0711923138356164;0.0707551982191781;0.0703299246575343;0.0699120947945206;0.0694990567123288;0.0690942390410959;0.0687014835616438;0.0683212220547945;0.0679530890410959;0.0675986398630137;0.0672584343835616;0.0669305601369863;0.066612665479452;0.0663024675342466;0.065995898630137;0.0656916350684932;0.0653879224657534;0.0650794630136986;0.0647644324657534;0.0644431879452055;0.06410957;0.0637596182191781;0.0633907690410959;0.0630053484931507;0.0626072930136986;0.0621899864383562;0.0617504693150685;0.0612909636986301;0.0608093235616438;0.0603029989041096;0.0597731305479452;0.0592236046575342;0.0586549030136986;0.0580593730136986;0.0574351949315068;0.0567852354794521;0.0561112867123288;0.0554122775342466;0.054686755890411;0.0539328145205479;0.0531505061643836;0.0523442738356164;0.0515156878082192;0.0506691738356164;0.0498058457534247;0.0489318267123288;0.0480535717808219;0.0471784061643836;0.0463099854794521;0.0454519101369863;0.0446143608219178;0.0437982194520548;0.042986104109589;0.0421434732876712;0.0412583978082192;0.0403310819178082;0.039343224109589;0.0382968445205479;0.0372063328767123;0.0360843193150685;0.0349270142465753;0.0337415490410959;0.0325234612328767;0.0312907230136986;0.0300578380821918;0.0288098289041096;0.0275410704109589;0.0262562242465753
0.0874783917808219;0.0875404687671233;0.087588018630137;0.0876209663013699;0.0876392697260274;0.0876431275342466;0.0876326647945205;0.0876078117808219;0.0875680217808219;0.0875127121917808;0.0874413304109589;0.0873537843835616;0.087250951369863;0.0871334717808219;0.0870012091780822;0.086854017260274;0.0866919732876712;0.086515158630137;0.0863236287671233;0.0858965132876712;0.0856609256164384;0.0854108419178082;0.0851460390410959;0.0848654269863014;0.0845687983561644;0.084258191369863;0.0839341038356164;0.0835932052054795;0.0832337953424657;0.0828589338356164;0.0824707342465753;0.0820679667123288;0.0816500245205479;0.0812184761643835;0.0807746423287671;0.0803184523287671;0.079850455890411;0.0793728812328767;0.0788883469863014;0.0783996065753425;0.0779089971232877;0.0774177898630137;0.0769269946575342;0.0764373205479452;0.0759505316438356;0.0754710460273973;0.075002072739726;0.0745436065753425;0.0740952843835617;0.0736569761643836;0.0732288495890411;0.07281184;0.0724071867123288;0.0720163480821918;0.0716389090410959;0.0712709668493151;0.0709108467123288;0.0705621104109589;0.07022859;0.0699103208219178;0.0696048416438356;0.0693096987671233;0.0690226264383562;0.0687396261643836;0.0684591867123288;0.068179807260274;0.0678951190410959;0.0676033906849315;0.0673056258904109;0.0669955132876712;0.0666676393150685;0.0663193995890411;0.065952975890411;0.0655720995890411;0.0651703775342466;0.0647470405479452;0.0643042419178082;0.063835725890411;0.0633420106849315;0.0628244347945205;0.0622854446575342;0.0617244582191781;0.0611380395890411;0.0605234853424657;0.0598795023287671;0.0592101487671233;0.0585172808219178;0.0577923854794521;0.0570338320547945;0.0562463605479452;0.0554316708219178;0.0545900579452055;0.0537296384931507;0.0528503316438356;0.0519522016438356;0.0510432167123288;0.0501279875342466;0.0492177405479452;0.0483150856164384;0.0474189642465753;0.0465414717808219;0.045673308630137;0.0447987802739726;0.0438943878082192;0.0429440183561644;0.0419413732876712;0.0408783375342466;0.0397650747945205;0.0386133016438356;0.0374328865753425;0.0362215968493151;0.0349667460273973;0.0336732583561644;0.0323783176712329;0.0310720698630137;0.0297325893150685;0.0283706867123288;0.0270009391780822;0.0256213657534247;0.0242083131506849
0.0893271039726027;0.0893731161643836;0.0894040557534247;0.0894198489041096;0.0894204276712329;0.0894060334246575;0.0893767953424658;0.0893326678082192;0.0892730689041096;0.0891974087671233;0.0891051216438356;0.0889961667123288;0.0888715539726027;0.0887320502739726;0.0885775434246575;0.0884078967123288;0.0882232031506849;0.0880235312328767;0.0878088820547945;0.0873343883561644;0.087074322739726;0.0867990931506849;0.0865083165753424;0.0862007117808219;0.085876022739726;0.085536535890411;0.0851829591780822;0.0848118916438356;0.0844218480821918;0.0840166494520548;0.0835991349315068;0.0831684675342466;0.0827246026027397;0.0822698504109589;0.0818062539726028;0.0813342834246575;0.0808550619178082;0.0803713861643836;0.0798862750684931;0.0794027746575342;0.0789233168493151;0.0784489609589041;0.0779802680821918;0.0775173379452055;0.0770613876712329;0.0766164526027397;0.076185287260274;0.0757673836986301;0.0753620863013699;0.0749689509589041;0.0745876598630137;0.0742186471232877;0.0738638843835616;0.0735266328767123;0.073206571369863;0.072898607260274;0.0726008102739726;0.0723156749315069;0.0720432116438356;0.0717799604109589;0.0715218449315069;0.0712667530136986;0.0710134302739726;0.0707552809589041;0.0704893842465753;0.0702169415068493;0.0699336246575342;0.0696318252054794;0.0693084715068493;0.0689651095890411;0.0686046868493151;0.0682217446575342;0.0678175105479452;0.0673945901369863;0.0669439609589041;0.0664651946575343;0.0659630632876712;0.0654379675342466;0.0648887554794521;0.0643124526027397;0.0637103593150685;0.0630782238356164;0.0624159063013699;0.061729272739726;0.0610122293150685;0.0602570223287671;0.059466882739726;0.0586450231506849;0.0577972623287671;0.0569243963013699;0.0560286456164383;0.0551131567123288;0.0541826194520548;0.0532318509589041;0.0522789935616438;0.0513349060273973;0.0503923743835616;0.0494544960273973;0.0485290312328767;0.0476011971232877;0.046667385479452;0.0457004598630137;0.04467948;0.0436033357534247;0.0424737864383562;0.0412983480821918;0.0400880024657534;0.03884738;0.0375664428767123;0.0362368675342466;0.0348865178082192;0.0335199905479452;0.0321253704109589;0.030695915890411;0.0292445302739726;0.0277880639726027;0.0263237776712329;0.0248203778082192;0.0232721728767123;0.0217090017808219
0.0912334905479452;0.0912625554794521;0.091275948630137;0.0912735819178082;0.0912554160273973;0.0912217089041096;0.0911726673972603;0.0911082717808219;0.0910279409589041;0.0909310716438356;0.0908171109589041;0.09068606;0.0905390643835616;0.0903769808219178;0.0901996734246575;0.0900069605479452;0.0897988580821918;0.0895753576712329;0.0893363536986301;0.0888110143835616;0.0885241978082192;0.0882212205479452;0.0879016921917808;0.0875642998630137;0.0872089956164383;0.0868386539726027;0.0864544935616438;0.0860532430136986;0.0856338387671233;0.0852010667123288;0.0847586779452055;0.0843063649315068;0.08384466;0.0833766875342466;0.0829051109589041;0.0824306694520548;0.0819546849315069;0.0814801542465754;0.0810101319178082;0.0805474526027397;0.0800941583561644;0.0796506908219178;0.0792168352054794;0.0787918280821918;0.0783763783561644;0.0779745221917808;0.077588955890411;0.0772186621917808;0.07686221;0.0765190402739726;0.0761904234246575;0.07587795;0.0755827797260274;0.075308251369863;0.0750535731506849;0.0748096395890411;0.0745696679452055;0.0743352246575343;0.0741065498630137;0.0738807689041096;0.0736516897260274;0.0734150164383562;0.0731704783561644;0.0729163561643836;0.0726448457534247;0.0723503809589041;0.0720343267123288;0.071698911369863;0.0713389564383562;0.0709564210958904;0.0705563424657534;0.070129288630137;0.06966954;0.0691854005479452;0.0686781298630137;0.0681447142465753;0.0675823798630137;0.0669933230136986;0.0663772636986301;0.0657289410958904;0.0650502478082192;0.0643428884931507;0.0635982212328767;0.0628147368493151;0.0619905119178082;0.0611367828767123;0.0602589983561644;0.0593526020547945;0.0584184950684931;0.0574696921917808;0.0564978238356164;0.0555057908219178;0.0545191997260274;0.0535361932876712;0.0525493921917808;0.0515649963013699;0.0505849389041096;0.0495996495890411;0.0486036464383562;0.0475693510958904;0.0464799591780822;0.0453381350684932;0.0441455964383562;0.0429096647945205;0.0416423426027397;0.0403317950684932;0.0389713005479452;0.0375777349315069;0.0361695473972603;0.0347201521917808;0.0332351117808219;0.0317168880821918;0.0301785791780822;0.0286334424657534;0.0270838468493151;0.0254899876712329;0.0238526495890411;0.0222008593150685;0.0205384031506849;0.0188756002739726
0.0931958856164384;0.0932070190410959;0.0932018426027397;0.0931803023287671;0.0931423868493151;0.0930884158904109;0.0930186806849315;0.0929331987671233;0.0928314198630137;0.0927127190410959;0.0925765150684932;0.0924228202739726;0.0922528623287671;0.0920675239726027;0.0918665694520548;0.0916497035616438;0.0914168302739726;0.0911678076712329;0.0909023805479452;0.09032109;0.0900047179452055;0.0896713065753425;0.0893207345205479;0.0889519690410959;0.0885654336986301;0.0881647976712329;0.0877519993150685;0.0873241115068493;0.0868806217808219;0.0864273824657534;0.0859691150684931;0.0855060312328767;0.0850390291780822;0.0845717131506849;0.0841070132876712;0.0836455838356164;0.0831884575342466;0.0827383417808219;0.0822978808219178;0.0818693805479452;0.0814541494520548;0.0810518898630137;0.0806618290410959;0.0802827323287671;0.0799149476712329;0.0795622602739726;0.0792269294520548;0.0789086320547945;0.078607852739726;0.0783238675342466;0.0780569431506849;0.077809071369863;0.0775797138356164;0.0773672393150685;0.0771682652054795;0.0769734942465753;0.0767756098630137;0.0765750865753425;0.0763704056164384;0.0761577257534247;0.0759345691780822;0.0756974856164384;0.075437217260274;0.0751529608219178;0.074847211369863;0.0745155608219178;0.0741575824657534;0.0737823323287671;0.0733837701369863;0.0729500487671233;0.0724865924657534;0.0720010156164384;0.0714879653424658;0.0709440838356164;0.070371362739726;0.0697718090410959;0.0691434931506849;0.0684801880821918;0.0677841697260274;0.0670530642465754;0.0662834331506849;0.065468865479452;0.0646134268493151;0.0637316819178082;0.0628224969863014;0.0618792579452055;0.0609114168493151;0.0599225716438356;0.0589057383561644;0.0578777567123288;0.0568552924657534;0.055829598630137;0.0547934190410959;0.0537590810958904;0.0527258079452055;0.0516798856164384;0.0506164657534247;0.049516644109589;0.0483636050684932;0.0471610430136986;0.0459065712328767;0.0446125876712329;0.0432805663013699;0.0418945634246575;0.0404599620547945;0.0390039873972603;0.037526407260274;0.0359916717808219;0.0344187376712329;0.0328123704109589;0.0311877117808219;0.0295540769863014;0.027916701369863;0.0262328934246575;0.0245033535616438;0.022761301369863;0.0210072020547945;0.0192527556164384;0.0174965208219178;0.015734837260274
0.0952126024657534;0.0952048078082192;0.0951801117808219;0.0951384828767123;0.0950799571232877;0.0950049443835616;0.0949138349315068;0.0948066864383562;0.0946829131506849;0.09454184;0.0943828005479452;0.0942057282191781;0.0940118883561644;0.0938021167123288;0.0935760528767123;0.0933332263013699;0.093073394520548;0.0927963298630137;0.0925017394520548;0.0918591531506849;0.0915111717808219;0.0911460634246575;0.0907642316438356;0.090365114109589;0.0899498520547945;0.0895230935616438;0.0890876336986301;0.0886409258904109;0.0881830604109589;0.0877208664383562;0.0872597668493151;0.0868001447945205;0.086342951369863;0.0858918061643836;0.0854494315068493;0.0850159224657534;0.0845916487671233;0.0841786487671233;0.0837789130136986;0.0833942154794521;0.083025464109589;0.0826718584931507;0.0823320842465753;0.0820040223287671;0.0816876123287671;0.0813886202739726;0.0811113030136986;0.0808541653424658;0.0806171378082192;0.0803996019178082;0.0801980660273972;0.0800096650684932;0.0798340683561644;0.079669994109589;0.0795118245205479;0.0793480780821918;0.0791704730136986;0.0789793509589041;0.0787777564383562;0.0785577946575343;0.0783108906849315;0.0780401394520548;0.0777433987671233;0.077415784520548;0.0770662243835616;0.0766981694520548;0.0762979782191781;0.0758612246575342;0.0753990987671233;0.074912611369863;0.0743919160273973;0.073840074109589;0.0732598824657534;0.072651824520548;0.0720126345205479;0.0713347431506849;0.0706194936986301;0.0698672116438356;0.0690711015068493;0.0682263075342466;0.0673455024657534;0.0664359916438356;0.0654918384931507;0.0645148589041096;0.0635116417808219;0.0624786575342466;0.061419254109589;0.0603556757534247;0.0592955880821918;0.0582214128767123;0.057134578630137;0.0560510109589041;0.0549636732876712;0.0538514101369863;0.052720121369863;0.051558317260274;0.0503470412328767;0.0490842142465754;0.0477693179452055;0.0464151631506849;0.0450115394520548;0.0435522017808219;0.0420495304109589;0.0405262620547945;0.0389673316438356;0.0373507664383562;0.0356919684931507;0.0339979406849315;0.0322874628767123;0.0305663239726027;0.0288372668493151;0.0270624746575342;0.0252399494520548;0.0234039445205479;0.0215582057534247;0.0197095752054795;0.0178565020547945;0.0159981302739726;0.0141333498630137;0.0122660284931507
0.0972820997260274;0.0972545082191781;0.0972094623287671;0.0971469975342466;0.0970672108219178;0.0969705936986301;0.0968575798630137;0.0967282252054795;0.0965818545205479;0.0964176509589041;0.0962348028767123;0.096033132739726;0.0958138621917808;0.0955777650684931;0.0953243180821918;0.0950529456164384;0.0947634131506849;0.094455558630137;0.0941293536986301;0.0934225828767123;0.0930430520547945;0.0926476534246575;0.0922374912328767;0.0918126784931507;0.0913751534246575;0.0909306245205479;0.0904827397260274;0.0900291739726028;0.0895702749315068;0.0891135806849315;0.0886648526027397;0.0882241216438356;0.0877919315068493;0.0873715350684931;0.0869650316438356;0.0865716010958904;0.086190752739726;0.0858239749315069;0.0854728687671233;0.0851388435616438;0.0848223667123288;0.0845217042465753;0.0842353243835616;0.0839632126027397;0.0837065832876712;0.0834699145205479;0.0832578950684931;0.0830684169863014;0.0828961446575342;0.0827371094520548;0.0825893773972603;0.0824482583561644;0.0823101934246575;0.0821746865753425;0.0820352315068493;0.0818785779452055;0.0817003515068493;0.0814957242465753;0.0812653076712329;0.0810095661643836;0.0807213330136986;0.080402528630137;0.0800649360273972;0.0797022260273973;0.0793017642465753;0.0788664279452055;0.0784084152054794;0.0779193817808219;0.0773921365753425;0.0768361682191781;0.0762507173972603;0.0756363942465753;0.0749872765753425;0.0742945579452055;0.0735616773972603;0.0727894915068493;0.0719656694520548;0.0710967015068493;0.0701928557534247;0.0692536420547945;0.0682751563013699;0.0672661428767123;0.0662244219178082;0.0651484750684932;0.064047717260274;0.0629482176712329;0.0618463684931507;0.0607211616438356;0.0595849517808219;0.0584533452054794;0.0573077560273973;0.0561281195890411;0.0549287984931507;0.0537095921917808;0.0524427660273973;0.0511202736986301;0.0497451990410959;0.048325655479452;0.0468488484931507;0.0453207809589041;0.04375235;0.0421548689041096;0.040509197260274;0.0388128738356164;0.0370699630136986;0.0352896735616438;0.0334917552054795;0.0316844775342466;0.029862465890411;0.027993038630137;0.0260766332876712;0.024144328630137;0.0222057957534247;0.0202617909589041;0.0183095932876712;0.0163494723287671;0.0143884967123288;0.0124236195890411;0.0104629717808219;0.00851196390410959
0.0994032212328767;0.0993551138356164;0.0992890939726027;0.0992052421917808;0.0991036789041096;0.0989849184931507;0.0988493849315068;0.098697055890411;0.0985271038356164;0.0983385156164383;0.0981302869863014;0.0979020615068493;0.0976550375342466;0.0973900024657534;0.0971064083561644;0.0968037775342466;0.0964821520547945;0.0961417564383562;0.0957830617808219;0.0950140173972603;0.0946061634246575;0.0941854535616438;0.0937537850684931;0.0933119842465753;0.0928627283561644;0.092412621369863;0.0919658517808219;0.0915199991780822;0.0910752276712329;0.0906392990410959;0.0902179231506849;0.08981038;0.0894163416438356;0.0890384068493151;0.0886779342465753;0.0883332632876712;0.0880032668493151;0.0876890346575342;0.0873917519178082;0.0871120002739726;0.0868504653424658;0.0866079895890411;0.0863837434246575;0.0861755995890411;0.0859854369863014;0.0858168234246575;0.0856690805479452;0.085538541369863;0.0854211983561644;0.0853084593150685;0.0851960879452055;0.0850822717808219;0.0849601912328767;0.0848284332876712;0.0846859210958904;0.0845124752054795;0.0843021871232877;0.0840587250684931;0.0837814350684932;0.0834766745205479;0.083151265890411;0.0827942282191781;0.0823977630136986;0.0819681134246575;0.0815143376712329;0.0810222539726027;0.0804917934246575;0.0799343410958904;0.0793463834246575;0.0787270330136986;0.0780692726027397;0.0773628898630137;0.0766157731506849;0.0758231026027397;0.0749744819178082;0.0740861256164383;0.0731601669863014;0.0721903926027397;0.0711799208219178;0.0701385291780822;0.0690578215068493;0.0679407334246575;0.0668003868493151;0.0656624769863014;0.0645152978082192;0.0633401636986301;0.0621554749315068;0.0609758767123288;0.0597700242465753;0.0585241160273973;0.0572569353424657;0.0559840980821918;0.0546613524657534;0.0532806373972603;0.0518455667123288;0.0503563360273973;0.0488073932876712;0.0472139016438356;0.0455790139726027;0.043901835890411;0.0421702312328767;0.0403937175342466;0.0385673442465753;0.0367029964383562;0.034815805890411;0.0329213202739726;0.0310068802739726;0.0290424809589041;0.0270273128767123;0.0249978287671233;0.0229650493150685;0.0209239635616438;0.0188711279452055;0.0168070126027397;0.014745227260274;0.0126831931506849;0.0106222689041096;0.00856760031506849;0.00651862535616438;0.00447918557534247
0.101575210958904;0.101506053424658;0.101418560273973;0.101312798630137;0.101188847945205;0.101047176712329;0.100888135616438;0.100711579452055;0.100516463013699;0.100301530136986;0.100065579452055;0.0998081595890411;0.0995306169863014;0.0992339380821918;0.0989178487671233;0.098582248630137;0.0982277164383562;0.0978551471232877;0.0974657384931507;0.096642918630137;0.0962137435616438;0.0957765853424657;0.0953340947945206;0.0948875734246575;0.0944401678082192;0.093999054109589;0.0935684801369863;0.0931454632876712;0.0927296263013699;0.092328498630137;0.0919473153424658;0.0915843736986302;0.0912383304109589;0.0909111706849315;0.0906037236986301;0.0903136873972603;0.0900393093150685;0.0897807216438356;0.089539504109589;0.0893193216438356;0.089121572739726;0.0889447928767123;0.0887889423287671;0.0886500409589041;0.0885244473972603;0.0884158256164384;0.0883241976712329;0.0882391365753425;0.0881565298630137;0.0880715875342466;0.0879731380821918;0.0878594716438356;0.0877314169863014;0.0875802501369863;0.0874041767123288;0.0871890295890411;0.0869276349315069;0.0866363950684931;0.0863231761643836;0.0859753515068493;0.0855867623287671;0.0851654856164383;0.0847166563013699;0.084223972739726;0.0836932321917808;0.083136434109589;0.0825480391780822;0.0819252998630137;0.0812602960273973;0.080543658630137;0.0797843868493151;0.078972471369863;0.078103932739726;0.0771991783561644;0.0762516050684931;0.0752522684931507;0.0742124530136986;0.0731386067123288;0.0720196079452055;0.0708633428767123;0.0696851530136986;0.0685058721917808;0.067311522739726;0.0660892364383562;0.064855835890411;0.0636271964383562;0.0623628945205479;0.0610538460273973;0.0597197391780822;0.05839249;0.0570139256164384;0.0555760057534247;0.0540816995890411;0.0525215847945205;0.0509016371232877;0.0492435065753425;0.0475406631506849;0.045781501369863;0.0439667191780822;0.0421086590410959;0.0401994639726027;0.0382518557534247;0.0362756216438356;0.034290547260274;0.0322837952054795;0.0302274516438356;0.0281087631506849;0.0259800173972603;0.0238504435616438;0.0217111478082192;0.0195557839726027;0.0173877839726027;0.0152209506849315;0.0130581106849315;0.0108947732876712;0.00873381952054795;0.00658012812328767;0.00443753147945206;0.00230134183561644;0.000167177976712329
0.103797695890411;0.103706997260274;0.103597426027397;0.103469006849315;0.103321705479452;0.103155869863014;0.102971765753425;0.102769030136986;0.102546415068493;0.10230252739726;0.102036073972603;0.101746763013699;0.101436328767123;0.10110627260274;0.100756842465753;0.10038864109589;0.100002964383562;0.0996015669863014;0.0991865953424658;0.0983258780821918;0.0978860390410959;0.0974446676712329;0.0970048928767123;0.0965681315068493;0.0961374989041096;0.0957203432876712;0.095320664520548;0.0949343479452055;0.0945600734246575;0.0942049808219178;0.0938736339726027;0.0935632979452055;0.0932718861643836;0.0930010149315069;0.092751072739726;0.092518484109589;0.0923015;0.0921035087671233;0.0919271994520548;0.0917737942465753;0.0916457073972603;0.0915399536986301;0.0914509509589041;0.0913745349315069;0.0913065321917808;0.0912430638356164;0.0911864445205479;0.0911303650684931;0.0910605805479452;0.0909735510958904;0.0908677761643835;0.0907329212328767;0.0905683678082192;0.0903715134246575;0.0901427615068493;0.0898822979452055;0.0895838987671233;0.0892452842465754;0.0888680193150685;0.0884577446575343;0.0880152150684931;0.0875255552054794;0.0869974449315068;0.0864440868493151;0.085857127260274;0.0852325980821918;0.0845625135616438;0.0838395994520548;0.0830699535616438;0.0822420331506849;0.0813584026027397;0.0804392450684931;0.0794716189041096;0.0784451346575342;0.0773782341095891;0.0762733794520548;0.0751171746575343;0.0739233046575342;0.0727087687671233;0.0714866106849315;0.0702451824657534;0.0689765205479452;0.0676960069863014;0.0664163621917808;0.0650974801369863;0.0637292649315069;0.0623318330136986;0.0609408691780822;0.0595124019178082;0.0580173124657534;0.0564648219178082;0.0548347806849315;0.0531468749315069;0.0514210515068493;0.0496492780821918;0.047809012739726;0.0459137487671233;0.0439731619178082;0.0419807843835616;0.0399494309589041;0.037886762739726;0.0358080135616438;0.0337072804109589;0.0315605679452055;0.0293399087671233;0.0271070898630137;0.0248770330136986;0.0226381134246575;0.0203793368493151;0.0181065480821918;0.0158334587671233;0.0135637560273973;0.0112953271232877;0.00902660352054794;0.00676592920547945;0.00451653720547945;0.0022720218630137;2.83177266575343e-05;NaN;NaN
0.10607028630137;0.105957320547945;0.105824778082192;0.105672487671233;0.105500306849315;0.105308428767123;0.10509694109589;0.104865446575342;0.10461258630137;0.104337006849315;0.10403764109589;0.103714598630137;0.103370302739726;0.103007124657534;0.102625997260274;0.102228383561644;0.101816595890411;0.101393243835616;0.100961383561644;0.100085326027397;0.0996482067123288;0.0992169405479452;0.09879464;0.0983824831506849;0.0979831980821918;0.0976037652054794;0.0972475267123288;0.0969091228767123;0.0965859363013699;0.0962846716438356;0.0960095117808219;0.0957570335616438;0.0955245449315068;0.0953126875342466;0.0951215942465753;0.0949505921917808;0.094799694109589;0.0946696204109589;0.0945636832876712;0.0944828267123288;0.0944242095890411;0.0943841687671233;0.0943560016438356;0.0943266342465753;0.094294577260274;0.0942615804109589;0.0942177809589041;0.094158197260274;0.0940806656164384;0.0939728673972603;0.0938286457534247;0.0936438028767123;0.0934241539726027;0.0931825343835616;0.0929152071232877;0.0926059521917808;0.0922448605479452;0.0918433867123288;0.0914092116438356;0.0909277150684931;0.0904045464383562;0.089856565890411;0.0892742524657534;0.08865053;0.0879786087671233;0.0872524946575342;0.0864750490410959;0.0856353604109589;0.08474098;0.0838090365753425;0.0828238869863014;0.0817744006849315;0.0806822023287671;0.0795489723287671;0.0783580205479452;0.0771268335616438;0.0758773332876712;0.0746125502739726;0.0733260834246575;0.0720097669863014;0.0706847917808219;0.0693525620547945;0.0679839767123288;0.0665603475342466;0.0651041031506849;0.0636404416438356;0.0621664971232877;0.0606161332876712;0.0590059791780822;0.05730901;0.0555550332876712;0.0537610402739726;0.0519170145205479;0.0499988301369863;0.048025104109589;0.0460029416438356;0.0439256184931507;0.041810171369863;0.0396615595890411;0.0374906157534247;0.0352931884931507;0.0330543717808219;0.0307366738356164;0.0283965475342466;0.0260610797260274;0.0237197889041096;0.0213575076712329;0.0189785678082192;0.0165976023287671;0.0142181235616438;0.0118399906849315;0.00946161375342466;0.00709123832876712;0.00473206152054794;0.00237598257534247;2.05646099726027e-05;NaN;NaN;NaN;NaN
0.108392182191781;0.108255834246575;0.108098842465753;0.107920875342466;0.107721568493151;0.107501087671233;0.107259504109589;0.106996473972603;0.106710847945205;0.106401616438356;0.106068208219178;0.105711469863014;0.105334747945205;0.104941339726027;0.104533253424658;0.104112816438356;0.103683252054795;0.103248124657534;0.102811190410959;0.101947023287671;0.101527191780822;0.101120753424658;0.10073044109589;0.100356590410959;0.100001202054795;0.0996707457534246;0.0993675312328767;0.0990847283561644;0.0988188109589041;0.0985764068493151;0.0983616328767123;0.0981698552054795;0.097997344109589;0.0978473823287671;0.0977232817808219;0.0976217687671233;0.0975421132876712;0.0974861782191781;0.0974525490410959;0.0974405052054794;0.0974463265753425;0.0974572056164383;0.0974675776712329;0.097471787260274;0.0974544706849315;0.0974171715068493;0.0973648917808219;0.0972867480821918;0.0971701205479452;0.097009232739726;0.096808207260274;0.0965774282191781;0.0963149649315069;0.0960233890410959;0.0956971168493151;0.0953245339726027;0.0949026505479452;0.0944293463013698;0.0939135801369863;0.0933734031506849;0.0927989475342466;0.0921789330136986;0.0915095642465753;0.0907840268493151;0.0900023957534247;0.089155275479452;0.0882540001369863;0.0873109102739726;0.0863114352054794;0.0852440042465753;0.0841290426027397;0.0829701109589041;0.0817487793150685;0.080480752739726;0.0791963031506849;0.0778906336986301;0.0765626228767123;0.0751984646575343;0.0738281768493151;0.0724458265753425;0.0710303717808219;0.0695565004109589;0.0680445005479452;0.0665122568493151;0.0649794645205479;0.0633849239726027;0.0617148663013699;0.0599569593150685;0.0581371983561644;0.056276082739726;0.0543591938356164;0.0523643046575342;0.0503139247945205;0.0482117387671233;0.0460498684931507;0.0438479902739726;0.04161344;0.0393527430136986;0.0370583971232877;0.0347238868493151;0.0323122106849315;0.0298660921917808;0.0274197242465753;0.0249724483561644;0.0225054226027397;0.0200194876712329;0.0175288398630137;0.0150375164383562;0.0125462589041096;0.0100553969863014;0.00757167921917808;0.00509980439726027;0.00263004969863014;0.000160204328767123;NaN;NaN;NaN;NaN;NaN;NaN
0.110761873972603;0.110600430136986;0.110416867123288;0.110210732876712;0.109981616438356;0.109729720547945;0.109455393150685;0.109158687671233;0.108838945205479;0.108495791780822;0.108129416438356;0.107741519178082;0.107336649315068;0.106919202739726;0.106492053424658;0.106058516438356;0.105622610958904;0.10518851369863;0.104760284931507;0.103936906849315;0.103548810958904;0.103180934246575;0.102835250684931;0.102511135616438;0.102209365753425;0.101935609589041;0.101691546575342;0.101469309589041;0.101264763013699;0.101084280821918;0.100931019178082;0.100801434246575;0.100695710958904;0.100616483561644;0.100564465753425;0.100538683561644;0.100534838356164;0.100551389041096;0.100586112328767;0.100630053424658;0.100677287671233;0.100725542465753;0.100756275342466;0.100757856164384;0.100730961643836;0.100678115068493;0.1005879;0.100454039726027;0.100279090410959;0.100070731506849;0.0998229512328767;0.0995405149315069;0.0992219016438356;0.0988658226027397;0.0984745032876712;0.0980322589041096;0.0975291120547945;0.0969929357534247;0.0964291484931507;0.0958179475342466;0.0951548454794521;0.0944340116438356;0.0936527552054795;0.0928040273972603;0.0918996939726027;0.0909474920547945;0.0899370675342466;0.0888563639726027;0.0877231138356164;0.0865405597260274;0.0852942621917808;0.0839921597260274;0.0826714095890411;0.0813267626027397;0.0799606512328767;0.0785525087671233;0.0771332034246575;0.075704075890411;0.0742427908219178;0.0727266754794521;0.0711612465753425;0.0695645071232877;0.0679589032876712;0.066329937260274;0.0646041843835616;0.0627875502739726;0.0609054528767123;0.0589767267123288;0.0569906621917808;0.0549196993150685;0.0527934521917808;0.0506121124657534;0.0483672631506849;0.0460784109589041;0.0437564653424658;0.041406764109589;0.0390187157534247;0.0365854089041096;0.0340814567123288;0.0315298183561644;0.028971655890411;0.0264124445205479;0.0238392502739726;0.0212447208219178;0.0186425590410959;0.016038172739726;0.0134312543835616;0.0108244709589041;0.00822439875342466;0.0056356417260274;0.00305013509589041;0.000464105634246575;NaN;NaN;NaN;NaN;NaN;NaN;NaN;NaN
0.11317687260274;0.112987942465753;0.112775168493151;0.112538075342466;0.112276393150685;0.11199072739726;0.111682015068493;0.111350995890411;0.110997775342466;0.110622779452055;0.110227176712329;0.109813736986301;0.109388073972603;0.108955697260274;0.108520408219178;0.108086135616438;0.107657298630137;0.107238261643836;0.106833168493151;0.106078789041096;0.105735224657534;0.105417538356164;0.105126521917808;0.104860047945205;0.104618042465753;0.104405968493151;0.104225121917808;0.104066730136986;0.103925165753425;0.103807101369863;0.103719879452055;0.103661701369863;0.103628804109589;0.103625697260274;0.103652982191781;0.10370424109589;0.103773395890411;0.103852412328767;0.103932989041096;0.104017191780822;0.104092304109589;0.10414232739726;0.104163750684932;0.104153668493151;0.104093405479452;0.103982515068493;0.103831838356164;0.103648020547945;0.103423043835616;0.103160839726027;0.1028607;0.102513883561644;0.102122742465753;0.101697535616438;0.101229079452055;0.100717831506849;0.100167971232877;0.0995658395890411;0.0989123852054795;0.0982021691780822;0.0974253602739726;0.0965809893150685;0.0956781701369863;0.0947216517808219;0.0937033256164384;0.0926136645205479;0.0914671247945205;0.0902642891780822;0.0889969432876712;0.0876671175342466;0.0863090464383562;0.0849262595890411;0.0835234767123288;0.0820797330136986;0.080608632739726;0.0791333391780822;0.0776279109589041;0.0760758683561644;0.0744623668493151;0.0728058073972603;0.0711283506849315;0.0694527234246575;0.0676855942465753;0.0658098179452055;0.0638693336986301;0.0618747293150685;0.0598216524657534;0.0576803315068493;0.0554769489041096;0.0532173779452055;0.0508902638356164;0.048515384109589;0.0461058682191781;0.043665751369863;0.0411885105479452;0.038656001369863;0.0360596665753425;0.0334030134246575;0.0307331816438356;0.0280577373972603;0.0253748805479452;0.0226708454794521;0.0199544073972603;0.0172356975342466;0.0145124687671233;0.0117858243835616;0.00906633520547945;0.00635719109589041;0.00365199739726027;0.000948343852054795;NaN;NaN;NaN;NaN;NaN;NaN;NaN;NaN;NaN;NaN
0.115633812328767;0.11541462739726;0.115169819178082;0.114899195890411;0.114602969863014;0.114282484931507;0.113939510958904;0.113575702739726;0.1131921;0.112790215068493;0.112372087671233;0.111941502739726;0.111505289041096;0.111069839726027;0.110639347945205;0.110218053424658;0.109810476712329;0.109420828767123;0.109052723287671;0.10839221369863;0.108103605479452;0.107844469863014;0.107614447945205;0.107410695890411;0.107232552054795;0.107085479452055;0.106970156164384;0.106876010958904;0.106799280821918;0.106751647945205;0.106738623287671;0.106756409589041;0.106804530136986;0.106882761643836;0.106988209589041;0.107109653424658;0.107232397260274;0.107354279452055;0.107470643835616;0.10756427260274;0.107631056164384;0.107671868493151;0.107669501369863;0.107602402739726;0.107478943835616;0.107314480821918;0.107110849315068;0.106869306849315;0.106594812328767;0.106272273972603;0.105893712328767;0.105473934246575;0.105010497260274;0.104509012328767;0.103990463013699;0.103423965753425;0.102786152054795;0.102085632876712;0.101318410958904;0.100484664383562;0.0995881778082192;0.0986333276712329;0.0976111410958904;0.0965181504109589;0.0953625761643836;0.0941458820547945;0.0928589268493151;0.0915085836986301;0.0901160304109589;0.0886953150684931;0.0872536693150685;0.0857836168493151;0.0842642301369863;0.0827396808219178;0.0811933897260274;0.0796040369863014;0.0779553783561644;0.0762445936986301;0.0745000001369863;0.0727530769863014;0.0709638424657534;0.0690367646575342;0.0670365671232877;0.0649797093150685;0.0628630245205479;0.0606558549315068;0.0583792632876712;0.0560406967123288;0.053632591369863;0.0511710934246575;0.0486752176712329;0.0461450446575342;0.0435780856164384;0.040952185479452;0.0382619273972603;0.0355019104109589;0.0327189734246575;0.0299274983561644;0.0271287712328767;0.0243136726027397;0.0214815880821918;0.0186457591780822;0.0158054604109589;0.0129580728767123;0.0101143153424658;0.00728209180821918;0.00445314493150685;0.00162827719178082;NaN;NaN;NaN;NaN;NaN;NaN;NaN;NaN;NaN;NaN;NaN;NaN
0.118128942465753;0.117876771232877;0.117597626027397;0.117291953424658;0.116960757534247;0.116606347945206;0.116231497260274;0.115838997260274;0.115430989041096;0.115009808219178;0.114578591780822;0.11414205890411;0.113707735616438;0.113282463013699;0.112870694520548;0.112476530136986;0.112104130136986;0.111757067123288;0.111438156164384;0.110891357534247;0.110664439726027;0.110469075342466;0.11030431369863;0.110166595890411;0.110055042465753;0.109974193150685;0.109924597260274;0.109899547945205;0.109897210958904;0.109925549315068;0.109993354794521;0.1100963;0.110227571232877;0.110383247945205;0.110552389041096;0.110721767123288;0.110886626027397;0.111030471232877;0.111141742465753;0.111226293150685;0.111278952054795;0.111270661643836;0.111202302739726;0.111079620547945;0.110899861643836;0.110672852054795;0.110418376712329;0.110123571232877;0.109769778082192;0.109365689041096;0.108919552054795;0.108421526027397;0.107894846575342;0.107346976712329;0.106749904109589;0.106085249315069;0.105336536986301;0.104510761643836;0.103626936986301;0.102681136986301;0.101660997260274;0.100568235616438;0.0994098826027397;0.098186964109589;0.0968848828767123;0.0955174546575343;0.0940980178082192;0.0926403861643836;0.0911577820547945;0.0896606952054795;0.0881091823287671;0.086530154109589;0.0849436068493151;0.0833168920547945;0.0816395697260274;0.0798878715068493;0.0780818619178082;0.0762606532876712;0.0744305146575342;0.0724775794520548;0.0704185620547945;0.0683001590410959;0.0661231056164384;0.0638559079452055;0.0615105067123288;0.0590971060273973;0.0566066306849315;0.0540596776712329;0.0514763238356164;0.0488578761643836;0.046201618630137;0.0434863487671233;0.0407019160273973;0.0378431393150685;0.0349459087671233;0.0320373775342466;0.0291192308219178;0.0261900475342466;0.0232406476712329;0.020284662739726;0.0173258084931507;0.0143575479452055;0.0113875230136986;0.00842737767123288;0.0054722991369863;0.00252043442465753;NaN;NaN;NaN;NaN;NaN;NaN;NaN;NaN;NaN;NaN;NaN;NaN;NaN;NaN
0.120658806849315;0.120371705479452;0.120057217808219;0.119716704109589;0.119352147945205;0.118967017808219;0.118565330136986;0.118150960273973;0.117726991780822;0.117296895890411;0.116864424657534;0.116434669863014;0.116015724657534;0.115614602739726;0.115235430136986;0.114881798630137;0.114557116438356;0.114263994520548;0.114003924657534;0.113583746575342;0.11342301369863;0.113294895890411;0.113198189041096;0.11312871369863;0.113083998630137;0.113070689041096;0.113094687671233;0.113147420547945;0.113224408219178;0.113338768493151;0.113494606849315;0.11368198630137;0.113887204109589;0.114099998630137;0.114315589041096;0.11452094109589;0.114690683561644;0.11482547260274;0.114928645205479;0.114978776712329;0.114963835616438;0.114897620547945;0.114771843835616;0.114582893150685;0.114346680821918;0.114072154794521;0.113744293150685;0.113358276712329;0.112934523287671;0.112459236986301;0.111935605479452;0.111388821917808;0.110799634246575;0.110154349315069;0.109450087671233;0.10866147260274;0.107796483561644;0.106860717808219;0.105851068493151;0.104762890410959;0.103608176712329;0.102384278082192;0.101077850684931;0.0996952208219178;0.0982575878082192;0.0967678080821918;0.095245067260274;0.0937091330136986;0.0921431316438356;0.0905149667123288;0.0888812317808219;0.0872220030136986;0.0855135021917808;0.0837354778082192;0.0818821246575342;0.0799913034246575;0.078088935479452;0.0761265917808219;0.0740259301369863;0.0718472728767123;0.0696091634246575;0.0672874805479452;0.0648796491780822;0.0623969210958904;0.0598270820547945;0.0571934308219178;0.0545226263013699;0.0518154560273973;0.0490718168493151;0.0462698268493151;0.0433937398630137;0.0404420435616438;0.0374319376712329;0.0344035871232877;0.0313643094520548;0.0283164036986301;0.0252493054794521;0.0221694464383562;0.0190893091780822;0.0160001382191781;0.0129030175342466;0.00981235309589041;0.00672728363013699;0.00364409563013699;0.000570121960273973;NaN;NaN;NaN;NaN;NaN;NaN;NaN;NaN;NaN;NaN;NaN;NaN;NaN;NaN;NaN
0.123221417808219;0.122898843835616;0.122549823287671;0.122176756164384;0.121782876712329;0.121372853424658;0.120951804109589;0.120524868493151;0.120096031506849;0.119669184931507;0.11924841369863;0.11883912739726;0.118449335616438;0.11808584109589;0.117752145205479;0.117450876712329;0.117184282191781;0.116953389041096;0.116758249315069;0.11647322739726;0.116381483561644;0.116323189041096;0.116296078082192;0.116294693150685;0.116320289041096;0.116384178082192;0.116488742465753;0.116626198630137;0.116794132876712;0.116998834246575;0.117238493150685;0.117494979452055;0.117753302739726;0.118010831506849;0.118249589041096;0.118449179452055;0.118613409589041;0.118729495890411;0.118773843835616;0.118758797260274;0.118688319178082;0.118551691780822;0.118363089041096;0.118128005479452;0.117829919178082;0.11746138630137;0.117049797260274;0.116600567123288;0.116095653424658;0.115555597260274;0.114985863013699;0.114351569863014;0.1136533;0.112888434246575;0.112064549315069;0.111172338356164;0.110183449315069;0.109100943835616;0.107952579452055;0.106736850684932;0.105434438356164;0.10404381369863;0.10259284109589;0.101082098630137;0.0995231301369863;0.0979416628767123;0.0963535854794521;0.0947034049315068;0.0930135806849315;0.0913203064383561;0.0895820646575342;0.0877833423287671;0.085899832739726;0.083953115890411;0.0819764919178082;0.0799720221917808;0.0778601169863014;0.0756303830136986;0.0733323146575343;0.0709566656164384;0.0684923504109589;0.0659478683561644;0.0633075165753425;0.0605861273972603;0.0578256624657534;0.0550313852054795;0.0521984963013699;0.0493142849315069;0.0463508708219178;0.0433116019178082;0.0401925826027397;0.0370456693150685;0.0338809690410959;0.030710031369863;0.0275240767123288;0.0243194368493151;0.0211119201369863;0.0179010871232877;0.0146778608219178;0.011454715890411;0.0082364544109589;0.00501935632876712;0.00180949878082192;NaN;NaN;NaN;NaN;NaN;NaN;NaN;NaN;NaN;NaN;NaN;NaN;NaN;NaN;NaN;NaN;NaN
0.125816839726027;0.12546018630137;0.125079575342466;0.124678710958904;0.124261920547945;0.123835153424658;0.123404832876712;0.12297681369863;0.122555463013699;0.122145056164384;0.121749624657534;0.121374228767123;0.121026704109589;0.120713173972603;0.120435989041096;0.120196357534247;0.119994820547945;0.119831306849315;0.119705256164384;0.119560947945205;0.119540631506849;0.119553002739726;0.119595676712329;0.119668219178082;0.119774323287671;0.119921549315068;0.120116716438356;0.120349717808219;0.120609945205479;0.120895931506849;0.121200573972603;0.121508254794521;0.121806195890411;0.122072078082192;0.12230452739726;0.122497879452055;0.122622604109589;0.122669850684932;0.122657334246575;0.122572919178082;0.122428739726027;0.122242715068493;0.122003131506849;0.121684460273973;0.121287219178082;0.120850167123288;0.120367282191781;0.119835628767123;0.119282168493151;0.118679787671233;0.118001875342466;0.117250810958904;0.116429039726027;0.115559749315069;0.114623012328767;0.113584634246575;0.112446945205479;0.111240105479452;0.109948761643836;0.108563494520548;0.107102468493151;0.105580919178082;0.103995080821918;0.102373217808219;0.10074062739726;0.0990868149315068;0.0973544476712329;0.0956125490410959;0.0938492973972603;0.0920301556164384;0.0901286864383562;0.0881467487671233;0.0861074973972603;0.0840309071232877;0.0819054819178082;0.0796539830136986;0.0773021045205479;0.0748727290410959;0.0723539820547945;0.0697552039726028;0.0670533742465753;0.0642543991780822;0.0613984753424658;0.0585163682191781;0.0555947916438356;0.0526275709589041;0.0495823810958904;0.0464605894520548;0.0432427768493151;0.0399789578082192;0.0366901752054795;0.0333892109589041;0.0300804652054795;0.0267521779452055;0.0234137584931507;0.0200754664383562;0.0167271442465753;0.0133718119178082;0.0100188159863014;0.00666471878082192;0.00331468779452055;NaN;NaN;NaN;NaN;NaN;NaN;NaN;NaN;NaN;NaN;NaN;NaN;NaN;NaN;NaN;NaN;NaN;NaN;NaN
0.128447690410959;0.128060483561644;0.127653608219178;0.127231893150685;0.126801035616438;0.12636811369863;0.125940176712329;0.125523634246575;0.125123075342466;0.124742490410959;0.124385534246575;0.124056782191781;0.123763197260274;0.12350978630137;0.123297264383562;0.123125202739726;0.122993246575342;0.122900690410959;0.122846268493151;0.122847339726027;0.122898779452055;0.122982863013699;0.12310321369863;0.123259808219178;0.123452867123288;0.123695902739726;0.123990689041096;0.124317435616438;0.124656073972603;0.125004021917808;0.125357795890411;0.125696408219178;0.125992920547945;0.126256776712329;0.126470898630137;0.126607406849315;0.126667343835616;0.126653802739726;0.126556887671233;0.126411557534247;0.126222193150685;0.125968249315069;0.125629560273973;0.125222705479452;0.124762412328767;0.124241634246575;0.123687846575342;0.123113242465753;0.12247;0.121749282191781;0.120950256164384;0.120086676712329;0.119161261643836;0.118154384931507;0.117060454794521;0.115891763013699;0.114624228767123;0.113247276712329;0.111785165753425;0.1102606;0.108660064383562;0.107006924657534;0.10532578630137;0.10364674109589;0.101908876712329;0.100112363013699;0.0983133931506849;0.0964759409589041;0.0945652473972603;0.0925627617808219;0.0904833324657534;0.0883437598630137;0.086159638630137;0.0839050328767123;0.0815232635616438;0.0790455638356164;0.0764719252054795;0.0738224153424658;0.0710695719178082;0.0682040143835616;0.0652597365753425;0.0622819069863014;0.059271894109589;0.05621961;0.0530983480821918;0.0498925804109589;0.0465970208219178;0.0432167431506849;0.0398092549315069;0.0363758498630137;0.0329365454794521;0.0294824595890411;0.0260140090410959;0.0225420784931507;0.0190658783561644;0.0155794908219178;0.0120912531506849;0.00859966338356164;0.00510697398630137;0.00162364916438356;NaN;NaN;NaN;NaN;NaN;NaN;NaN;NaN;NaN;NaN;NaN;NaN;NaN;NaN;NaN;NaN;NaN;NaN;NaN;NaN
0.131119339726027;0.130707373972603;0.130281668493151;0.129848501369863;0.12941441369863;0.128987171232877;0.128574367123288;0.128182501369863;0.127815809589041;0.127477963013699;0.127171765753425;0.126900636986301;0.126670302739726;0.12648412739726;0.126341390410959;0.126240920547945;0.126181571232877;0.126162235616438;0.126181969863014;0.126330473972603;0.126455795890411;0.126621246575342;0.126829098630137;0.127077161643836;0.127371076712329;0.127717097260274;0.128105689041096;0.128509263013699;0.128908093150685;0.129301535616438;0.129676065753425;0.130011120547945;0.130305578082192;0.130533530136986;0.130684782191781;0.130760475342466;0.130743636986301;0.13064592739726;0.130503397260274;0.130301957534247;0.130027217808219;0.129670101369863;0.129257817808219;0.128781431506849;0.128233838356164;0.127658265753425;0.127047956164384;0.126360647945205;0.125597260273973;0.124759487671233;0.123856868493151;0.122872020547945;0.121788750684932;0.120633430136986;0.119420483561644;0.118094469863014;0.116645173972603;0.115114784931507;0.113514424657534;0.111840643835616;0.110123431506849;0.10839117260274;0.106654304109589;0.104833649315069;0.102982624657534;0.101121378082192;0.099203305890411;0.0971948175342466;0.0950947673972603;0.0929121295890411;0.0906600402739726;0.0883744473972603;0.0859851053424658;0.0834783857534247;0.0808586182191781;0.0781533520547945;0.0753584010958904;0.0724386982191781;0.0694185750684932;0.0663447328767123;0.0632420778082192;0.0601016068493151;0.0569046575342466;0.0536195484931507;0.0502551710958904;0.0467748942465753;0.0432491090410959;0.0396900697260274;0.036113972739726;0.0325287690410959;0.0289277838356164;0.0253210863013699;0.0217109894520548;0.0180927656164384;0.0144689960273973;0.0108416046575342;0.00720567495890411;0.00357335726027397;NaN;NaN;NaN;NaN;NaN;NaN;NaN;NaN;NaN;NaN;NaN;NaN;NaN;NaN;NaN;NaN;NaN;NaN;NaN;NaN;NaN;NaN
0.133839536986301;0.133410732876712;0.132975997260274;0.132542352054795;0.132117054794521;0.13170825890411;0.131323563013699;0.130969202739726;0.130649047945205;0.130365667123288;0.13012055890411;0.129915478082192;0.129754628767123;0.129640267123288;0.129570926027397;0.129544579452055;0.129560089041096;0.129616560273973;0.129712184931507;0.13001148630137;0.130221849315068;0.130477971232877;0.130782134246575;0.131136371232877;0.131536165753425;0.131974882191781;0.13243981369863;0.132902449315068;0.133342294520548;0.133747967123288;0.134121021917808;0.134446416438356;0.134691824657534;0.134857621917808;0.134942650684932;0.134926739726027;0.134840406849315;0.13470041369863;0.134484505479452;0.134186316438356;0.13381375890411;0.133390302739726;0.132898347945205;0.132342789041096;0.131748828767123;0.131091831506849;0.130358475342466;0.12955401369863;0.128681487671233;0.127735182191781;0.126689332876712;0.125541173972603;0.124327897260274;0.123038567123288;0.121642634246575;0.120145347945205;0.118556876712329;0.116871721917808;0.115129528767123;0.11335102739726;0.111574479452055;0.109764319178082;0.10787325890411;0.105969645205479;0.1040408;0.102035563013699;0.0999292430136986;0.0977283326027397;0.0954324830136986;0.0930718342465753;0.0906782424657534;0.0881594252054795;0.085519824520548;0.0827581201369863;0.0799212379452055;0.0769602915068493;0.0738789512328767;0.0707174157534247;0.0675201094520548;0.0642866736986301;0.0610091443835616;0.0576517504109589;0.0542097652054795;0.0506631749315068;0.047021187260274;0.0433447473972603;0.0396339691780822;0.0359115035616438;0.032174722739726;0.0284293463013699;0.0246817294520548;0.0209282628767123;0.0171675687671233;0.0134035163013699;0.00962960734246575;0.00584782632876712;0.00207311956164384;NaN;NaN;NaN;NaN;NaN;NaN;NaN;NaN;NaN;NaN;NaN;NaN;NaN;NaN;NaN;NaN;NaN;NaN;NaN;NaN;NaN;NaN;NaN
0.136618476712329;0.136182801369863;0.135750145205479;0.135328167123288;0.134924312328767;0.13454668630137;0.134202731506849;0.133898206849315;0.133635778082192;0.133416552054794;0.133240179452055;0.133106769863014;0.133019564383562;0.132980160273973;0.132986484931507;0.133036619178082;0.133129569863014;0.133263498630137;0.133435143835616;0.133902010958904;0.134206190410959;0.134563439726027;0.134979028767123;0.135441869863014;0.135933775342466;0.13644858630137;0.136970797260274;0.13747025890411;0.137917668493151;0.138323112328767;0.138674730136986;0.138945853424658;0.139128516438356;0.139215279452055;0.139204416438356;0.139136617808219;0.138997868493151;0.13877054109589;0.138452357534247;0.138065094520548;0.137624457534247;0.137116026027397;0.136558017808219;0.135950631506849;0.135253523287671;0.134473224657534;0.133628926027397;0.132717212328767;0.131720430136986;0.130616180821918;0.129417523287671;0.128146280821918;0.126768245205479;0.125288149315068;0.123740754794521;0.122099967123288;0.120345969863014;0.118533291780822;0.116697995890411;0.114873290410959;0.112986809589041;0.111034497260274;0.109078195890411;0.107074947945205;0.104980006849315;0.102775471232877;0.100466183561644;0.0980492897260274;0.0955960864383562;0.0930813773972603;0.0904377324657534;0.0876500032876712;0.0847614752054795;0.0817697635616438;0.0786409695890411;0.0754066490410959;0.0721175247945205;0.0687910984931507;0.0654233087671233;0.0619951568493151;0.0584747526027397;0.0548732809589041;0.0511393639726027;0.0473469749315069;0.0435123794520548;0.03965095;0.0357755636986301;0.0318860326027397;0.0279970287671233;0.0241033126027397;0.0202036717808219;0.0163000834246575;0.0123895408219178;0.00846502110958904;0.00453549526027397;0.000616547036986301;NaN;NaN;NaN;NaN;NaN;NaN;NaN;NaN;NaN;NaN;NaN;NaN;NaN;NaN;NaN;NaN;NaN;NaN;NaN;NaN;NaN;NaN;NaN;NaN
0.139467926027397;0.139036638356164;0.138618206849315;0.138220371232877;0.137850465753425;0.137516452054795;0.137225180821918;0.136981189041096;0.136785543835616;0.13663748630137;0.136534952054795;0.136476971232877;0.136466184931507;0.136503960273973;0.136588387671233;0.136717620547945;0.136889717808219;0.137101390410959;0.137354689041096;0.138010453424658;0.138420505479452;0.138894234246575;0.139420653424658;0.139976356164384;0.140544742465753;0.141114339726027;0.141669482191781;0.14217538630137;0.142621353424658;0.142994612328767;0.143291246575342;0.143493805479452;0.143584719178082;0.143581494520548;0.143528676712329;0.143391943835616;0.14315851369863;0.142827146575342;0.142427360273973;0.141965638356164;0.141441598630137;0.140876467123288;0.140251973972603;0.139530309589041;0.138715531506849;0.137828528767123;0.136869936986301;0.135817123287671;0.134659624657534;0.133417493150685;0.132082784931507;0.130620589041096;0.129062782191781;0.127442036986301;0.125733878082192;0.123932478082192;0.122061279452055;0.120171295890411;0.118288926027397;0.11632898630137;0.114324576712329;0.112310317808219;0.110229864383562;0.108042617808219;0.10573877260274;0.103308746575342;0.100780771232877;0.0982358312328767;0.0955969235616438;0.0928192005479452;0.0898894979452055;0.0868648769863014;0.0837053383561644;0.080415458630137;0.0770404683561644;0.0736264587671233;0.0701660023287671;0.0666559063013699;0.0630657973972603;0.0593902991780822;0.0556042146575343;0.051706047260274;0.0477574609589041;0.0437642630136986;0.0397483342465753;0.0357156521917808;0.0316746501369863;0.0276386101369863;0.0235950347945205;0.0195478324657534;0.0154981583561644;0.0114354495890411;0.00735872978082192;0.00327760661643836;NaN;NaN;NaN;NaN;NaN;NaN;NaN;NaN;NaN;NaN;NaN;NaN;NaN;NaN;NaN;NaN;NaN;NaN;NaN;NaN;NaN;NaN;NaN;NaN;NaN;NaN
0.142400760273973;0.141985915068493;0.141593952054795;0.141232598630137;0.140908889041096;0.140630017808219;0.140401643835616;0.140226689041096;0.140104357534247;0.14003217260274;0.140006935616438;0.140026949315068;0.140094819178082;0.140212246575342;0.140377483561644;0.140587663013699;0.140839421917808;0.141135293150685;0.14148347260274;0.142350042465753;0.142881415068493;0.143468004109589;0.144089119178082;0.144722308219178;0.145343461643836;0.145942769863014;0.146504430136986;0.147005808219178;0.147413324657534;0.147730806849315;0.147948378082192;0.148051802739726;0.148063576712329;0.148017812328767;0.147880408219178;0.14764617260274;0.147308893150685;0.146900083561644;0.146419731506849;0.145880532876712;0.145301028767123;0.144653890410959;0.143913043835616;0.143082431506849;0.142158790410959;0.14114561369863;0.14003392739726;0.13882852739726;0.13753928630137;0.136136164383562;0.134599821917808;0.132976878082192;0.131272991780822;0.129476689041096;0.127618584931507;0.125709221917808;0.1237766;0.121828724657534;0.119798226027397;0.117747480821918;0.115669942465753;0.113511321917808;0.111229345205479;0.108821728767123;0.106264660273973;0.103639968493151;0.100994867123288;0.0982338320547945;0.095309064520548;0.0922479836986301;0.0890688765753424;0.0857416921917808;0.0822978024657534;0.0787942864383562;0.0752504078082192;0.0716517820547945;0.0679877776712329;0.0642348243835616;0.0604015609589041;0.0564262098630137;0.0523729775342466;0.0482616884931507;0.0441101276712329;0.039934542739726;0.0357423961643836;0.0315506189041096;0.0273618273972603;0.0231664590410959;0.0189700898630137;0.0147689071232877;0.0105516306849315;0.00632008275342466;0.00208390647945205;NaN;NaN;NaN;NaN;NaN;NaN;NaN;NaN;NaN;NaN;NaN;NaN;NaN;NaN;NaN;NaN;NaN;NaN;NaN;NaN;NaN;NaN;NaN;NaN;NaN;NaN;NaN
0.14542994109589;0.145043575342466;0.144690283561644;0.144377367123288;0.144110954794521;0.143897057534247;0.143739630136986;0.143639850684931;0.143595205479452;0.143602115068493;0.14365661369863;0.143756908219178;0.143905952054795;0.144105901369863;0.144354021917808;0.144645969863014;0.144984242465753;0.145377702739726;0.145829379452055;0.146936863013699;0.147583646575342;0.148267361643836;0.148967278082192;0.149652324657534;0.150301424657534;0.150906938356164;0.151460138356164;0.151921224657534;0.152270201369863;0.152496783561644;0.152613515068493;0.152647753424658;0.152608902739726;0.152467567123288;0.152231191780822;0.151894279452055;0.151480584931507;0.150987747945205;0.15043641369863;0.149836106849315;0.149163726027397;0.148403749315068;0.147561384931507;0.146613223287671;0.145552804109589;0.144382436986301;0.143129287671233;0.141784739726027;0.140309467123288;0.138711146575342;0.137027147945205;0.135242690410959;0.133358201369863;0.131420079452055;0.129463545205479;0.127505764383562;0.125500508219178;0.123405684931507;0.121304057534247;0.11916252739726;0.116923501369863;0.114546964383562;0.112025093150685;0.109350583561644;0.106634879452055;0.103884383561644;0.100993354794521;0.0979243697260274;0.0947248276712329;0.0913813971232877;0.0878919249315068;0.0843039678082192;0.0806753721917808;0.0769975626027397;0.0732535975342466;0.0694269684931507;0.0655168476712329;0.0615018334246575;0.057358812739726;0.0531463338356164;0.0488712835616438;0.0445584305479452;0.0402189820547945;0.0358668130136986;0.0315219656164384;0.027175864109589;0.0228268571232877;0.0184786615068493;0.0141212473972603;0.00974839560273973;0.00535820542465753;0.000965046093150685;NaN;NaN;NaN;NaN;NaN;NaN;NaN;NaN;NaN;NaN;NaN;NaN;NaN;NaN;NaN;NaN;NaN;NaN;NaN;NaN;NaN;NaN;NaN;NaN;NaN;NaN;NaN;NaN
0.148567704109589;0.148221845205479;0.147918917808219;0.147665219178082;0.147465589041096;0.147324331506849;0.147243694520548;0.147223189041096;0.147259284931507;0.147347691780822;0.147484293150685;0.147667397260274;0.147900656164384;0.148185553424658;0.148517671232877;0.148898204109589;0.149336435616438;0.149836630136986;0.15040737260274;0.151763883561644;0.152511021917808;0.153275108219178;0.154026902739726;0.154739589041096;0.155394732876712;0.155988064383562;0.156500969863014;0.156898773972603;0.157147234246575;0.1572751;0.157328035616438;0.157300389041096;0.15716004109589;0.156917738356164;0.156579936986301;0.156165867123288;0.155667193150685;0.155107642465753;0.154486823287671;0.153788263013699;0.153010328767123;0.152150467123288;0.15117884109589;0.150087384931507;0.148873912328767;0.147568468493151;0.146159030136986;0.144611552054795;0.142957676712329;0.141211997260274;0.139351509589041;0.137387391780822;0.135367302739726;0.133338790410959;0.131343815068493;0.12929752739726;0.127160045205479;0.125000801369863;0.122792075342466;0.120470945205479;0.118000209589041;0.115355743835616;0.112577764383562;0.109773739726027;0.10691391369863;0.103880406849315;0.1006735;0.0973240620547945;0.0938145893150685;0.0901683904109589;0.0864470528767123;0.0826900857534247;0.0788751010958904;0.0749764721917808;0.0709860565753425;0.0669189135616438;0.0627116789041096;0.0584125975342466;0.0540347810958904;0.049596304109589;0.0451181839726027;0.0406115889041096;0.0360992753424658;0.0315966473972603;0.0270904338356164;0.0225853642465753;0.0180809123287671;0.0135655705479452;0.00903503365753425;0.00448288875342466;NaN;NaN;NaN;NaN;NaN;NaN;NaN;NaN;NaN;NaN;NaN;NaN;NaN;NaN;NaN;NaN;NaN;NaN;NaN;NaN;NaN;NaN;NaN;NaN;NaN;NaN;NaN;NaN;NaN;NaN
0.151825704109589;0.151531769863014;0.151289649315068;0.151104350684931;0.150978916438356;0.15091592739726;0.150915956164384;0.150977709589041;0.151096963013699;0.151269257534247;0.151490520547945;0.15175971369863;0.152080083561644;0.152451290410959;0.152873831506849;0.153356335616438;0.153904432876712;0.15452721369863;0.155232620547945;0.15681632739726;0.157646105479452;0.158462778082192;0.159242804109589;0.159962039726027;0.160602920547945;0.161156094520548;0.161598878082192;0.161890346575342;0.162044316438356;0.162108510958904;0.162088130136986;0.161956638356164;0.161712636986301;0.161369517808219;0.160953123287671;0.160454310958904;0.159890320547945;0.159253609589041;0.158533531506849;0.157739009589041;0.156855152054795;0.155855453424658;0.154738575342466;0.153503149315068;0.15215327260274;0.150670854794521;0.149053463013699;0.147343628767123;0.145532864383562;0.143601126027397;0.14156285890411;0.139469075342466;0.137365102739726;0.135304879452055;0.133207916438356;0.131050382191781;0.128846095890411;0.126565505479452;0.124158838356164;0.12159127260274;0.118826884931507;0.115953095890411;0.113062873972603;0.11008645890411;0.106907684931507;0.103560520547945;0.10005339739726;0.0963804593150685;0.0925842101369863;0.0887349582191781;0.084846382739726;0.0808889994520548;0.0768289019178082;0.0726780916438356;0.0684322254794521;0.0640503031506849;0.0595939197260274;0.0550491443835616;0.050445662739726;0.0457987767123288;0.0411228280821918;0.0364489173972603;0.0317835456164384;0.0271151097260274;0.0224503594520548;0.0177850757534247;0.0131116923287671;0.00842057179452055;0.00370427365753425;NaN;NaN;NaN;NaN;NaN;NaN;NaN;NaN;NaN;NaN;NaN;NaN;NaN;NaN;NaN;NaN;NaN;NaN;NaN;NaN;NaN;NaN;NaN;NaN;NaN;NaN;NaN;NaN;NaN;NaN;NaN
0.155214263013699;0.154982430136986;0.154810102739726;0.154700421917808;0.154654639726027;0.154673663013699;0.154757330136986;0.154903787671233;0.155108587671233;0.155367419178082;0.15567685890411;0.156035538356164;0.156444615068493;0.156907864383562;0.15743394109589;0.158029334246575;0.158702979452055;0.159464569863014;0.160297605479452;0.16207647260274;0.162960516438356;0.16380654109589;0.164594028767123;0.1652989;0.165900015068493;0.166375308219178;0.166708416438356;0.166910067123288;0.166996963013699;0.166978012328767;0.166852724657534;0.166614554794521;0.166269906849315;0.165846375342466;0.165345260273973;0.164780450684931;0.164133669863014;0.16340041369863;0.162593843835616;0.161681226027397;0.1606504;0.159508316438356;0.158255735616438;0.156876149315069;0.155331109589041;0.153646197260274;0.15187538630137;0.149995532876712;0.14799368630137;0.145885308219178;0.143722991780822;0.141551143835616;0.139419036986301;0.137249920547945;0.135059047945205;0.132830147945206;0.130490506849315;0.127996283561644;0.125323936986301;0.12244911369863;0.119484012328767;0.116508512328767;0.113404578082192;0.110084604109589;0.106591306849315;0.102923057534247;0.0990902890410959;0.0951522454794521;0.0911739957534247;0.0871520035616438;0.0830448243835616;0.07882246;0.0745142112328767;0.0700700806849315;0.0655292978082192;0.060910288630137;0.0561996583561644;0.051428695890411;0.0466094908219178;0.0417632002739726;0.0369245963013699;0.0320922620547945;0.027259051369863;0.0224297697260274;0.0176006504109589;0.0127687716438356;0.00791391878082192;0.00303233898630137;NaN;NaN;NaN;NaN;NaN;NaN;NaN;NaN;NaN;NaN;NaN;NaN;NaN;NaN;NaN;NaN;NaN;NaN;NaN;NaN;NaN;NaN;NaN;NaN;NaN;NaN;NaN;NaN;NaN;NaN;NaN;NaN
0.158741919178082;0.158581002739726;0.158485550684932;0.158456850684932;0.158494409589041;0.158598421917808;0.158768194520548;0.159001745205479;0.159294843835616;0.15964391369863;0.160045473972603;0.160495553424658;0.160998180821918;0.161566035616438;0.162207784931507;0.162931084931507;0.163747408219178;0.164642332876712;0.165590054794521;0.167516317808219;0.168431367123288;0.16928622739726;0.170060471232877;0.1707266;0.171243215068493;0.171606654794521;0.171853167123288;0.171982510958904;0.171978984931507;0.171854168493151;0.171618839726027;0.171279668493151;0.170852908219178;0.170343563013699;0.169774489041096;0.169123354794521;0.168386083561644;0.167573104109589;0.16663417260274;0.165570817808219;0.164404656164384;0.163130467123288;0.161722361643836;0.160135635616438;0.158399387671233;0.156561828767123;0.154608573972603;0.152534730136986;0.15035642739726;0.148128865753425;0.145893373972603;0.14369558630137;0.141455364383562;0.1392022;0.136935332876712;0.134557028767123;0.131991908219178;0.12920971369863;0.126228946575342;0.123177517808219;0.120116730136986;0.11687601369863;0.113417502739726;0.109773150684932;0.105944010958904;0.10195624109589;0.0978820335616438;0.0937716539726027;0.0896129784931507;0.0853499089041096;0.0809687289041096;0.07649094;0.0718533094520548;0.0671557979452055;0.0623709617808219;0.0574953002739726;0.0525550580821918;0.0475601447945206;0.0425423983561644;0.0375351008219178;0.0325325854794521;0.0275310936986301;0.0225316757534247;0.017537354109589;0.0125450336986301;0.00752450852054795;0.00247622489041096;NaN;NaN;NaN;NaN;NaN;NaN;NaN;NaN;NaN;NaN;NaN;NaN;NaN;NaN;NaN;NaN;NaN;NaN;NaN;NaN;NaN;NaN;NaN;NaN;NaN;NaN;NaN;NaN;NaN;NaN;NaN;NaN;NaN
0.162415412328767;0.162332460273973;0.162319180821918;0.162375180821918;0.162499080821918;0.162690583561644;0.162948910958904;0.163272387671233;0.163657635616438;0.164101410958904;0.164597406849315;0.165142756164384;0.165750615068493;0.166436457534247;0.167207916438356;0.168077228767123;0.169033332876712;0.170049139726027;0.171092742465753;0.173113497260274;0.174039489041096;0.174882936986301;0.175619816438356;0.176197095890411;0.176600736986301;0.176878568493151;0.177045836986301;0.177080209589041;0.176970132876712;0.176731630136986;0.176393842465753;0.175971171232877;0.175456416438356;0.174876578082192;0.174219108219178;0.173486161643836;0.172672142465753;0.171713804109589;0.170623195890411;0.169434353424658;0.168133456164384;0.16669187260274;0.165071605479452;0.163305378082192;0.161412806849315;0.159382471232877;0.157232256164384;0.154981950684932;0.152687728767123;0.150390365753425;0.148132157534247;0.145831694520548;0.143512439726027;0.14117792739726;0.138748249315068;0.136135389041096;0.13326124109589;0.130176826027397;0.127040701369863;0.12389007260274;0.12051051369863;0.116912304109589;0.113113669863014;0.109125498630137;0.104990017808219;0.100781221917808;0.0965363457534246;0.0922353546575342;0.0878148350684931;0.0832795119178082;0.0786074579452055;0.0737955157534247;0.0689367173972603;0.0639854273972603;0.0589450045205479;0.0538341805479452;0.0486611316438356;0.0434698935616438;0.0382897598630137;0.0331144532876712;0.0279399852054795;0.0227651549315069;0.0176044580821918;0.0124487316438356;0.00726166457534246;0.00204501121917808;NaN;NaN;NaN;NaN;NaN;NaN;NaN;NaN;NaN;NaN;NaN;NaN;NaN;NaN;NaN;NaN;NaN;NaN;NaN;NaN;NaN;NaN;NaN;NaN;NaN;NaN;NaN;NaN;NaN;NaN;NaN;NaN;NaN;NaN
0.166239504109589;0.16623982739726;0.166312515068493;0.166456265753425;0.166669076712329;0.16695054109589;0.167300263013699;0.167717682191781;0.168200015068493;0.168741364383562;0.1693348;0.16998584109589;0.170713295890411;0.171530194520548;0.172450291780822;0.173466420547945;0.174550242465753;0.175668695890411;0.176778731506849;0.178849915068493;0.17976715890411;0.180574973972603;0.181220632876712;0.18168465890411;0.182002660273973;0.182193090410959;0.182261745205479;0.182189117808219;0.181962716438356;0.181618873972603;0.181195980821918;0.18068214109589;0.18009454109589;0.179425210958904;0.178695912328767;0.177885852054795;0.176916387671233;0.175807916438356;0.174602330136986;0.173270904109589;0.171792791780822;0.170139650684932;0.168348157534247;0.166420764383562;0.164327773972603;0.162096436986301;0.159770320547945;0.157404693150685;0.15504228630137;0.152727994520548;0.150373773972603;0.147997649315069;0.145591302739726;0.143082712328767;0.140409826027397;0.1374699;0.134303606849315;0.131084636986301;0.127831763013699;0.124315823287671;0.120577179452055;0.116621971232877;0.112476682191781;0.108202010958904;0.103857176712329;0.0994759690410959;0.0950256590410959;0.0904499515068493;0.0857612530136986;0.0808838791780822;0.0759061501369863;0.0708800934246575;0.0657620928767123;0.0605578315068493;0.0552748993150685;0.0499228494520548;0.0445548960273973;0.0391982761643836;0.0338473578082192;0.0284944506849315;0.0231400049315068;0.0178107119178082;0.0124882490410959;0.00713416469863014;0.00174768728767123;NaN;NaN;NaN;NaN;NaN;NaN;NaN;NaN;NaN;NaN;NaN;NaN;NaN;NaN;NaN;NaN;NaN;NaN;NaN;NaN;NaN;NaN;NaN;NaN;NaN;NaN;NaN;NaN;NaN;NaN;NaN;NaN;NaN;NaN;NaN
0.170217189041096;0.170304647945205;0.170466465753425;0.170700580821918;0.171004816438356;0.171379206849315;0.17182445890411;0.172341001369863;0.172923926027397;0.173565268493151;0.174265017808219;0.175036523287671;0.175896117808219;0.176863317808219;0.177937376712329;0.179088649315068;0.180283183561644;0.181474756164384;0.182625967123288;0.18470915890411;0.185592938356164;0.186309393150685;0.186841287671233;0.187219380821918;0.187442084931507;0.187530246575342;0.18749047260274;0.187300373972603;0.186964952054794;0.18653407260274;0.186015565753425;0.185426784931507;0.184749734246575;0.184018776712329;0.18320951369863;0.182237298630137;0.181121184931507;0.179907091780822;0.178548226027397;0.177033184931507;0.175347450684932;0.173527428767123;0.171569630136986;0.169436645205479;0.167138020547945;0.164732095890411;0.162287750684932;0.159854461643836;0.157483015068493;0.155078902739726;0.152651873972603;0.150183880821918;0.147596263013699;0.144835406849315;0.141818645205479;0.138599064383562;0.135319067123288;0.131951615068493;0.128298089041096;0.124418856164384;0.120307615068493;0.116008294520548;0.11159971369863;0.107117621917808;0.102597647945205;0.0979927328767123;0.093265897260274;0.0884105890410959;0.083337208630137;0.0781929131506849;0.0729950193150685;0.0677089557534247;0.0623418564383562;0.0568862034246575;0.0513551416438356;0.0458068601369863;0.0402703328767123;0.0347405549315069;0.0292036438356164;0.0236662390410959;0.0181644380821918;0.0126719580821918;0.0071502294109589;0.00159294216438356;NaN;NaN;NaN;NaN;NaN;NaN;NaN;NaN;NaN;NaN;NaN;NaN;NaN;NaN;NaN;NaN;NaN;NaN;NaN;NaN;NaN;NaN;NaN;NaN;NaN;NaN;NaN;NaN;NaN;NaN;NaN;NaN;NaN;NaN;NaN;NaN
0.174350039726027;0.174527887671233;0.174781515068493;0.175108561643836;0.175507234246575;0.175978694520548;0.176524850684932;0.177144769863014;0.177830610958904;0.17857898630137;0.179399260273973;0.180304036986301;0.181314620547945;0.182442283561644;0.18365955890411;0.184930787671233;0.186206710958904;0.187445216438356;0.188617053424658;0.190669476712329;0.19146422739726;0.192066005479452;0.192511246575342;0.192787171232877;0.192904191780822;0.192881205479452;0.192723401369863;0.192419850684932;0.191996;0.191464020547945;0.190867773972603;0.190190771232877;0.189461775342466;0.188647183561644;0.187672047945205;0.186557756164384;0.185343202739726;0.183964443835616;0.182419646575342;0.18070182739726;0.178850810958904;0.176859197260274;0.174691976712329;0.172349152054795;0.169877975342466;0.167347497260274;0.1648354;0.162401419178082;0.159945954794521;0.157471384931507;0.154950054794521;0.152298398630137;0.149449809589041;0.146328563013699;0.143044938356164;0.139730450684932;0.136261042465753;0.132468784931507;0.128443560273973;0.124178036986301;0.119731182191781;0.115190330136986;0.110569910958904;0.10590772739726;0.101146706849315;0.0962716135616438;0.0912304639726027;0.0859789136986301;0.0806644558904109;0.0752905987671233;0.0698341619178082;0.0643047993150685;0.0586769590410959;0.0529679279452055;0.0472357512328767;0.0415156119178082;0.0358031210958904;0.0300775030136986;0.0243538508219178;0.0186743698630137;0.0130082849315068;0.00731759076712329;0.00158917395890411;NaN;NaN;NaN;NaN;NaN;NaN;NaN;NaN;NaN;NaN;NaN;NaN;NaN;NaN;NaN;NaN;NaN;NaN;NaN;NaN;NaN;NaN;NaN;NaN;NaN;NaN;NaN;NaN;NaN;NaN;NaN;NaN;NaN;NaN;NaN;NaN;NaN
0.178639017808219;0.178910076712329;0.17925814109589;0.179681139726027;0.180178473972603;0.180752439726027;0.181404376712329;0.182130379452055;0.182924275342466;0.183792498630137;0.184747210958904;0.185802863013699;0.18697892739726;0.188258519178082;0.189606087671233;0.190968687671233;0.192298689041096;0.193562156164384;0.194739554794521;0.196680639726027;0.197359995890411;0.197873563013699;0.1982108;0.198377653424658;0.198381016438356;0.198239056164384;0.197961682191781;0.197569182191781;0.197038949315068;0.196424989041096;0.195742269863014;0.19502184109589;0.194206708219178;0.193225117808219;0.192112389041096;0.190904406849315;0.189514823287671;0.187951260273973;0.186208287671233;0.184325283561644;0.182297608219178;0.180093128767123;0.177712765753425;0.175198967123288;0.17259524109589;0.169995995890411;0.167490301369863;0.164978709589041;0.162454187671233;0.159886710958904;0.157183660273973;0.15426278630137;0.151039008219178;0.147662816438356;0.144296773972603;0.140749617808219;0.136840169863014;0.13266355890411;0.1282407;0.123653136986301;0.11898112739726;0.114222216438356;0.109412495890411;0.104497438356164;0.0994715984931507;0.0942366145205479;0.0888181434246575;0.0833299082191781;0.0777763665753425;0.0721461926027397;0.0664537209589041;0.060655944109589;0.0547703130136986;0.0488517035616438;0.0429438457534247;0.0370441212328767;0.0311262909589041;0.0252130842465753;0.0193496110958904;0.0135057782191781;0.00764416106849315;0.00174434954794521;NaN;NaN;NaN;NaN;NaN;NaN;NaN;NaN;NaN;NaN;NaN;NaN;NaN;NaN;NaN;NaN;NaN;NaN;NaN;NaN;NaN;NaN;NaN;NaN;NaN;NaN;NaN;NaN;NaN;NaN;NaN;NaN;NaN;NaN;NaN;NaN;NaN;NaN
0.183084817808219;0.18345174109589;0.1838973;0.184420519178082;0.185021879452055;0.185703783561644;0.186464984931507;0.187300564383562;0.188213273972603;0.1892164;0.190321373972603;0.191545539726027;0.192882983561644;0.194303867123288;0.195754379452055;0.197179816438356;0.198540363013699;0.199815623287671;0.20097081369863;0.202719193150685;0.203307664383562;0.203708735616438;0.203932687671233;0.203984384931507;0.203867463013699;0.203598684931507;0.203230895890411;0.202727598630137;0.20211047260274;0.201411780821918;0.200691789041096;0.199885224657534;0.198904623287671;0.19778912739726;0.196584705479452;0.19519372739726;0.193622523287671;0.191865447945205;0.189956509589041;0.187892163013699;0.185648376712329;0.183228717808219;0.18067648630137;0.178022331506849;0.175347904109589;0.172759476712329;0.170183920547945;0.167603642465753;0.164992045205479;0.162248726027397;0.159268520547945;0.155960371232877;0.152492680821918;0.149038819178082;0.145398239726027;0.141400901369863;0.137091812328767;0.132509728767123;0.127780493150685;0.122977909589041;0.118082056164384;0.113120302739726;0.108053194520548;0.102870468493151;0.0974436391780822;0.0918627206849315;0.0861990523287671;0.0804620217808219;0.0746537147945206;0.0687950924657534;0.0628306173972603;0.0567709401369863;0.0506648715068493;0.0445645412328767;0.0384731228767123;0.0323601910958904;0.0262538691780822;0.0201999080821918;0.0141730269863014;0.00813747050684932;0.00206609476712329;NaN;NaN;NaN;NaN;NaN;NaN;NaN;NaN;NaN;NaN;NaN;NaN;NaN;NaN;NaN;NaN;NaN;NaN;NaN;NaN;NaN;NaN;NaN;NaN;NaN;NaN;NaN;NaN;NaN;NaN;NaN;NaN;NaN;NaN;NaN;NaN;NaN;NaN;NaN
0.187687895890411;0.188153773972603;0.188701093150685;0.189329897260274;0.190040973972603;0.190835163013699;0.191708269863014;0.192661928767123;0.193708512328767;0.194860945205479;0.196135546575342;0.197531039726027;0.199020464383562;0.200557502739726;0.202081610958904;0.203544989041096;0.204923219178082;0.206182893150685;0.207267705479452;0.208809217808219;0.20928305890411;0.209565235616438;0.209672909589041;0.209602331506849;0.209352608219178;0.208989897260274;0.208506883561644;0.207911135616438;0.207211234246575;0.206478583561644;0.205675479452055;0.204707364383562;0.203595660273973;0.202388065753425;0.200995598630137;0.199426728767123;0.197667236986301;0.195742401369863;0.193648780821918;0.191365139726027;0.188905768493151;0.186310030136986;0.183610260273973;0.180881953424658;0.178219620547945;0.175571035616438;0.172926404109589;0.170269224657534;0.167491104109589;0.164463464383562;0.161087089041096;0.157543957534247;0.153997521917808;0.150231017808219;0.146130317808219;0.14171684109589;0.136999545205479;0.132125439726027;0.127186175342466;0.122155134246575;0.117040497260274;0.111820456164384;0.106470875342466;0.10086107260274;0.0951202156164384;0.089281635890411;0.0833581087671233;0.0773663063013699;0.0713361242465753;0.0652074235616438;0.0589779782191781;0.0526848206849315;0.0463879332876712;0.0400995356164384;0.0337893006849315;0.0274865676712329;0.0212354635616438;0.0150192384931507;0.00880530228767123;0.00256156328767123;NaN;NaN;NaN;NaN;NaN;NaN;NaN;NaN;NaN;NaN;NaN;NaN;NaN;NaN;NaN;NaN;NaN;NaN;NaN;NaN;NaN;NaN;NaN;NaN;NaN;NaN;NaN;NaN;NaN;NaN;NaN;NaN;NaN;NaN;NaN;NaN;NaN;NaN;NaN;NaN
0.192449230136986;0.193018354794521;0.19367262739726;0.194412715068493;0.195238809589041;0.196148102739726;0.197139210958904;0.198224293150685;0.199419247945205;0.200740712328767;0.202195090410959;0.203752894520548;0.205373312328767;0.206997023287671;0.208568653424658;0.21005498630137;0.211426568493151;0.212623930136986;0.213601423287671;0.214929719178082;0.215278002739726;0.215442479452055;0.215424750684932;0.215218036986301;0.214868490410959;0.214386102739726;0.213803626027397;0.213126676712329;0.212394238356164;0.211584842465753;0.210625319178082;0.209528168493151;0.208322654794521;0.206925263013699;0.205357043835616;0.203606617808219;0.201676205479452;0.199565410958904;0.1972495;0.194751421917808;0.192108873972603;0.189359012328767;0.186579030136986;0.183860260273973;0.181150152054795;0.178432345205479;0.175724342465753;0.172913183561644;0.169845416438356;0.166415739726027;0.162809352054795;0.159183293150685;0.155292394520548;0.151053282191781;0.146518531506849;0.141698232876712;0.136700683561644;0.131618417808219;0.126446920547945;0.1211809;0.115806593150685;0.110279624657534;0.104496093150685;0.0985970846575343;0.0925863438356164;0.0864757684931507;0.0802947052054795;0.0740849258904109;0.0677928650684931;0.0613980783561644;0.0549207263013699;0.0484245124657534;0.0419330931506849;0.0354231964383562;0.02892153;0.022467041369863;0.0160541212328767;0.00965597326027397;0.00323771779452055;NaN;NaN;NaN;NaN;NaN;NaN;NaN;NaN;NaN;NaN;NaN;NaN;NaN;NaN;NaN;NaN;NaN;NaN;NaN;NaN;NaN;NaN;NaN;NaN;NaN;NaN;NaN;NaN;NaN;NaN;NaN;NaN;NaN;NaN;NaN;NaN;NaN;NaN;NaN;NaN;NaN
0.19737082739726;0.198048353424658;0.198815236986301;0.199672668493151;0.200617404109589;0.201645704109589;0.202765380821918;0.20399755890411;0.205359350684931;0.206865282191781;0.208492616438356;0.210197931506849;0.211920620547945;0.213603235616438;0.2152034;0.216693479452055;0.21801194109589;0.219109131506849;0.219983891780822;0.221067091780822;0.221295946575342;0.221331498630137;0.221175626027397;0.220860928767123;0.220389130136986;0.219798101369863;0.219133584931507;0.21842455890411;0.217625149315068;0.21666514109589;0.21557802739726;0.214384926027397;0.212991238356164;0.211417815068493;0.209676035616438;0.207750580821918;0.205634949315069;0.203299349315068;0.200771742465753;0.198081282191781;0.195278638356164;0.192439635616438;0.189661378082192;0.18690931369863;0.184132324657534;0.18136545890411;0.178520298630137;0.175416943835616;0.17194411369863;0.168283956164384;0.164589252054795;0.160594147945205;0.156215591780822;0.151523975342466;0.146584009589041;0.141492710958904;0.136287053424658;0.130970309589041;0.125546735616438;0.1200175;0.114308623287671;0.108356564383562;0.102298263013699;0.0961199950684932;0.0898250336986301;0.0834498252054795;0.0770513189041096;0.0705927231506849;0.0640361380821918;0.0573811079452055;0.050684301369863;0.0439843231506849;0.0372714564383562;0.0305685594520548;0.0239055338356164;0.0172880161643836;0.0106982697260274;0.00410158430136986;NaN;NaN;NaN;NaN;NaN;NaN;NaN;NaN;NaN;NaN;NaN;NaN;NaN;NaN;NaN;NaN;NaN;NaN;NaN;NaN;NaN;NaN;NaN;NaN;NaN;NaN;NaN;NaN;NaN;NaN;NaN;NaN;NaN;NaN;NaN;NaN;NaN;NaN;NaN;NaN;NaN;NaN
0.202455515068493;0.203246989041096;0.204132902739726;0.205112356164384;0.206178516438356;0.207333626027397;0.208597568493151;0.209993302739726;0.211540089041096;0.213230342465753;0.21502182739726;0.216846971232877;0.218641580821918;0.220360490410959;0.221974673972603;0.223423465753425;0.224649793150685;0.225643049315068;0.226405982191781;0.227229634246575;0.227327083561644;0.227221316438356;0.226947590410959;0.226510445205479;0.225919746575342;0.225242975342466;0.224544379452055;0.223779842465753;0.222838368493151;0.221752179452055;0.220566460273973;0.219189332876712;0.217617656164384;0.21587912739726;0.213958045205479;0.211849249315068;0.209507017808219;0.206963898630137;0.204234035616438;0.201377816438356;0.198474631506849;0.195624049315068;0.192826132876712;0.190013975342466;0.187201143835616;0.184319573972603;0.181183484931507;0.177674932876712;0.173964571232877;0.170211126027397;0.166130402739726;0.161629764383562;0.156781710958904;0.151683728767123;0.146478557534247;0.141177565753425;0.135738312328767;0.130150284931507;0.124459006849315;0.118568004109589;0.112450989041096;0.106230643835616;0.0998883146575343;0.0934142083561644;0.0868435417808219;0.0802475046575342;0.0736136331506849;0.0668969653424658;0.0600718520547945;0.0531777202739726;0.0462643757534247;0.0393441526027397;0.0324365921917808;0.0255622547945205;0.0187332567123288;0.0119418315068493;0.00516087663013699;NaN;NaN;NaN;NaN;NaN;NaN;NaN;NaN;NaN;NaN;NaN;NaN;NaN;NaN;NaN;NaN;NaN;NaN;NaN;NaN;NaN;NaN;NaN;NaN;NaN;NaN;NaN;NaN;NaN;NaN;NaN;NaN;NaN;NaN;NaN;NaN;NaN;NaN;NaN;NaN;NaN;NaN;NaN
0.207706226027397;0.208617997260274;0.209628706849315;0.21073322739726;0.211926079452055;0.213221108219178;0.21464522739726;0.216223723287671;0.217964608219178;0.219833006849315;0.221763853424658;0.223677131506849;0.225519391780822;0.227261179452055;0.228849226027397;0.230213897260274;0.231338245205479;0.232219032876712;0.232843301369863;0.233407602739726;0.233359024657534;0.233125665753425;0.232729554794521;0.232163601369863;0.231481410958904;0.230764747945206;0.230021383561644;0.229127594520548;0.228062475342466;0.226874053424658;0.225510182191781;0.223952282191781;0.222223936986301;0.220302647945205;0.218200031506849;0.215864297260274;0.213319279452055;0.210564904109589;0.207663463013699;0.204694047945205;0.201760838356164;0.198899510958904;0.19605421369863;0.193216539726027;0.19031831369863;0.187152108219178;0.18361344109589;0.179853771232877;0.176046046575342;0.171897465753425;0.167290204109589;0.162305347945205;0.157046978082192;0.151685915068493;0.146265576712329;0.140735884931507;0.13500447260274;0.129144606849315;0.123066242465753;0.116785894520548;0.110401938356164;0.103896653424658;0.0972489252054794;0.0904866794520548;0.0836863246575342;0.0768645824657534;0.0699852694520548;0.0629980163013699;0.055912532739726;0.0487849410958904;0.0416507617808219;0.0345350834246575;0.02744751;0.0204012006849315;0.0133982135616438;0.00642348524657534;NaN;NaN;NaN;NaN;NaN;NaN;NaN;NaN;NaN;NaN;NaN;NaN;NaN;NaN;NaN;NaN;NaN;NaN;NaN;NaN;NaN;NaN;NaN;NaN;NaN;NaN;NaN;NaN;NaN;NaN;NaN;NaN;NaN;NaN;NaN;NaN;NaN;NaN;NaN;NaN;NaN;NaN;NaN;NaN
0.213126704109589;0.214165310958904;0.215304945205479;0.216537761643836;0.217866683561644;0.219318384931507;0.220921032876712;0.222697921917808;0.224628605479452;0.226657919178082;0.228697402739726;0.230672639726027;0.232546019178082;0.234278583561644;0.235791731506849;0.237059042465753;0.238070835616438;0.238815021917808;0.239305990410959;0.239586478082192;0.239400757534247;0.239043454794521;0.238509328767123;0.23784467260274;0.237113369863014;0.236361302739726;0.23550437260274;0.234490445205479;0.233319745205479;0.231961245205479;0.230412590410959;0.228705357534247;0.226792808219178;0.2246911;0.222362765753425;0.219828679452055;0.217065790410959;0.214133283561644;0.21110587260274;0.208084078082192;0.205140879452055;0.202252064383562;0.199386250684931;0.196498571232877;0.193329878082192;0.189766745205479;0.185957297260274;0.182096152054795;0.177893504109589;0.173194187671233;0.168089442465753;0.162687164383562;0.157165791780822;0.151579894520548;0.145935954794521;0.140093830136986;0.134087520547945;0.127818384931507;0.121367710958904;0.11481834109589;0.108150895890411;0.101335261643836;0.0943872060273973;0.0873799287671233;0.0803580336986301;0.0733071410958904;0.0661611789041096;0.0588958073972603;0.051557142739726;0.0442023491780822;0.0368730306849315;0.0295706865753425;0.022303787260274;0.0150795954794521;0.00789946198630137;0.00073427655890411;NaN;NaN;NaN;NaN;NaN;NaN;NaN;NaN;NaN;NaN;NaN;NaN;NaN;NaN;NaN;NaN;NaN;NaN;NaN;NaN;NaN;NaN;NaN;NaN;NaN;NaN;NaN;NaN;NaN;NaN;NaN;NaN;NaN;NaN;NaN;NaN;NaN;NaN;NaN;NaN;NaN;NaN;NaN;NaN
0.218720902739726;0.219891545205479;0.2211629;0.222530428767123;0.224010816438356;0.225635661643836;0.227435121917808;0.229413052054795;0.231525656164384;0.233686745205479;0.235804806849315;0.237821476712329;0.239701716438356;0.241373167123288;0.242794119178082;0.243952094520548;0.244828980821918;0.245433293150685;0.245791334246575;0.245770094520548;0.245457321917808;0.244954552054795;0.244312263013699;0.243586894520548;0.242828321917808;0.241978146575342;0.241005282191781;0.23988432739726;0.238554842465753;0.237006280821918;0.23531284109589;0.233422967123288;0.231330915068493;0.229005347945205;0.226482746575342;0.223727319178082;0.220778663013699;0.217708230136986;0.214604184931507;0.211562376712329;0.208618363013699;0.205708942465753;0.202830728767123;0.19969715890411;0.196141501369863;0.192282917808219;0.188366278082192;0.184122147945205;0.179340808219178;0.17413087260274;0.168598793150685;0.162931924657534;0.157173895890411;0.151365853424658;0.1453929;0.139270661643836;0.132838457534247;0.126211554794521;0.119486347945205;0.112655116438356;0.105678769863014;0.0985520973972603;0.0913398153424658;0.0841077157534247;0.0768703284931507;0.0695649356164383;0.0621314324657534;0.0545909128767123;0.0470111420547945;0.0394608947945205;0.0319407130136986;0.0244520957534247;0.0169996794520548;0.00960039695890411;0.0022412822739726;NaN;NaN;NaN;NaN;NaN;NaN;NaN;NaN;NaN;NaN;NaN;NaN;NaN;NaN;NaN;NaN;NaN;NaN;NaN;NaN;NaN;NaN;NaN;NaN;NaN;NaN;NaN;NaN;NaN;NaN;NaN;NaN;NaN;NaN;NaN;NaN;NaN;NaN;NaN;NaN;NaN;NaN;NaN;NaN;NaN
0.224492234246575;0.225798734246575;0.227205619178082;0.228718861643836;0.230367298630137;0.232184205479452;0.234192994520548;0.236368704109589;0.238638017808219;0.240897983561644;0.243072039726027;0.245109860273973;0.246948826027397;0.248532330136986;0.249850578082192;0.250874212328767;0.251608532876712;0.252078773972603;0.25228355890411;0.251968787671233;0.251505456164384;0.250882884931507;0.250166030136986;0.249417650684932;0.248576728767123;0.247616767123288;0.24653737260274;0.245269210958904;0.243747276712329;0.242053636986301;0.240182389041096;0.238113168493151;0.235800780821918;0.233284247945205;0.230539969863014;0.227589804109589;0.224492810958904;0.22132195890411;0.218177693150685;0.215162531506849;0.21219727260274;0.209309487671233;0.206221683561644;0.202716564383562;0.198838679452055;0.194863750684932;0.190589650684931;0.185734942465753;0.180428832876712;0.1747796;0.168977515068493;0.163062931506849;0.157079384931507;0.150931753424658;0.144666982191781;0.138109075342466;0.131331764383562;0.124421576712329;0.117414898630137;0.110281238356164;0.102985890410959;0.0955766576712329;0.0881269938356164;0.0806859187671233;0.0732137104109589;0.0656205643835616;0.0578918595890411;0.0500906739726027;0.0423095408219178;0.0345669461643836;0.0268558861643836;0.0191718675342466;0.0115410175342466;0.00397261391780822;NaN;NaN;NaN;NaN;NaN;NaN;NaN;NaN;NaN;NaN;NaN;NaN;NaN;NaN;NaN;NaN;NaN;NaN;NaN;NaN;NaN;NaN;NaN;NaN;NaN;NaN;NaN;NaN;NaN;NaN;NaN;NaN;NaN;NaN;NaN;NaN;NaN;NaN;NaN;NaN;NaN;NaN;NaN;NaN;NaN;NaN
0.230443275342466;0.231888289041096;0.233437734246575;0.235113121917808;0.236947045205479;0.238973784931507;0.241192364383562;0.243550868493151;0.245944516438356;0.2482784;0.25048758630137;0.252506938356164;0.254264593150685;0.255752880821918;0.25693975890411;0.257820615068493;0.258416915068493;0.258736130136986;0.258769087671233;0.258160156164384;0.2575633;0.256850793150685;0.256109090410959;0.255295271232877;0.254353206849315;0.253288971232877;0.252069821917808;0.250615657534247;0.248941210958904;0.247078980821918;0.245025782191781;0.242742543835616;0.240241404109589;0.237506043835616;0.234557021917808;0.231449960273973;0.228231049315069;0.224991602739726;0.221892415068493;0.218864084931507;0.215943489041096;0.212895367123288;0.20945682739726;0.205604098630137;0.2015971;0.197302775342466;0.192384546575342;0.186988319178082;0.181229119178082;0.175299857534247;0.169240520547945;0.163091243835616;0.156765560273973;0.150308321917808;0.143601968493151;0.136709847945205;0.129640402739726;0.122445647945205;0.115144949315068;0.107689917808219;0.100097619178082;0.0924312835616438;0.0847690894520548;0.0771127601369863;0.069363817260274;0.0614634790410959;0.0534500990410959;0.0454326771232877;0.0374585361643836;0.0295230089041096;0.0216077554794521;0.0137362721917808;0.00594090456164384;NaN;NaN;NaN;NaN;NaN;NaN;NaN;NaN;NaN;NaN;NaN;NaN;NaN;NaN;NaN;NaN;NaN;NaN;NaN;NaN;NaN;NaN;NaN;NaN;NaN;NaN;NaN;NaN;NaN;NaN;NaN;NaN;NaN;NaN;NaN;NaN;NaN;NaN;NaN;NaN;NaN;NaN;NaN;NaN;NaN;NaN;NaN
0.236575806849315;0.238163338356164;0.239867690410959;0.241721657534247;0.243760501369863;0.246006628767123;0.248430257534247;0.250941767123288;0.253429710958904;0.255815106849315;0.258027836986301;0.259980832876712;0.261647515068493;0.263012995890411;0.264055054794521;0.264795221917808;0.26524427260274;0.265387363013699;0.265261064383562;0.264351697260274;0.263650895890411;0.262903354794521;0.262112682191781;0.261207619178082;0.260166657534247;0.258967121917808;0.257575790410959;0.25595552739726;0.254125669863014;0.252076315068493;0.249818361643836;0.247346439726027;0.244633615068493;0.241682534246575;0.238569849315068;0.235322147945205;0.232002882191781;0.228806852054795;0.22572038630137;0.222741349315069;0.219723495890411;0.21635132739726;0.212545416438356;0.208545252054795;0.204266367123288;0.199299536986301;0.193817773972603;0.187953523287671;0.181899084931507;0.175702735616438;0.169396304109589;0.162907816438356;0.156253643835616;0.149348069863014;0.142315847945205;0.135125315068493;0.127764401369863;0.120283126027397;0.112664165753425;0.104901923287671;0.0970327682191781;0.089138574520548;0.0812730636986301;0.073361031369863;0.065304365890411;0.0570971463013699;0.048844338630137;0.040628507260274;0.0324615190410959;0.0243175753424658;0.0162016757534247;0.00816220650684932;0.000204421498630137;NaN;NaN;NaN;NaN;NaN;NaN;NaN;NaN;NaN;NaN;NaN;NaN;NaN;NaN;NaN;NaN;NaN;NaN;NaN;NaN;NaN;NaN;NaN;NaN;NaN;NaN;NaN;NaN;NaN;NaN;NaN;NaN;NaN;NaN;NaN;NaN;NaN;NaN;NaN;NaN;NaN;NaN;NaN;NaN;NaN;NaN;NaN
0.24289105890411;0.244628395890411;0.246504352054795;0.248555594520548;0.250816419178082;0.253282763013699;0.255889439726027;0.258521393150685;0.261080680821918;0.263490145205479;0.265659528767123;0.267523828767123;0.269080602739726;0.270299394520548;0.27120142739726;0.271795798630137;0.272070432876712;0.272032957534247;0.271755802739726;0.270566495890411;0.269810997260274;0.26902888630137;0.268157889041096;0.267161764383562;0.265991982191781;0.264633621917808;0.263064178082192;0.261299220547945;0.25927981369863;0.257034830136986;0.254586364383562;0.251913595890411;0.24897524109589;0.245854532876712;0.242585238356164;0.239206520547945;0.235904965753425;0.232764434246575;0.229715043835616;0.226709715068493;0.223402306849315;0.219654461643836;0.215671778082192;0.211452856164384;0.206488452054795;0.200927991780822;0.194961671232877;0.188782624657534;0.182449030136986;0.175993378082192;0.169350278082192;0.162518982191781;0.155406649315068;0.148181387671233;0.140846208219178;0.133354705479452;0.125712397260274;0.117919321917808;0.1099877;0.10193461369863;0.0938124883561644;0.0857138128767123;0.0776165693150685;0.0694090287671233;0.0610323126027397;0.0525565791780822;0.0440908202739726;0.0356823928767123;0.0273072979452055;0.0189502798630137;0.0106546671232877;0.00246361579452055;NaN;NaN;NaN;NaN;NaN;NaN;NaN;NaN;NaN;NaN;NaN;NaN;NaN;NaN;NaN;NaN;NaN;NaN;NaN;NaN;NaN;NaN;NaN;NaN;NaN;NaN;NaN;NaN;NaN;NaN;NaN;NaN;NaN;NaN;NaN;NaN;NaN;NaN;NaN;NaN;NaN;NaN;NaN;NaN;NaN;NaN;NaN;NaN
0.249392139726027;0.251292197260274;0.253356810958904;0.255624776712329;0.258115631506849;0.260793773972603;0.263552468493151;0.266277923287671;0.268882409589041;0.271274302739726;0.273363535616438;0.275128921917808;0.276543097260274;0.277619904109589;0.278376832876712;0.278803939726027;0.278882584931507;0.278684542465753;0.278235657534247;0.276835390410959;0.276055510958904;0.275204024657534;0.274249404109589;0.273135743835616;0.271815632876712;0.270279924657534;0.268561847945205;0.266614998630137;0.264404139726027;0.261969275342466;0.259330102739726;0.256426967123288;0.2533117;0.250022810958904;0.24659568630137;0.243190138356164;0.239986649315068;0.236870235616438;0.233857850684932;0.230611954794521;0.226935239726027;0.222967756164384;0.218816897260274;0.213926104109589;0.208329463013699;0.202264749315068;0.195962046575342;0.189486404109589;0.182883830136986;0.176089461643836;0.169097560273973;0.161793504109589;0.154366009589041;0.146835378082192;0.13918782739726;0.131414215068493;0.123469938356164;0.115362984931507;0.107133324657534;0.0988014845205479;0.0904591157534246;0.0821448642465753;0.0737753182191781;0.0652492110958904;0.0565759393150685;0.0478616106849315;0.0391991454794521;0.0305850828767123;0.0219905045205479;0.0134359394520548;0.00498907028767123;NaN;NaN;NaN;NaN;NaN;NaN;NaN;NaN;NaN;NaN;NaN;NaN;NaN;NaN;NaN;NaN;NaN;NaN;NaN;NaN;NaN;NaN;NaN;NaN;NaN;NaN;NaN;NaN;NaN;NaN;NaN;NaN;NaN;NaN;NaN;NaN;NaN;NaN;NaN;NaN;NaN;NaN;NaN;NaN;NaN;NaN;NaN;NaN;NaN
0.256083198630137;0.258163308219178;0.260435760273973;0.262937119178082;0.265659049315069;0.268523504109589;0.271402720547945;0.27419678630137;0.276810483561644;0.279141271232877;0.281136339726027;0.282771665753425;0.284037428767123;0.284973869863014;0.285570464383562;0.285797161643836;0.285692757534247;0.285322269863014;0.284721093150685;0.28319445890411;0.282357043835616;0.281429131506849;0.280371167123288;0.279113061643836;0.277629657534247;0.275926763013699;0.274043920547945;0.271902921917808;0.269509328767123;0.266888547945205;0.264022915068493;0.260930626027397;0.257643654794521;0.254173532876712;0.250667284931507;0.247376073972603;0.244207556164384;0.241163587671233;0.237982457534247;0.234388328767123;0.230439091780822;0.226338724657534;0.221569473972603;0.215999454794521;0.209873226027397;0.203450295890411;0.19682635890411;0.190075368493151;0.183127587671233;0.175984769863014;0.168503347945205;0.160884076712329;0.153153180821918;0.145299163013699;0.137360443835616;0.129296031506849;0.121038708219178;0.112633482191781;0.104106790410959;0.0955261569863014;0.0869690143835617;0.0784095112328767;0.0697373256164383;0.0608988909589041;0.051953857260274;0.0430273267123288;0.0341617842465754;0.0253296821917808;0.0165193478082192;0.00780188773972603;NaN;NaN;NaN;NaN;NaN;NaN;NaN;NaN;NaN;NaN;NaN;NaN;NaN;NaN;NaN;NaN;NaN;NaN;NaN;NaN;NaN;NaN;NaN;NaN;NaN;NaN;NaN;NaN;NaN;NaN;NaN;NaN;NaN;NaN;NaN;NaN;NaN;NaN;NaN;NaN;NaN;NaN;NaN;NaN;NaN;NaN;NaN;NaN;NaN;NaN
0.26297301369863;0.26525084109589;0.267750543835616;0.270493471232877;0.273435084931507;0.276454339726027;0.279427943835616;0.282258706849315;0.284836463013699;0.287078893150685;0.288959563013699;0.29044334109589;0.291572269863014;0.292353305479452;0.292757543835616;0.292775261643836;0.292495821917808;0.291952126027397;0.291232632876712;0.289620545205479;0.288713012328767;0.287695135616438;0.286501036986301;0.285095847945205;0.283429643835616;0.281575487671233;0.279494160273973;0.277180293150685;0.274603504109589;0.27176735890411;0.268695569863014;0.265436468493151;0.261947302739726;0.258348420547945;0.254931831506849;0.2517213;0.248622082191781;0.245505683561644;0.242009189041096;0.238091361643836;0.234018015068493;0.22940045890411;0.223897026027397;0.217764169863014;0.211258761643836;0.20448452739726;0.197578778082192;0.190475678082192;0.183178835616438;0.175534079452055;0.167728561643836;0.159813246575342;0.151751652054795;0.143589917808219;0.135366535616438;0.126992932876712;0.118441509589041;0.109732276712329;0.100925365753425;0.0921137624657534;0.0833299867123288;0.0744936168493151;0.0655128568493151;0.05637043;0.0471850602739726;0.0380517035616438;0.0289740687671233;0.0199152768493151;0.0109216646575342;0.00204952475342466;NaN;NaN;NaN;NaN;NaN;NaN;NaN;NaN;NaN;NaN;NaN;NaN;NaN;NaN;NaN;NaN;NaN;NaN;NaN;NaN;NaN;NaN;NaN;NaN;NaN;NaN;NaN;NaN;NaN;NaN;NaN;NaN;NaN;NaN;NaN;NaN;NaN;NaN;NaN;NaN;NaN;NaN;NaN;NaN;NaN;NaN;NaN;NaN;NaN;NaN
0.270070104109589;0.272564894520548;0.27530851369863;0.278294673972603;0.28142924109589;0.284572389041096;0.287611683561644;0.290436671232877;0.292940798630137;0.295078675342466;0.296814752054794;0.298156721917808;0.299139228767123;0.299740704109589;0.299920424657534;0.299747265753425;0.299279845205479;0.298598354794521;0.29780892739726;0.296103357534247;0.295118093150685;0.293977391780822;0.292645390410959;0.291061380821918;0.289240584931507;0.287191823287671;0.28494048630137;0.282450528767123;0.279670397260274;0.276614353424658;0.273380990410959;0.26990577260274;0.266247195890411;0.262680410958904;0.259399783561644;0.256236534246575;0.253166445205479;0.249781689041096;0.245929324657534;0.241864660273973;0.237411620547945;0.232006864383562;0.225899215068493;0.219363498630137;0.212476742465753;0.205408116438356;0.198148295890411;0.190687624657534;0.182885643835616;0.17489705890411;0.166805798630137;0.158558657534247;0.15017121369863;0.141721869863014;0.133193905479452;0.124529668493151;0.11567878630137;0.106666817808219;0.0975977071232877;0.0885615142465754;0.079527447260274;0.0704050695890411;0.0611033931506849;0.0516845779452055;0.0422746720547945;0.0329339830136986;0.0236290423287671;0.0143650675342466;0.00520809589041096;NaN;NaN;NaN;NaN;NaN;NaN;NaN;NaN;NaN;NaN;NaN;NaN;NaN;NaN;NaN;NaN;NaN;NaN;NaN;NaN;NaN;NaN;NaN;NaN;NaN;NaN;NaN;NaN;NaN;NaN;NaN;NaN;NaN;NaN;NaN;NaN;NaN;NaN;NaN;NaN;NaN;NaN;NaN;NaN;NaN;NaN;NaN;NaN;NaN;NaN;NaN
0.277382924657534;0.280114391780822;0.283111852054794;0.286328184931507;0.289624312328767;0.292864435616438;0.295931573972603;0.298705712328767;0.301112967123288;0.303120336986301;0.304706598630137;0.305912593150685;0.306726171232877;0.307107249315068;0.307067520547945;0.306698609589041;0.306069280821918;0.305290050684932;0.304473505479452;0.302643636986301;0.301550335616438;0.300276728767123;0.298785482191781;0.29703034109589;0.295029080821918;0.292803473972603;0.290387843835616;0.287702593150685;0.284701263013699;0.281479143835616;0.278030087671233;0.274350709589041;0.27065515890411;0.267245754794521;0.264016498630137;0.260949753424658;0.257686475342466;0.253943664383562;0.249895628767123;0.245587682191781;0.240324869863014;0.234267012328767;0.22772355890411;0.220782404109589;0.213578619178082;0.206160747945206;0.198526468493151;0.190565431506849;0.182392430136986;0.174125846575342;0.165707735616438;0.15712034109589;0.148433260273973;0.139683193150685;0.130863812328767;0.121910563013699;0.112750961643836;0.103441794520548;0.0941316120547945;0.0848596664383562;0.075570461369863;0.066135377260274;0.0565233294520548;0.0468485319178082;0.0372273260273973;0.0276651867123288;0.0181404421917808;0.00869545195890411;NaN;NaN;NaN;NaN;NaN;NaN;NaN;NaN;NaN;NaN;NaN;NaN;NaN;NaN;NaN;NaN;NaN;NaN;NaN;NaN;NaN;NaN;NaN;NaN;NaN;NaN;NaN;NaN;NaN;NaN;NaN;NaN;NaN;NaN;NaN;NaN;NaN;NaN;NaN;NaN;NaN;NaN;NaN;NaN;NaN;NaN;NaN;NaN;NaN;NaN;NaN;NaN
0.284920947945206;0.287907230136986;0.291160891780822;0.294581230136986;0.298008079452055;0.301311326027397;0.304359387671233;0.307049869863014;0.309338547945205;0.31119525890411;0.312646846575343;0.313698142465753;0.314308405479452;0.314444361643836;0.314197065753425;0.313638745205479;0.31288568630137;0.312066208219178;0.311207553424658;0.309221156164384;0.308002354794521;0.306589282191781;0.304916435616438;0.302992787671233;0.300806198630137;0.298426146575342;0.295821845205479;0.292925494520548;0.289742823287671;0.286322326027397;0.282635116438356;0.278857561643836;0.275285480821918;0.271977689041096;0.268852050684931;0.265707879452055;0.262110676712329;0.258105201369863;0.253914060273973;0.248841565753425;0.24286807260274;0.236328501369863;0.229361376712329;0.222070608219178;0.214526630136986;0.206715028767123;0.198585526027397;0.190225450684932;0.18177428630137;0.173191404109589;0.164425352054794;0.155519360273973;0.146534223287671;0.137488124657534;0.128385773972603;0.119133604109589;0.109652706849315;0.100071843835616;0.090519938630137;0.0810193469863014;0.071449425479452;0.0616879806849315;0.0517816157534247;0.0418744964383562;0.0320366487671233;0.0222516287671233;0.012525197260274;0.00290920001369863;NaN;NaN;NaN;NaN;NaN;NaN;NaN;NaN;NaN;NaN;NaN;NaN;NaN;NaN;NaN;NaN;NaN;NaN;NaN;NaN;NaN;NaN;NaN;NaN;NaN;NaN;NaN;NaN;NaN;NaN;NaN;NaN;NaN;NaN;NaN;NaN;NaN;NaN;NaN;NaN;NaN;NaN;NaN;NaN;NaN;NaN;NaN;NaN;NaN;NaN;NaN;NaN
0.292693045205479;0.295945954794521;0.299444169863014;0.303037005479452;0.306564939726027;0.309888356164384;0.312873319178082;0.315455963013699;0.317602417808219;0.319316152054795;0.320629346575342;0.321495634246575;0.321858389041096;0.321760743835616;0.321300791780822;0.320592517808219;0.319772906849315;0.31892117260274;0.318003217808219;0.315823795890411;0.314477490410959;0.312892732876712;0.311048173972603;0.308938409589041;0.306602310958904;0.304040489041096;0.301237898630137;0.298144432876712;0.294786708219178;0.291103828767123;0.287268675342466;0.2835439;0.28012858630137;0.276903776712329;0.27383021369863;0.270398980821918;0.266480391780822;0.262370704109589;0.257541184931507;0.251695835616438;0.245182416438356;0.238202036986301;0.230847460273973;0.223222971232877;0.215270876712329;0.206966653424658;0.198409695890411;0.189763089041096;0.181006930136986;0.172078008219178;0.162971591780822;0.153765397260274;0.144480905479452;0.135148857534247;0.125762567123288;0.116184932876712;0.106399756164384;0.0965539745205479;0.0867794731506849;0.0770383135616438;0.0671564702739726;0.0570687221917808;0.0468918510958904;0.0367629375342466;0.0267050106849315;0.0167060069863014;0.00679029980821918;NaN;NaN;NaN;NaN;NaN;NaN;NaN;NaN;NaN;NaN;NaN;NaN;NaN;NaN;NaN;NaN;NaN;NaN;NaN;NaN;NaN;NaN;NaN;NaN;NaN;NaN;NaN;NaN;NaN;NaN;NaN;NaN;NaN;NaN;NaN;NaN;NaN;NaN;NaN;NaN;NaN;NaN;NaN;NaN;NaN;NaN;NaN;NaN;NaN;NaN;NaN;NaN;NaN
0.300707383561644;0.304232176712329;0.307949867123288;0.3116836;0.315274094520548;0.318567219178082;0.32145895890411;0.323909575342466;0.32590535890411;0.327488957534247;0.328638683561644;0.329275801369863;0.329373828767123;0.32904701369863;0.32840327260274;0.327593736986301;0.326745210958904;0.325843234246575;0.324857669863014;0.322454212328767;0.32095894109589;0.319191057534247;0.317167079452055;0.314905968493151;0.312396342465753;0.309647576712329;0.306640268493151;0.303384202739726;0.299766232876712;0.295885983561644;0.292028556164384;0.288462160273973;0.285146573972603;0.282055987671233;0.278782426027397;0.275005697260274;0.27094307260274;0.266389045205479;0.260736306849315;0.254284435616438;0.247307105479452;0.239901952054795;0.232211198630137;0.224170632876712;0.215731897260274;0.20696107260274;0.198110420547945;0.189163421917808;0.180072734246575;0.170784783561644;0.161366334246575;0.151863149315069;0.142282493150685;0.132674534246575;0.122975594520548;0.113072087671233;0.102992328767123;0.0929032265753425;0.0829172369863014;0.0729055053424657;0.0626868364383562;0.0522881006849315;0.0418630006849315;0.0315138643835616;0.0212412163013699;0.0110349917808219;0.000942822402739726;NaN;NaN;NaN;NaN;NaN;NaN;NaN;NaN;NaN;NaN;NaN;NaN;NaN;NaN;NaN;NaN;NaN;NaN;NaN;NaN;NaN;NaN;NaN;NaN;NaN;NaN;NaN;NaN;NaN;NaN;NaN;NaN;NaN;NaN;NaN;NaN;NaN;NaN;NaN;NaN;NaN;NaN;NaN;NaN;NaN;NaN;NaN;NaN;NaN;NaN;NaN;NaN;NaN
0.308969587671233;0.312756371232877;0.316662478082192;0.320503576712329;0.324109361643836;0.327328943835616;0.330100935616438;0.332401839726027;0.334262143835616;0.335703883561644;0.336650950684931;0.337015654794521;0.336859708219178;0.336310236986301;0.335530263013699;0.33468052739726;0.333790283561644;0.3328276;0.331751690410959;0.329105943835616;0.327430347945205;0.325484363013699;0.323302568493151;0.32088021369863;0.318190504109589;0.3152404;0.312064787671233;0.308579738356164;0.304713834246575;0.300753049315069;0.296992268493151;0.293583446575342;0.290411915068493;0.287262264383562;0.283656223287671;0.279648612328767;0.27534667260274;0.269957738356164;0.26362667260274;0.256674528767123;0.24923971369863;0.241485945205479;0.233373490410959;0.224862009589041;0.215900579452055;0.206834979452055;0.197678931506849;0.188413854794521;0.178955424657534;0.169333428767123;0.159623573972603;0.149813231506849;0.139953875342466;0.13005142739726;0.12002331369863;0.109798823287671;0.099440944109589;0.0891395319178082;0.0789290665753425;0.0686047816438356;0.0580475479452055;0.0473570030136986;0.0366993260273973;0.0261360490410959;0.015648037260274;0.00524770382191781;NaN;NaN;NaN;NaN;NaN;NaN;NaN;NaN;NaN;NaN;NaN;NaN;NaN;NaN;NaN;NaN;NaN;NaN;NaN;NaN;NaN;NaN;NaN;NaN;NaN;NaN;NaN;NaN;NaN;NaN;NaN;NaN;NaN;NaN;NaN;NaN;NaN;NaN;NaN;NaN;NaN;NaN;NaN;NaN;NaN;NaN;NaN;NaN;NaN;NaN;NaN;NaN;NaN;NaN
0.317481064383562;0.321507735616438;0.325569380821918;0.329475078082192;0.333042106849315;0.336158405479452;0.338786953424658;0.340940452054795;0.342673130136986;0.343942069863014;0.344635019178082;0.344713935616438;0.344306990410959;0.343578943835616;0.342726779452055;0.341845842465753;0.340901991780822;0.339862263013699;0.338681575342466;0.335758543835616;0.333894535616438;0.331787756164384;0.329459012328767;0.326854819178082;0.323980046575343;0.320843816438356;0.317479683561644;0.313713580821918;0.309719675342466;0.305768909589041;0.302193564383562;0.298929095890411;0.295845679452055;0.292413564383562;0.288502782191781;0.28438165890411;0.279317491780822;0.273181449315068;0.266297746575342;0.258860783561644;0.251055953424658;0.242875760273973;0.234311373972603;0.225214983561644;0.215953661643836;0.206577593150685;0.197113952054795;0.187488134246575;0.177666842465753;0.167754350684931;0.15773315890411;0.147631506849315;0.13748994109589;0.127271378082192;0.116905961643836;0.106371132876712;0.0957673856164384;0.0852690064383562;0.0747971979452055;0.0641328912328767;0.0532452557534247;0.0422875302739726;0.0314066501369863;0.0206321619178082;0.00993407234246575;NaN;NaN;NaN;NaN;NaN;NaN;NaN;NaN;NaN;NaN;NaN;NaN;NaN;NaN;NaN;NaN;NaN;NaN;NaN;NaN;NaN;NaN;NaN;NaN;NaN;NaN;NaN;NaN;NaN;NaN;NaN;NaN;NaN;NaN;NaN;NaN;NaN;NaN;NaN;NaN;NaN;NaN;NaN;NaN;NaN;NaN;NaN;NaN;NaN;NaN;NaN;NaN;NaN;NaN;NaN
0.326236142465753;0.330471531506849;0.334650995890411;0.338569875342466;0.342054609589041;0.345039935616438;0.347514195890411;0.34953832739726;0.351125936986301;0.352174304109589;0.352571152054795;0.35237167260274;0.351733883561644;0.350889475342466;0.350010175342466;0.349082410958904;0.348072978082192;0.346936331506849;0.345644902739726;0.342397883561644;0.34036775890411;0.338123506849315;0.335611656164384;0.332840526027397;0.329766287671233;0.326466293150685;0.322824863013699;0.318876221917808;0.314824053424658;0.311010471232877;0.307621065753425;0.304524554794521;0.301270468493151;0.297503923287671;0.293476512328767;0.288772279452055;0.282910008219178;0.27615262739726;0.268759491780822;0.260921526027397;0.252691231506849;0.244064973972603;0.234870315068493;0.22544581369863;0.215880869863014;0.206194589041096;0.196390569863014;0.186377001369863;0.176253119178082;0.166035061643836;0.155705532876712;0.145321565753425;0.134883242465753;0.124327346575342;0.113629695890411;0.102803002739726;0.0919930949315068;0.0812820610958904;0.0705075936986301;0.0594938649315069;0.0482907630136986;0.0370863653424658;0.0259925556164384;0.0150039516438356;0.00410650065753425;NaN;NaN;NaN;NaN;NaN;NaN;NaN;NaN;NaN;NaN;NaN;NaN;NaN;NaN;NaN;NaN;NaN;NaN;NaN;NaN;NaN;NaN;NaN;NaN;NaN;NaN;NaN;NaN;NaN;NaN;NaN;NaN;NaN;NaN;NaN;NaN;NaN;NaN;NaN;NaN;NaN;NaN;NaN;NaN;NaN;NaN;NaN;NaN;NaN;NaN;NaN;NaN;NaN;NaN;NaN
0.335225443835616;0.339635364383562;0.343885223287671;0.347759743835616;0.351131034246575;0.353963860273973;0.356294589041096;0.358192795890411;0.359598602739726;0.360369805479452;0.360457538356164;0.359985952054795;0.359174826027397;0.358283743835616;0.357368819178082;0.356383152054795;0.355288979452055;0.354052645205479;0.352634265753425;0.349038556164384;0.346877767123288;0.344461005479452;0.341782826027397;0.338819887671233;0.335579002739726;0.33204221369863;0.328158584931507;0.324112284931507;0.320099936986301;0.316506904109589;0.313312232876712;0.310210612328767;0.306641057534247;0.302655287671233;0.298283647945205;0.292768632876712;0.286204164383562;0.278911023287671;0.271077628767123;0.262823006849315;0.254126234246575;0.244860619178082;0.235280543835616;0.225564501369863;0.215681934246575;0.205675826027397;0.195476967123288;0.185130549315068;0.174713123287671;0.164173695890411;0.153550335616438;0.142882336986301;0.132121647945205;0.121224150684932;0.110199476712329;0.0991205209589041;0.0881198453424657;0.07716449;0.0660540390410959;0.0546912187671233;0.0431962384931507;0.0317590150684932;0.0204596535616438;0.00925968608219178;NaN;NaN;NaN;NaN;NaN;NaN;NaN;NaN;NaN;NaN;NaN;NaN;NaN;NaN;NaN;NaN;NaN;NaN;NaN;NaN;NaN;NaN;NaN;NaN;NaN;NaN;NaN;NaN;NaN;NaN;NaN;NaN;NaN;NaN;NaN;NaN;NaN;NaN;NaN;NaN;NaN;NaN;NaN;NaN;NaN;NaN;NaN;NaN;NaN;NaN;NaN;NaN;NaN;NaN;NaN;NaN
0.344434650684932;0.34897751369863;0.353242812328767;0.357026936986301;0.36025744109589;0.362932649315069;0.365138483561644;0.366889382191781;0.368058679452055;0.368510594520548;0.368292895890411;0.367580336986301;0.366676210958904;0.365761860273973;0.364795550684932;0.363739946575342;0.362552456164384;0.361195515068493;0.359636223287671;0.355717024657534;0.35340647260274;0.350808193150685;0.347961667123288;0.344813250684932;0.341385945205479;0.337570469863014;0.333552553424658;0.329453280821918;0.325627335616438;0.322268987671233;0.319210249315068;0.315868875342466;0.311990138356164;0.307841134246575;0.302707568493151;0.296415039726027;0.289277998630137;0.281500852054795;0.273262217808219;0.264506354794521;0.255193506849315;0.245464601369863;0.235587682191781;0.225557447945205;0.215363773972603;0.204978797260274;0.194406776712329;0.183772483561644;0.173031526027397;0.162180924657534;0.151271935616438;0.140302130136986;0.129205775342466;0.117963682191781;0.106632894520548;0.0953413178082192;0.0841406557534247;0.0729035780821918;0.0614370689041096;0.0497335910958904;0.0379678736986301;0.0263170436986301;0.0148098426027397;0.00340253264383562;NaN;NaN;NaN;NaN;NaN;NaN;NaN;NaN;NaN;NaN;NaN;NaN;NaN;NaN;NaN;NaN;NaN;NaN;NaN;NaN;NaN;NaN;NaN;NaN;NaN;NaN;NaN;NaN;NaN;NaN;NaN;NaN;NaN;NaN;NaN;NaN;NaN;NaN;NaN;NaN;NaN;NaN;NaN;NaN;NaN;NaN;NaN;NaN;NaN;NaN;NaN;NaN;NaN;NaN;NaN;NaN
0.353850382191781;0.358474916438356;0.362693660273973;0.366354761643836;0.36942547260274;0.371960093150685;0.374041846575342;0.375603323287671;0.376474784931507;0.37659231369863;0.37607968630137;0.375200269863014;0.374266468493151;0.373311776712329;0.372284969863014;0.37114627260274;0.36985424520548;0.368360128767123;0.366628683561644;0.362435276712329;0.359935108219178;0.357180404109589;0.354139568493151;0.350831891780822;0.347136878082192;0.343135454794521;0.339009836986301;0.334999720547945;0.331439291780822;0.328298324657534;0.325145893150685;0.321485131506849;0.317464108219178;0.312707979452055;0.306747579452055;0.29981875890411;0.292159443835616;0.283977849315069;0.275219512328767;0.265876495890411;0.256012669863014;0.245958773972603;0.23577868630137;0.225436902739726;0.214891812328767;0.20410441369863;0.193228516438356;0.182282587671233;0.171213194520548;0.160063691780822;0.148866731506849;0.137576147945205;0.126136306849315;0.11455311369863;0.102951383561644;0.0914674767123288;0.0800499005479452;0.0684869593150685;0.0566599805479452;0.0446285573972603;0.0326161697260274;0.0207652153424658;0.00904716873972603;NaN;NaN;NaN;NaN;NaN;NaN;NaN;NaN;NaN;NaN;NaN;NaN;NaN;NaN;NaN;NaN;NaN;NaN;NaN;NaN;NaN;NaN;NaN;NaN;NaN;NaN;NaN;NaN;NaN;NaN;NaN;NaN;NaN;NaN;NaN;NaN;NaN;NaN;NaN;NaN;NaN;NaN;NaN;NaN;NaN;NaN;NaN;NaN;NaN;NaN;NaN;NaN;NaN;NaN;NaN;NaN;NaN
0.363450761643836;0.368097338356164;0.372219742465753;0.375731465753425;0.378641406849315;0.381054512328767;0.382988049315069;0.384300556164384;0.384829617808219;0.384612323287671;0.383846469863014;0.38289442739726;0.381936236986301;0.380928357534247;0.379832471232877;0.378602731506849;0.377173476712329;0.375531634246575;0.373629035616438;0.369158616438356;0.36648658630137;0.363554226027397;0.360346130136986;0.356820193150685;0.352888354794521;0.348750275342466;0.344600642465753;0.340819424657534;0.33754667260274;0.334479202739726;0.331060098630137;0.327163279452055;0.322757484931507;0.317177738356164;0.310497082191781;0.303015264383562;0.294930760273973;0.28624445890411;0.276914350684931;0.266929220547945;0.256706868493151;0.246344243835616;0.235858179452055;0.225186908219178;0.214238110958904;0.203107906849315;0.191936547945205;0.180653328767123;0.169265334246575;0.157828236986301;0.14632587260274;0.13470551369863;0.122915119178082;0.111006376712329;0.0991684346575342;0.0875049584931507;0.0758277643835616;0.0639177494520548;0.0517210724657534;0.0393870363013699;0.027155704109589;0.0151025552054795;0.00317132823287671;NaN;NaN;NaN;NaN;NaN;NaN;NaN;NaN;NaN;NaN;NaN;NaN;NaN;NaN;NaN;NaN;NaN;NaN;NaN;NaN;NaN;NaN;NaN;NaN;NaN;NaN;NaN;NaN;NaN;NaN;NaN;NaN;NaN;NaN;NaN;NaN;NaN;NaN;NaN;NaN;NaN;NaN;NaN;NaN;NaN;NaN;NaN;NaN;NaN;NaN;NaN;NaN;NaN;NaN;NaN;NaN;NaN
0.373211989041096;0.377814275342466;0.38180407260274;0.385150626027397;0.387920778082192;0.390211698630137;0.39195038630137;0.392948290410959;0.393116580821918;0.392577797260274;0.391650171232877;0.390677197260274;0.389674819178082;0.388608480821918;0.38743871369863;0.386087306849315;0.384506816438356;0.382701310958904;0.380683704109589;0.375890336986301;0.373058775342466;0.369940508219178;0.366562020547945;0.362780969863014;0.358683768493151;0.354439306849315;0.35041884109589;0.346963969863014;0.343898547945206;0.340682165753425;0.336953939726027;0.332836132876712;0.327690512328767;0.3213025;0.314029591780822;0.306083930136986;0.297533173972603;0.288279421917808;0.27821885890411;0.267845664383562;0.257284706849315;0.246627238356164;0.23582358630137;0.224768616438356;0.213438602739726;0.202011119178082;0.190510912328767;0.178886780821918;0.167201771232877;0.155465906849315;0.143650232876712;0.131689528767123;0.119549347945205;0.107333546575342;0.0953037378082192;0.0834406204109589;0.0714682804109589;0.0591902969863014;0.0466251564383562;0.0340236721917808;0.021591404109589;0.00932967342465753;NaN;NaN;NaN;NaN;NaN;NaN;NaN;NaN;NaN;NaN;NaN;NaN;NaN;NaN;NaN;NaN;NaN;NaN;NaN;NaN;NaN;NaN;NaN;NaN;NaN;NaN;NaN;NaN;NaN;NaN;NaN;NaN;NaN;NaN;NaN;NaN;NaN;NaN;NaN;NaN;NaN;NaN;NaN;NaN;NaN;NaN;NaN;NaN;NaN;NaN;NaN;NaN;NaN;NaN;NaN;NaN;NaN;NaN
0.383102356164383;0.387605419178082;0.391437609589041;0.394619276712329;0.397269878082192;0.399413963013699;0.40089527260274;0.401528164383562;0.401330750684932;0.40052438630137;0.399535364383562;0.398533376712329;0.397482449315068;0.396356195890411;0.395087431506849;0.393578215068493;0.391847205479452;0.389907763013699;0.387796131506849;0.382648436986301;0.37963442739726;0.376358036986301;0.372750138356164;0.368769905479452;0.364521938356164;0.360285495890411;0.356541497260274;0.353409783561644;0.350364302739726;0.346875343835616;0.342945938356164;0.338241619178082;0.332228156164384;0.325186393150685;0.317403471232877;0.309028652054795;0.299908384931507;0.289871215068493;0.27937401369863;0.26862935890411;0.257766530136986;0.246807073972603;0.235641136986301;0.224191205479452;0.212534645205479;0.200799126027397;0.188940549315069;0.177003138356164;0.165015750684932;0.152979453424658;0.140838524657534;0.128533338356164;0.116036857534247;0.103565254794521;0.091354242739726;0.0792655695890411;0.0669683104109589;0.0542942047945206;0.0413896498630137;0.028552178630137;0.0159220460273973;0.00344785524657534;NaN;NaN;NaN;NaN;NaN;NaN;NaN;NaN;NaN;NaN;NaN;NaN;NaN;NaN;NaN;NaN;NaN;NaN;NaN;NaN;NaN;NaN;NaN;NaN;NaN;NaN;NaN;NaN;NaN;NaN;NaN;NaN;NaN;NaN;NaN;NaN;NaN;NaN;NaN;NaN;NaN;NaN;NaN;NaN;NaN;NaN;NaN;NaN;NaN;NaN;NaN;NaN;NaN;NaN;NaN;NaN;NaN;NaN
0.393089257534247;0.397452568493151;0.4011139;0.404154339726027;0.406684647945206;0.408632546575342;0.409787223287671;0.410031935616438;0.409483173972603;0.408514269863014;0.407503524657534;0.406458904109589;0.405359752054795;0.404166223287671;0.402751365753425;0.401074879452055;0.399206842465753;0.397184057534247;0.394933368493151;0.389421973972603;0.386233365753425;0.382774242465753;0.378945145205479;0.374790453424658;0.370454626027397;0.366379283561644;0.363017520547945;0.360072915068493;0.356859605479452;0.353114826027397;0.348781864383562;0.343239279452055;0.336482508219178;0.328882420547945;0.320682076712329;0.311750130136986;0.301857780821918;0.29127488630137;0.280389494520548;0.269306050684932;0.258160397260274;0.246855563013699;0.235303060273973;0.223489767123288;0.21153441369863;0.199443226027397;0.187246978082192;0.17499921369863;0.162712580821918;0.15036408630137;0.137897501369863;0.125227238356164;0.11240047260274;0.0997142932876712;0.087313765479452;0.0749756143835617;0.0623126315068493;0.0492346536986301;0.0360290928767123;0.0229789146575342;0.0101477494520548;NaN;NaN;NaN;NaN;NaN;NaN;NaN;NaN;NaN;NaN;NaN;NaN;NaN;NaN;NaN;NaN;NaN;NaN;NaN;NaN;NaN;NaN;NaN;NaN;NaN;NaN;NaN;NaN;NaN;NaN;NaN;NaN;NaN;NaN;NaN;NaN;NaN;NaN;NaN;NaN;NaN;NaN;NaN;NaN;NaN;NaN;NaN;NaN;NaN;NaN;NaN;NaN;NaN;NaN;NaN;NaN;NaN;NaN;NaN
0.403151793150685;0.407348897260274;0.410840580821918;0.413762106849315;0.416148620547945;0.417835350684931;0.418605530136986;0.41845271369863;0.417617871232877;0.416585175342466;0.415540121917808;0.414459743835616;0.413315031506849;0.412007232876712;0.410409253424658;0.408587532876712;0.406629712328767;0.404515471232877;0.402076076712329;0.39620541369863;0.392858249315068;0.389187760273973;0.385166428767123;0.380864901369863;0.376559987671233;0.372807991780822;0.369787378082192;0.366840828767123;0.363357126027397;0.359330002739726;0.354278910958904;0.347889075342466;0.340523363013699;0.332480312328767;0.323775004109589;0.314129030136986;0.303525469863014;0.292544884931507;0.281274428767123;0.26990638630137;0.258437694520548;0.246760679452055;0.234826878082192;0.22269441369863;0.210407516438356;0.197951738356164;0.185435193150685;0.172880428767123;0.160289012328767;0.147627502739726;0.134819609589041;0.121777832876712;0.108666038356164;0.0957771436986301;0.0831853650684932;0.070557505890411;0.0574889110958904;0.0440302265753425;0.0305550984931507;0.0173066435616438;0.00427113179452055;NaN;NaN;NaN;NaN;NaN;NaN;NaN;NaN;NaN;NaN;NaN;NaN;NaN;NaN;NaN;NaN;NaN;NaN;NaN;NaN;NaN;NaN;NaN;NaN;NaN;NaN;NaN;NaN;NaN;NaN;NaN;NaN;NaN;NaN;NaN;NaN;NaN;NaN;NaN;NaN;NaN;NaN;NaN;NaN;NaN;NaN;NaN;NaN;NaN;NaN;NaN;NaN;NaN;NaN;NaN;NaN;NaN;NaN;NaN
0.41327074109589;0.417289630136986;0.420635324657534;0.423438535616438;0.42563254109589;0.426985342465753;0.427339428767123;0.426804223287671;0.425796083561644;0.42473028630137;0.423651490410959;0.422542632876712;0.421330215068493;0.419847598630137;0.418068034246575;0.416148293150685;0.414127775342466;0.411872880821918;0.409231042465753;0.403015387671233;0.399492883561644;0.395620795890411;0.391420147945205;0.387047028767123;0.382936164383562;0.379600798630137;0.3767657;0.373646464383562;0.369935220547945;0.365312446575342;0.359371820547945;0.352300028767123;0.344433746575342;0.335951206849315;0.326610168493151;0.316092782191781;0.305063301369863;0.293664690410959;0.282074980821918;0.270410406849315;0.258583819178082;0.246528239726027;0.234241220547945;0.221796743835616;0.209136763013699;0.196340684931507;0.183508509589041;0.170647561643836;0.157746243835616;0.14477161369863;0.131596128767123;0.118207760273973;0.104838823287671;0.0917593402739726;0.0789633973972603;0.0659934821917808;0.0524999547945205;0.0386920139726027;0.0249771598630137;0.0115376156164384;NaN;NaN;NaN;NaN;NaN;NaN;NaN;NaN;NaN;NaN;NaN;NaN;NaN;NaN;NaN;NaN;NaN;NaN;NaN;NaN;NaN;NaN;NaN;NaN;NaN;NaN;NaN;NaN;NaN;NaN;NaN;NaN;NaN;NaN;NaN;NaN;NaN;NaN;NaN;NaN;NaN;NaN;NaN;NaN;NaN;NaN;NaN;NaN;NaN;NaN;NaN;NaN;NaN;NaN;NaN;NaN;NaN;NaN;NaN;NaN
0.423437008219178;0.427280367123288;0.430505273972603;0.433169201369863;0.435103376712329;0.436056015068493;0.435981991780822;0.435136978082192;0.434046334246575;0.432940526027397;0.431848939726027;0.430709630136986;0.429363728767123;0.427670289041096;0.425759808219178;0.423788819178082;0.421682330136986;0.419236371232877;0.416405693150685;0.409854910958904;0.40614347260274;0.40207444109589;0.397739528767123;0.393418316438356;0.389659264383562;0.386687601369863;0.383854757534247;0.380521836986301;0.376344756164384;0.370913875342466;0.364168993150685;0.356534424657534;0.348262350684931;0.339217565753425;0.328928363013699;0.31791024109589;0.306445767123288;0.29467618630137;0.282797919178082;0.270794054794521;0.258601015068493;0.246173447945205;0.23356268630137;0.22076461369863;0.207736884931507;0.194616716438356;0.181470908219178;0.168297576712329;0.155094280821918;0.141784054794521;0.128240231506849;0.11452878630137;0.100922863013699;0.0876691826027397;0.0746318369863014;0.0612707449315068;0.0473572610958904;0.0332297038356164;0.0193052161643836;0.00567329226027397;NaN;NaN;NaN;NaN;NaN;NaN;NaN;NaN;NaN;NaN;NaN;NaN;NaN;NaN;NaN;NaN;NaN;NaN;NaN;NaN;NaN;NaN;NaN;NaN;NaN;NaN;NaN;NaN;NaN;NaN;NaN;NaN;NaN;NaN;NaN;NaN;NaN;NaN;NaN;NaN;NaN;NaN;NaN;NaN;NaN;NaN;NaN;NaN;NaN;NaN;NaN;NaN;NaN;NaN;NaN;NaN;NaN;NaN;NaN;NaN
0.433648542465753;0.437338978082192;0.440446854794521;0.442925179452055;0.444523704109589;0.445035269863014;0.444548246575342;0.443506212328767;0.442359095890411;0.441234797260274;0.440142317808219;0.438930215068493;0.437380638356164;0.435494632876712;0.433524628767123;0.431506850684931;0.429266909589041;0.426609363013699;0.423595615068493;0.416723438356164;0.412810519178082;0.40857208630137;0.404176720547945;0.400072064383562;0.39675177260274;0.39399567260274;0.390988842465753;0.38735445890411;0.382475934246575;0.376134806849315;0.368760478082192;0.360688819178082;0.351930878082192;0.341993035616438;0.331044450684932;0.319578989041096;0.30769284109589;0.295613106849315;0.283414220547945;0.271060671232877;0.258495602739726;0.245715271232877;0.23277192739726;0.219593205479452;0.206222817808219;0.192783919178082;0.179320134246575;0.165838710958904;0.15232774109589;0.138668356164384;0.124760680821918;0.110747501369863;0.0969275012328767;0.0835056364383562;0.0701721019178082;0.0563845375342466;0.0420681557534247;0.0276569224657534;0.0135435078082192;NaN;NaN;NaN;NaN;NaN;NaN;NaN;NaN;NaN;NaN;NaN;NaN;NaN;NaN;NaN;NaN;NaN;NaN;NaN;NaN;NaN;NaN;NaN;NaN;NaN;NaN;NaN;NaN;NaN;NaN;NaN;NaN;NaN;NaN;NaN;NaN;NaN;NaN;NaN;NaN;NaN;NaN;NaN;NaN;NaN;NaN;NaN;NaN;NaN;NaN;NaN;NaN;NaN;NaN;NaN;NaN;NaN;NaN;NaN;NaN;NaN
0.443909854794521;0.447474726027397;0.450448145205479;0.452673620547945;0.453862173972603;0.453916719178082;0.453090423287671;0.451931363013699;0.450735543835616;0.449630556164384;0.44852271369863;0.447157184931507;0.445370680821918;0.443370694520548;0.441377657534247;0.439288934246575;0.436856375342466;0.433999805479452;0.430799405479452;0.42361065890411;0.419506031506849;0.415142882191781;0.410817797260274;0.407065579452055;0.404164010958904;0.401418802739726;0.398252945205479;0.393960063013699;0.38820372739726;0.381106702739726;0.373225205479452;0.364746446575342;0.355247561643836;0.344437643835616;0.333019419178082;0.321091150684931;0.308852120547945;0.296454709589041;0.283925579452055;0.271211384931507;0.258277795890411;0.245156708219178;0.231847983561644;0.218295939726027;0.204603856164384;0.190841079452055;0.177057438356164;0.163273710958904;0.14944885890411;0.135425745205479;0.121166589041096;0.106867954794521;0.0928672232876712;0.0792561761643836;0.0655701973972603;0.0513369183561644;0.0366414575342466;0.0219896173972603;0.00769397012328767;NaN;NaN;NaN;NaN;NaN;NaN;NaN;NaN;NaN;NaN;NaN;NaN;NaN;NaN;NaN;NaN;NaN;NaN;NaN;NaN;NaN;NaN;NaN;NaN;NaN;NaN;NaN;NaN;NaN;NaN;NaN;NaN;NaN;NaN;NaN;NaN;NaN;NaN;NaN;NaN;NaN;NaN;NaN;NaN;NaN;NaN;NaN;NaN;NaN;NaN;NaN;NaN;NaN;NaN;NaN;NaN;NaN;NaN;NaN;NaN;NaN
0.454237761643836;0.457685552054794;0.46048194109589;0.462375987671233;0.463103019178082;0.462716684931507;0.46165591369863;0.46040408630137;0.459207728767123;0.458134576712329;0.456948650684932;0.455355621917808;0.453368339726027;0.45133492739726;0.449313016438356;0.44710471369863;0.444454064383562;0.441403852054794;0.438039289041096;0.430514193150685;0.426256210958904;0.42184221369863;0.417732698630137;0.414448650684931;0.411813687671233;0.408948630136986;0.405310121917808;0.4002558;0.393585395890411;0.385908026027397;0.377633038356164;0.368593495890411;0.358064923287671;0.346736910958904;0.334828934246575;0.32249197260274;0.309920161643836;0.29720171369863;0.284332236986301;0.271251395890411;0.257952698630137;0.244485587671233;0.230783905479452;0.216895365753425;0.202879678082192;0.188786987671233;0.174687797260274;0.160610420547945;0.146453942465753;0.132062530136986;0.117460030136986;0.102901798630137;0.0887504956164384;0.0749039146575343;0.0608139523287671;0.0461316306849315;0.0310931247945205;0.0162362297260274;0.00175522954794521;NaN;NaN;NaN;NaN;NaN;NaN;NaN;NaN;NaN;NaN;NaN;NaN;NaN;NaN;NaN;NaN;NaN;NaN;NaN;NaN;NaN;NaN;NaN;NaN;NaN;NaN;NaN;NaN;NaN;NaN;NaN;NaN;NaN;NaN;NaN;NaN;NaN;NaN;NaN;NaN;NaN;NaN;NaN;NaN;NaN;NaN;NaN;NaN;NaN;NaN;NaN;NaN;NaN;NaN;NaN;NaN;NaN;NaN;NaN;NaN;NaN
0.464643132876712;0.467961120547945;0.470516594520548;0.471996709589041;0.472241498630137;0.471482605479452;0.470256715068493;0.468939909589041;0.467798835616438;0.466726901369863;0.465371468493151;0.463521621917808;0.46143065890411;0.459391731506849;0.457321938356164;0.454926573972603;0.452067247945205;0.448823730136986;0.445336950684931;0.43746134109589;0.433086243835616;0.42874805890411;0.424973701369863;0.422191932876712;0.419587749315069;0.416522763013699;0.412131090410959;0.406134171232877;0.398753906849315;0.390627487671233;0.381913806849315;0.371869102739726;0.360704261643836;0.34887485890411;0.336498910958904;0.323799365753425;0.310894424657534;0.297857965753425;0.284635420547945;0.271179338356164;0.257526050684931;0.243676015068493;0.22960501369863;0.215395287671233;0.201046545205479;0.186621808219178;0.172222993150685;0.157848350684931;0.143339930136986;0.128582982191781;0.113641098630137;0.0988706039726027;0.0845697506849315;0.070431895890411;0.0558942819178082;0.0407761946575342;0.0254418423287671;0.0103995887671233;NaN;NaN;NaN;NaN;NaN;NaN;NaN;NaN;NaN;NaN;NaN;NaN;NaN;NaN;NaN;NaN;NaN;NaN;NaN;NaN;NaN;NaN;NaN;NaN;NaN;NaN;NaN;NaN;NaN;NaN;NaN;NaN;NaN;NaN;NaN;NaN;NaN;NaN;NaN;NaN;NaN;NaN;NaN;NaN;NaN;NaN;NaN;NaN;NaN;NaN;NaN;NaN;NaN;NaN;NaN;NaN;NaN;NaN;NaN;NaN;NaN;NaN
0.475127047945205;0.478277087671233;0.480511582191781;0.481516756164384;0.481294791780822;0.480254147945205;0.478885850684932;0.47758211369863;0.476509743835616;0.47535902739726;0.473758965753425;0.471701380821918;0.469585453424658;0.467538489041096;0.465372061643836;0.462755943835616;0.459692404109589;0.456288254794521;0.452673867123288;0.444473112328767;0.440050469863014;0.435901161643836;0.432639352054794;0.430192194520548;0.427557391780822;0.423833610958904;0.418606775342466;0.411704142465753;0.403794631506849;0.395288404109589;0.385779097260274;0.374867224657534;0.363194036986301;0.350851553424658;0.338064308219178;0.325006336986301;0.311788684931507;0.298421278082192;0.284832809589041;0.270997835616438;0.256981054794521;0.242734360273973;0.228329710958904;0.213792130136986;0.199102161643836;0.184355420547945;0.16967362739726;0.15497931369863;0.140113897260274;0.124982832876712;0.109723728767123;0.0947898308219178;0.0803126142465753;0.0658215767123288;0.0508110393150685;0.0352825706849315;0.0196993982191781;0.00448131961643836;NaN;NaN;NaN;NaN;NaN;NaN;NaN;NaN;NaN;NaN;NaN;NaN;NaN;NaN;NaN;NaN;NaN;NaN;NaN;NaN;NaN;NaN;NaN;NaN;NaN;NaN;NaN;NaN;NaN;NaN;NaN;NaN;NaN;NaN;NaN;NaN;NaN;NaN;NaN;NaN;NaN;NaN;NaN;NaN;NaN;NaN;NaN;NaN;NaN;NaN;NaN;NaN;NaN;NaN;NaN;NaN;NaN;NaN;NaN;NaN;NaN;NaN
0.485681271232877;0.488603576712329;0.490427646575343;0.490929893150685;0.490302802739726;0.489037621917808;0.487574520547945;0.486359797260274;0.485309664383562;0.483982324657534;0.482115060273973;0.479949456164384;0.477835150684932;0.475768360273973;0.473432217808219;0.470600584931507;0.467338043835616;0.463813130136986;0.460031020547945;0.451568390410959;0.447207923287671;0.443374901369863;0.440712956164383;0.438347842465753;0.435395357534247;0.43089042739726;0.424661987671233;0.417093487671233;0.408786119178082;0.399741630136986;0.389169379452055;0.377718247945205;0.365515756164384;0.352701698630137;0.339521938356164;0.326131873972603;0.312601979452055;0.298890736986301;0.28491532739726;0.270713390410959;0.256299091780822;0.2416866;0.226958834246575;0.212081631506849;0.197048505479452;0.182007457534247;0.16703188630137;0.152005105479452;0.136774153424658;0.121259010958904;0.105732638356164;0.0906607484931507;0.0759620542465753;0.0610595004109589;0.0455703621917808;0.0296693897260274;0.0138737426027397;NaN;NaN;NaN;NaN;NaN;NaN;NaN;NaN;NaN;NaN;NaN;NaN;NaN;NaN;NaN;NaN;NaN;NaN;NaN;NaN;NaN;NaN;NaN;NaN;NaN;NaN;NaN;NaN;NaN;NaN;NaN;NaN;NaN;NaN;NaN;NaN;NaN;NaN;NaN;NaN;NaN;NaN;NaN;NaN;NaN;NaN;NaN;NaN;NaN;NaN;NaN;NaN;NaN;NaN;NaN;NaN;NaN;NaN;NaN;NaN;NaN;NaN;NaN
0.496284006849315;0.498900550684931;0.500242597260274;0.500255073972603;0.499296080821918;0.497828282191781;0.496376787671233;0.495267373972603;0.494148782191781;0.492569126027397;0.490486352054794;0.48828684109589;0.486181893150685;0.484052050684931;0.48150234109589;0.478458650684931;0.475028749315068;0.47137744109589;0.467429743835616;0.458793041095891;0.454585579452055;0.451311061643836;0.449068134246575;0.446714926027397;0.442995776712329;0.437567315068493;0.430440164383562;0.422402405479452;0.413673747945205;0.403599075342466;0.392384875342466;0.380411242465753;0.367688728767123;0.354434467123288;0.340887689041096;0.327183532876712;0.31333514109589;0.299252439726027;0.284892231506849;0.270303906849315;0.255494675342466;0.240546326027397;0.225488201369863;0.210258079452055;0.194906983561644;0.179578687671233;0.164293804109589;0.14892977260274;0.133310782191781;0.117425330136986;0.101687665753425;0.0864751871232877;0.0715003968493151;0.0561384541095891;0.0401759202739726;0.0239510591780822;0.00797099691780822;NaN;NaN;NaN;NaN;NaN;NaN;NaN;NaN;NaN;NaN;NaN;NaN;NaN;NaN;NaN;NaN;NaN;NaN;NaN;NaN;NaN;NaN;NaN;NaN;NaN;NaN;NaN;NaN;NaN;NaN;NaN;NaN;NaN;NaN;NaN;NaN;NaN;NaN;NaN;NaN;NaN;NaN;NaN;NaN;NaN;NaN;NaN;NaN;NaN;NaN;NaN;NaN;NaN;NaN;NaN;NaN;NaN;NaN;NaN;NaN;NaN;NaN;NaN
0.506906724657534;0.509124243835616;0.509948550684932;0.509524819178082;0.508275632876712;0.506667187671233;0.505326698630137;0.504267716438356;0.502979610958904;0.501129608219178;0.498920060273973;0.496717443835616;0.494622731506849;0.492356235616438;0.489589582191781;0.486338643835616;0.482773994520548;0.478973316438356;0.474901557534247;0.46618904109589;0.462289069863014;0.459705223287671;0.457678949315068;0.454857109589041;0.450310997260274;0.443827252054794;0.436079283561644;0.427644043835616;0.418155632876712;0.407190742465753;0.39545545890411;0.382944265753425;0.369731093150685;0.356060168493151;0.342177445205479;0.328164053424657;0.313976612328767;0.299505343835616;0.284756739726027;0.269765831506849;0.254588343835616;0.239315619178082;0.223908089041096;0.208337306849315;0.192688893150685;0.177062787671233;0.161463750684931;0.145747221917808;0.129720334246575;0.113501498630137;0.0975966773972603;0.0822211391780822;0.0669110641095891;0.0510558363013699;0.0346374720547945;0.0181417609589041;0.00199656035616438;NaN;NaN;NaN;NaN;NaN;NaN;NaN;NaN;NaN;NaN;NaN;NaN;NaN;NaN;NaN;NaN;NaN;NaN;NaN;NaN;NaN;NaN;NaN;NaN;NaN;NaN;NaN;NaN;NaN;NaN;NaN;NaN;NaN;NaN;NaN;NaN;NaN;NaN;NaN;NaN;NaN;NaN;NaN;NaN;NaN;NaN;NaN;NaN;NaN;NaN;NaN;NaN;NaN;NaN;NaN;NaN;NaN;NaN;NaN;NaN;NaN;NaN;NaN
0.517513516438356;0.519247991780822;0.519563047945205;0.51875995890411;0.517241345205479;0.515618869863014;0.514414239726027;0.513311864383562;0.511778065753425;0.509704156164383;0.507433498630137;0.505249002739726;0.503133446575342;0.500677165753425;0.497694101369863;0.494255398630137;0.490563153424658;0.486626321917808;0.482452317808219;0.47379112739726;0.470473264383562;0.468416331506849;0.466359626027397;0.462778621917808;0.457213638356164;0.449839750684931;0.441652409589041;0.432729415068493;0.422153353424658;0.410634702739726;0.39837022739726;0.385335420547945;0.371645926027397;0.357602547945205;0.343395634246575;0.329071538356164;0.314515605479452;0.299648626027397;0.284499591780822;0.269109939726027;0.253594443835616;0.237985483561644;0.222221890410959;0.206337984931507;0.190390508219178;0.174460709589041;0.158543021917808;0.142447415068493;0.126010343835616;0.109508619178082;0.0934591287671233;0.0778872875342466;0.0621799526027397;0.0458099609589041;0.0289720468493151;0.012253247260274;NaN;NaN;NaN;NaN;NaN;NaN;NaN;NaN;NaN;NaN;NaN;NaN;NaN;NaN;NaN;NaN;NaN;NaN;NaN;NaN;NaN;NaN;NaN;NaN;NaN;NaN;NaN;NaN;NaN;NaN;NaN;NaN;NaN;NaN;NaN;NaN;NaN;NaN;NaN;NaN;NaN;NaN;NaN;NaN;NaN;NaN;NaN;NaN;NaN;NaN;NaN;NaN;NaN;NaN;NaN;NaN;NaN;NaN;NaN;NaN;NaN;NaN;NaN;NaN
0.528055208219178;0.529262243835616;0.529113756164384;0.527956675342466;0.526236479452055;0.52472234109589;0.523602884931507;0.522358076712329;0.520556068493151;0.518326917808219;0.516033523287671;0.513885752054794;0.511683550684931;0.509020482191781;0.505816560273973;0.5022184;0.498398556164384;0.494366189041096;0.490078438356164;0.481715057534247;0.479169808219178;0.477487467123288;0.474842505479452;0.470376804109589;0.463708097260274;0.45574545890411;0.4471312;0.437216043835616;0.425971778082192;0.41393307260274;0.401140453424657;0.387582190410959;0.37346201369863;0.35906888630137;0.34454801369863;0.329891236986301;0.314949683561644;0.299676497260274;0.284117753424658;0.268356504109589;0.252513653424658;0.236546124657534;0.220451793150685;0.204261763013699;0.188009919178082;0.171775632876712;0.155526253424658;0.139023536986301;0.122195687671233;0.105458702739726;0.0892717680821918;0.0734601147945206;0.0572953432876712;0.0404032495890411;0.0231983536986301;0.00629658032876712;NaN;NaN;NaN;NaN;NaN;NaN;NaN;NaN;NaN;NaN;NaN;NaN;NaN;NaN;NaN;NaN;NaN;NaN;NaN;NaN;NaN;NaN;NaN;NaN;NaN;NaN;NaN;NaN;NaN;NaN;NaN;NaN;NaN;NaN;NaN;NaN;NaN;NaN;NaN;NaN;NaN;NaN;NaN;NaN;NaN;NaN;NaN;NaN;NaN;NaN;NaN;NaN;NaN;NaN;NaN;NaN;NaN;NaN;NaN;NaN;NaN;NaN;NaN;NaN
0.538500878082192;0.53918188630137;0.538612780821918;0.537117382191781;0.535332542465753;0.533968176712329;0.532847367123288;0.53138098630137;0.529346028767123;0.527013049315069;0.52473398630137;0.522611191780822;0.520263106849315;0.517383560273973;0.513962001369863;0.510232509589041;0.506303934246575;0.502188346575343;0.497797361643836;0.490122658904109;0.488241430136986;0.486471765753425;0.48311557260274;0.477538134246575;0.469987384931507;0.461568120547945;0.452281568493151;0.441417845205479;0.4296476;0.417092212328767;0.403762467123288;0.389703626027397;0.375197350684932;0.360461750684932;0.345629534246575;0.330619636986301;0.315270078082192;0.299585575342466;0.283622365753425;0.267521102739726;0.251330890410959;0.235014865753425;0.218606612328767;0.202106591780822;0.185549712328767;0.169008969863014;0.152405256164384;0.135477557534247;0.118292632876712;0.101359249315068;0.0850303064383562;0.068922951369863;0.0522477126027397;0.034843397260274;0.0173344754794521;0.000277365002739726;NaN;NaN;NaN;NaN;NaN;NaN;NaN;NaN;NaN;NaN;NaN;NaN;NaN;NaN;NaN;NaN;NaN;NaN;NaN;NaN;NaN;NaN;NaN;NaN;NaN;NaN;NaN;NaN;NaN;NaN;NaN;NaN;NaN;NaN;NaN;NaN;NaN;NaN;NaN;NaN;NaN;NaN;NaN;NaN;NaN;NaN;NaN;NaN;NaN;NaN;NaN;NaN;NaN;NaN;NaN;NaN;NaN;NaN;NaN;NaN;NaN;NaN;NaN;NaN
0.548836130136986;0.549030920547945;0.548054063013699;0.546285543835616;0.544571391780822;0.543324050684932;0.542111871232877;0.540390504109589;0.538167212328767;0.535774383561644;0.533548180821918;0.531400431506849;0.528875832876712;0.525757215068493;0.522145834246575;0.51830411369863;0.514307030136986;0.510077550684932;0.505654595890411;0.499093569863014;0.497738517808219;0.495327101369863;0.491028068493151;0.484304223287671;0.476147738356164;0.467281973972603;0.456896498630137;0.445467675342466;0.433187947945205;0.420114810958904;0.406234436986301;0.391731446575342;0.376852791780822;0.361786543835616;0.346637106849315;0.331241661643836;0.31547667260274;0.299372863013699;0.283035123287671;0.266596938356164;0.250049264383562;0.233407717808219;0.21668485890411;0.199873167123288;0.18301162739726;0.166158893150685;0.149171356164384;0.131816657534247;0.114312275342466;0.097214171369863;0.0807273536986301;0.0642556183561644;0.047029681369863;0.029149814109589;0.0113961512328767;NaN;NaN;NaN;NaN;NaN;NaN;NaN;NaN;NaN;NaN;NaN;NaN;NaN;NaN;NaN;NaN;NaN;NaN;NaN;NaN;NaN;NaN;NaN;NaN;NaN;NaN;NaN;NaN;NaN;NaN;NaN;NaN;NaN;NaN;NaN;NaN;NaN;NaN;NaN;NaN;NaN;NaN;NaN;NaN;NaN;NaN;NaN;NaN;NaN;NaN;NaN;NaN;NaN;NaN;NaN;NaN;NaN;NaN;NaN;NaN;NaN;NaN;NaN;NaN;NaN
0.559075064383562;0.558814965753425;0.55743817260274;0.555529232876712;0.553951797260274;0.552756582191781;0.551370876712329;0.549407791780822;0.547029617808219;0.544631130136986;0.542470045205479;0.5402415;0.53751055479452;0.534138571232877;0.530385487671233;0.526456419178082;0.522399416438356;0.518036736986301;0.513719415068493;0.508538008219178;0.507057257534247;0.503982860273973;0.498490509589041;0.490850595890411;0.482224857534247;0.472446256164384;0.461317421917808;0.449380143835616;0.436606905479452;0.422981331506849;0.408588336986301;0.393675502739726;0.378428821917808;0.363046121917808;0.347558738356164;0.331752484931507;0.315565546575342;0.299050932876712;0.282366517808219;0.265575571232877;0.248686149315068;0.23172742739726;0.214686342465753;0.197562549315068;0.18039881369863;0.163219943835616;0.145820110958904;0.128051206849315;0.110267161643836;0.0930286194520548;0.0763518479452055;0.059440001369863;0.0416446383561644;0.0233450269863014;0.00539392191780822;NaN;NaN;NaN;NaN;NaN;NaN;NaN;NaN;NaN;NaN;NaN;NaN;NaN;NaN;NaN;NaN;NaN;NaN;NaN;NaN;NaN;NaN;NaN;NaN;NaN;NaN;NaN;NaN;NaN;NaN;NaN;NaN;NaN;NaN;NaN;NaN;NaN;NaN;NaN;NaN;NaN;NaN;NaN;NaN;NaN;NaN;NaN;NaN;NaN;NaN;NaN;NaN;NaN;NaN;NaN;NaN;NaN;NaN;NaN;NaN;NaN;NaN;NaN;NaN;NaN
0.569236515068493;0.568527268493151;0.566804053424657;0.564895069863014;0.563449452054795;0.562234184931507;0.56062474109589;0.558441330136986;0.555948957534247;0.553604909589041;0.551481450684931;0.549131710958904;0.546145530136986;0.542550973972603;0.538688442465753;0.534714460273973;0.530551168493151;0.526123912328767;0.52206878630137;0.518415749315068;0.516304321917808;0.512243464383562;0.50555031369863;0.497271016438356;0.488098787671233;0.477246920547945;0.465598353424658;0.453174752054795;0.439888331506849;0.42570454109589;0.410847589041096;0.395533497260274;0.379929878082192;0.364245039726027;0.348377697260274;0.332151832876712;0.31553552739726;0.298640452054795;0.281609349315068;0.264466993150685;0.247251501369863;0.229973075342466;0.212612131506849;0.195177169863014;0.177713131506849;0.160184605479452;0.142351987671233;0.12419138630137;0.106165565753425;0.0888040819178082;0.0718846454794521;0.0544593630136986;0.0361048012328767;0.0174479846575342;NaN;NaN;NaN;NaN;NaN;NaN;NaN;NaN;NaN;NaN;NaN;NaN;NaN;NaN;NaN;NaN;NaN;NaN;NaN;NaN;NaN;NaN;NaN;NaN;NaN;NaN;NaN;NaN;NaN;NaN;NaN;NaN;NaN;NaN;NaN;NaN;NaN;NaN;NaN;NaN;NaN;NaN;NaN;NaN;NaN;NaN;NaN;NaN;NaN;NaN;NaN;NaN;NaN;NaN;NaN;NaN;NaN;NaN;NaN;NaN;NaN;NaN;NaN;NaN;NaN;NaN
0.579325553424658;0.578166482191781;0.576213116438356;0.574389089041096;0.573045280821918;0.571732347945205;0.569883016438356;0.56749092739726;0.56495534109589;0.562697546575343;0.560574119178082;0.558050182191781;0.554774102739726;0.551018545205479;0.547078447945205;0.543070732876712;0.538753023287671;0.534418310958904;0.530864642465753;0.528091045205479;0.525366060273973;0.520048349315068;0.512371249315068;0.503612543835616;0.493349284931507;0.481890263013699;0.469754112328767;0.456855475342466;0.443017869863014;0.428313436986301;0.413017339726027;0.397301320547945;0.381374650684932;0.365361316438356;0.349091394520548;0.332434378082192;0.315399797260274;0.29814551369863;0.280766523287671;0.263281998630137;0.245747280821918;0.228144679452055;0.21046265890411;0.1927209;0.174952512328767;0.157044235616438;0.13877117260274;0.120247295890411;0.10201825890411;0.084537298630137;0.0673004687671233;0.0493084524657534;0.0304258243835616;0.0114704864383562;NaN;NaN;NaN;NaN;NaN;NaN;NaN;NaN;NaN;NaN;NaN;NaN;NaN;NaN;NaN;NaN;NaN;NaN;NaN;NaN;NaN;NaN;NaN;NaN;NaN;NaN;NaN;NaN;NaN;NaN;NaN;NaN;NaN;NaN;NaN;NaN;NaN;NaN;NaN;NaN;NaN;NaN;NaN;NaN;NaN;NaN;NaN;NaN;NaN;NaN;NaN;NaN;NaN;NaN;NaN;NaN;NaN;NaN;NaN;NaN;NaN;NaN;NaN;NaN;NaN;NaN
0.589332749315069;0.587763632876712;0.585710245205479;0.584002230136986;0.58271772739726;0.581240345205479;0.579144010958904;0.57657444109589;0.574075083561644;0.571904871232877;0.569741919178082;0.566960975342466;0.563425742465753;0.559550847945205;0.55558051369863;0.551483695890411;0.547070095890411;0.542979510958904;0.540268249315068;0.537741923287671;0.534029210958904;0.527420847945205;0.51905888630137;0.509568678082192;0.498354356164384;0.486403698630137;0.473804750684932;0.460399917808219;0.446013846575342;0.430824680821918;0.4150915;0.398991873972603;0.382760128767123;0.366385990410959;0.349696689041096;0.33260184109589;0.315172528767123;0.297570573972603;0.279843712328767;0.26202848630137;0.244173101369863;0.226242178082192;0.208239615068493;0.190197953424658;0.172111553424658;0.153793795890411;0.135085564383562;0.116225205479452;0.097836901369863;0.0802163109589041;0.0625769153424657;0.0439918005479452;0.0246255406849315;0.00542802284931507;NaN;NaN;NaN;NaN;NaN;NaN;NaN;NaN;NaN;NaN;NaN;NaN;NaN;NaN;NaN;NaN;NaN;NaN;NaN;NaN;NaN;NaN;NaN;NaN;NaN;NaN;NaN;NaN;NaN;NaN;NaN;NaN;NaN;NaN;NaN;NaN;NaN;NaN;NaN;NaN;NaN;NaN;NaN;NaN;NaN;NaN;NaN;NaN;NaN;NaN;NaN;NaN;NaN;NaN;NaN;NaN;NaN;NaN;NaN;NaN;NaN;NaN;NaN;NaN;NaN;NaN
0.599255617808219;0.597367452054795;0.595310046575342;0.593728495890411;0.592445652054794;0.590754135616438;0.588398075342466;0.58572942739726;0.583316636986301;0.581225290410959;0.578952367123288;0.575852030136986;0.57212657260274;0.568170947945206;0.56418715890411;0.559936312328767;0.555589434246575;0.551945343835616;0.550473391780822;0.547237068493151;0.54219704109589;0.534530742465753;0.525677724657534;0.514988549315069;0.503221760273973;0.490805215068493;0.477743569863014;0.463805112328767;0.448898139726027;0.43323885890411;0.417066382191781;0.400623439726027;0.384074950684932;0.367313180821918;0.350188430136986;0.332663069863014;0.314861705479452;0.296920256164384;0.278846605479452;0.260709952054795;0.24252721369863;0.224265931506849;0.205947232876712;0.187610597260274;0.169181035616438;0.15043357260274;0.131300630136986;0.112136724657534;0.0936300005479452;0.0758201246575342;0.0576995894520548;0.0385182542465753;0.0187201216438356;NaN;NaN;NaN;NaN;NaN;NaN;NaN;NaN;NaN;NaN;NaN;NaN;NaN;NaN;NaN;NaN;NaN;NaN;NaN;NaN;NaN;NaN;NaN;NaN;NaN;NaN;NaN;NaN;NaN;NaN;NaN;NaN;NaN;NaN;NaN;NaN;NaN;NaN;NaN;NaN;NaN;NaN;NaN;NaN;NaN;NaN;NaN;NaN;NaN;NaN;NaN;NaN;NaN;NaN;NaN;NaN;NaN;NaN;NaN;NaN;NaN;NaN;NaN;NaN;NaN;NaN;NaN
0.609119136986301;0.607019423287671;0.605016164383562;0.603562890410959;0.602209387671233;0.600260047945205;0.597660464383562;0.594988426027397;0.592687663013699;0.590655471232877;0.588151969863014;0.584753867123288;0.580889456164383;0.576903765753425;0.572855117808219;0.568487287671233;0.564362620547945;0.561514953424658;0.560938065753425;0.556337591780822;0.549914080821918;0.541498875342466;0.531696497260274;0.520208030136986;0.507970342465753;0.49510768630137;0.481554550684931;0.467087102739726;0.45168141369863;0.435546321917808;0.418960746575343;0.402195324657534;0.385310273972603;0.368136605479452;0.350567579452055;0.332626383561644;0.314481920547945;0.296194067123288;0.277783504109589;0.259326590410959;0.240809254794521;0.222219098630137;0.203591652054795;0.184955090410959;0.166154939726027;0.146967256164384;0.127419102739726;0.107999287671233;0.0893942242465754;0.0713262205479452;0.0526627716438356;0.0329002215068493;0.0127251242465753;NaN;NaN;NaN;NaN;NaN;NaN;NaN;NaN;NaN;NaN;NaN;NaN;NaN;NaN;NaN;NaN;NaN;NaN;NaN;NaN;NaN;NaN;NaN;NaN;NaN;NaN;NaN;NaN;NaN;NaN;NaN;NaN;NaN;NaN;NaN;NaN;NaN;NaN;NaN;NaN;NaN;NaN;NaN;NaN;NaN;NaN;NaN;NaN;NaN;NaN;NaN;NaN;NaN;NaN;NaN;NaN;NaN;NaN;NaN;NaN;NaN;NaN;NaN;NaN;NaN;NaN;NaN
0.618956720547945;0.616736719178082;0.614838808219178;0.613494065753425;0.611989138356164;0.60974111369863;0.606971263013699;0.604365697260274;0.6022021;0.600153631506849;0.597323009589041;0.593698283561644;0.589738971232877;0.585741554794521;0.581566078082192;0.577224453424658;0.573495375342466;0.571994631506849;0.571371257534247;0.56490712739726;0.557329826027397;0.548332353424657;0.537314375342466;0.525300660273973;0.512616395890411;0.499301471232877;0.485240457534247;0.470261719178082;0.454359221917808;0.437750705479452;0.420783946575342;0.403708715068493;0.386457728767123;0.368853265753425;0.3508349;0.332512505479452;0.314034867123288;0.295395497260274;0.276659724657534;0.257874679452055;0.239020643835616;0.220104669863014;0.201175717808219;0.182223891780822;0.163031615068493;0.14339491369863;0.123447349315069;0.103828728767123;0.0851173821917808;0.0667153930136986;0.0474650073972603;0.0271476683561644;0.00665581087671233;NaN;NaN;NaN;NaN;NaN;NaN;NaN;NaN;NaN;NaN;NaN;NaN;NaN;NaN;NaN;NaN;NaN;NaN;NaN;NaN;NaN;NaN;NaN;NaN;NaN;NaN;NaN;NaN;NaN;NaN;NaN;NaN;NaN;NaN;NaN;NaN;NaN;NaN;NaN;NaN;NaN;NaN;NaN;NaN;NaN;NaN;NaN;NaN;NaN;NaN;NaN;NaN;NaN;NaN;NaN;NaN;NaN;NaN;NaN;NaN;NaN;NaN;NaN;NaN;NaN;NaN;NaN
0.628800649315069;0.626531817808219;0.624791389041096;0.623499249315069;0.621758560273973;0.619203949315069;0.616370808219178;0.613875367123288;0.611863816438356;0.609650097260274;0.606492290410959;0.602700939726027;0.598691379452055;0.594652689041096;0.590358204109589;0.586205561643836;0.583209652054794;0.582718457534247;0.581853856164384;0.573006667123288;0.564597008219178;0.554490615068493;0.54275161369863;0.530282209589041;0.517164279452055;0.50337918630137;0.488813078082192;0.473333249315069;0.45692231369863;0.439863508219178;0.422548190410959;0.405155250684931;0.387511306849315;0.369456882191781;0.351001836986301;0.332337709589041;0.313516239726027;0.294532130136986;0.275474982191781;0.256353346575343;0.2371638;0.217927790410959;0.1986979;0.179412478082192;0.159810934246575;0.139715561643836;0.119400579452055;0.0996347205479452;0.0807835506849315;0.0619732049315068;0.0421085524657534;0.0212746804109589;0.000525945010958904;NaN;NaN;NaN;NaN;NaN;NaN;NaN;NaN;NaN;NaN;NaN;NaN;NaN;NaN;NaN;NaN;NaN;NaN;NaN;NaN;NaN;NaN;NaN;NaN;NaN;NaN;NaN;NaN;NaN;NaN;NaN;NaN;NaN;NaN;NaN;NaN;NaN;NaN;NaN;NaN;NaN;NaN;NaN;NaN;NaN;NaN;NaN;NaN;NaN;NaN;NaN;NaN;NaN;NaN;NaN;NaN;NaN;NaN;NaN;NaN;NaN;NaN;NaN;NaN;NaN;NaN;NaN
0.63866751369863;0.636428634246575;0.634882212328767;0.633545780821918;0.631491102739726;0.628685880821918;0.625880908219178;0.623548617808219;0.621629664383562;0.619117075342466;0.615694634246575;0.611780789041096;0.60774162739726;0.603622976712329;0.599311346575342;0.59550617260274;0.593899738356164;0.593540036986301;0.59221927260274;0.58074885890411;0.571592664383562;0.56032317260274;0.548068660273973;0.535165882191781;0.521610453424658;0.507343720547945;0.492283665753425;0.476291756164384;0.459379147945205;0.441894164383562;0.424259053424658;0.406525619178082;0.388465110958904;0.369943006849315;0.351096083561644;0.332102089041096;0.312927017808219;0.293610379452055;0.274226556164384;0.254764621917808;0.235242179452055;0.215689856164384;0.196154201369863;0.176519591780822;0.15648955890411;0.135929624657534;0.115296767123288;0.0954160134246575;0.076375835890411;0.057088745890411;0.0365980439726027;0.0152954060273973;NaN;NaN;NaN;NaN;NaN;NaN;NaN;NaN;NaN;NaN;NaN;NaN;NaN;NaN;NaN;NaN;NaN;NaN;NaN;NaN;NaN;NaN;NaN;NaN;NaN;NaN;NaN;NaN;NaN;NaN;NaN;NaN;NaN;NaN;NaN;NaN;NaN;NaN;NaN;NaN;NaN;NaN;NaN;NaN;NaN;NaN;NaN;NaN;NaN;NaN;NaN;NaN;NaN;NaN;NaN;NaN;NaN;NaN;NaN;NaN;NaN;NaN;NaN;NaN;NaN;NaN;NaN;NaN
0.648571379452055;0.64645944109589;0.645096480821918;0.643592808219178;0.641180806849315;0.638232865753425;0.63552161369863;0.63340091369863;0.631423687671233;0.628574063013699;0.624949182191781;0.620947668493151;0.616879549315069;0.612662705479452;0.608493568493151;0.605349676712329;0.604822715068493;0.604450836986301;0.602246550684932;0.588337016438356;0.577963335616438;0.56598277260274;0.553279460273973;0.539952408219178;0.525951520547945;0.511205038356164;0.495651109589041;0.479134826027397;0.461730673972603;0.443861732876712;0.425913035616438;0.40781555890411;0.389304824657534;0.370330938356164;0.351133456164384;0.331800947945205;0.312273417808219;0.292631879452055;0.272913250684931;0.253110973972603;0.233258184931507;0.213391350684932;0.193543375342466;0.173543857534247;0.153059923287671;0.132046745205479;0.111149220547945;0.0911677823287671;0.0718815720547945;0.0520531;0.0309412623287671;0.00922834128767123;NaN;NaN;NaN;NaN;NaN;NaN;NaN;NaN;NaN;NaN;NaN;NaN;NaN;NaN;NaN;NaN;NaN;NaN;NaN;NaN;NaN;NaN;NaN;NaN;NaN;NaN;NaN;NaN;NaN;NaN;NaN;NaN;NaN;NaN;NaN;NaN;NaN;NaN;NaN;NaN;NaN;NaN;NaN;NaN;NaN;NaN;NaN;NaN;NaN;NaN;NaN;NaN;NaN;NaN;NaN;NaN;NaN;NaN;NaN;NaN;NaN;NaN;NaN;NaN;NaN;NaN;NaN;NaN
0.658541938356164;0.656657838356164;0.655394184931507;0.653601205479452;0.650853130136986;0.647879478082192;0.645328578082192;0.643399997260274;0.641200690410959;0.638055226027397;0.634270421917808;0.630201367123288;0.626099423287671;0.621833128767123;0.617962869863014;0.616215235616438;0.616020021917808;0.61522664109589;0.6117762;0.595489030136987;0.584024401369863;0.571523;0.55839075890411;0.544645731506849;0.530192398630137;0.514969168493151;0.498905230136986;0.481862771232877;0.46399238630137;0.445774798630137;0.427505421917808;0.409012969863014;0.3900278;0.370645242465753;0.351115763013699;0.331431820547945;0.311561715068493;0.291594984931507;0.271535694520548;0.251395489041096;0.231212968493151;0.211031530136986;0.190864671232877;0.170481578082192;0.149521147945205;0.128080801369863;0.106969468493151;0.0868806838356165;0.0672863082191781;0.0468598483561644;0.0251496746575342;0.00308823382191781;NaN;NaN;NaN;NaN;NaN;NaN;NaN;NaN;NaN;NaN;NaN;NaN;NaN;NaN;NaN;NaN;NaN;NaN;NaN;NaN;NaN;NaN;NaN;NaN;NaN;NaN;NaN;NaN;NaN;NaN;NaN;NaN;NaN;NaN;NaN;NaN;NaN;NaN;NaN;NaN;NaN;NaN;NaN;NaN;NaN;NaN;NaN;NaN;NaN;NaN;NaN;NaN;NaN;NaN;NaN;NaN;NaN;NaN;NaN;NaN;NaN;NaN;NaN;NaN;NaN;NaN;NaN;NaN
0.668627401369863;0.667027220547945;0.665721004109589;0.663549091780822;0.660556832876712;0.657653043835616;0.655329961643836;0.653471721917808;0.650966104109589;0.647580997260274;0.643657650684932;0.639556816438356;0.635386453424657;0.631209531506849;0.627925604109589;0.627284012328767;0.627346775342466;0.625729069863014;0.620745667123288;0.602100419178082;0.589911912328767;0.576955993150685;0.563408958904109;0.549247634246575;0.534336575342466;0.518630279452055;0.502046;0.484475956164384;0.466183109589041;0.447635408219178;0.429029917808219;0.410098949315068;0.390654057534247;0.370902512328767;0.351039035616438;0.330998079452055;0.310796582191781;0.290498652054795;0.270096550684931;0.249619879452055;0.229106324657534;0.20861121369863;0.188117104109589;0.167324605479452;0.145872410958904;0.124044031506849;0.102763253424658;0.0825457038356164;0.0625744689041096;0.0415085508219178;0.0192367032876712;NaN;NaN;NaN;NaN;NaN;NaN;NaN;NaN;NaN;NaN;NaN;NaN;NaN;NaN;NaN;NaN;NaN;NaN;NaN;NaN;NaN;NaN;NaN;NaN;NaN;NaN;NaN;NaN;NaN;NaN;NaN;NaN;NaN;NaN;NaN;NaN;NaN;NaN;NaN;NaN;NaN;NaN;NaN;NaN;NaN;NaN;NaN;NaN;NaN;NaN;NaN;NaN;NaN;NaN;NaN;NaN;NaN;NaN;NaN;NaN;NaN;NaN;NaN;NaN;NaN;NaN;NaN;NaN;NaN
0.6788835;0.677535078082192;0.676023354794521;0.673441845205479;0.670343575342466;0.667584269863014;0.665511960273973;0.663557045205479;0.660747404109589;0.657159102739726;0.653117449315069;0.649013917808219;0.644783317808219;0.64084904109589;0.638942005479452;0.638751616438356;0.63856051369863;0.635801163013699;0.629256161643836;0.608401139726027;0.595675665753425;0.582286154794521;0.568343360273972;0.553759480821918;0.538386453424657;0.522187563013699;0.505061224657534;0.486993615068493;0.468312073972603;0.449445242465753;0.430468765753425;0.411077204109589;0.391203205479452;0.371108343835616;0.350898364383562;0.330506061643836;0.309978823287671;0.289341890410959;0.268598736986301;0.247783097260274;0.226938784931507;0.206132136986301;0.185296883561644;0.164065876712329;0.142120989041096;0.119950573972603;0.0985317309589041;0.0781532097260274;0.0577293173972603;0.0360020253424658;0.0132164853424658;NaN;NaN;NaN;NaN;NaN;NaN;NaN;NaN;NaN;NaN;NaN;NaN;NaN;NaN;NaN;NaN;NaN;NaN;NaN;NaN;NaN;NaN;NaN;NaN;NaN;NaN;NaN;NaN;NaN;NaN;NaN;NaN;NaN;NaN;NaN;NaN;NaN;NaN;NaN;NaN;NaN;NaN;NaN;NaN;NaN;NaN;NaN;NaN;NaN;NaN;NaN;NaN;NaN;NaN;NaN;NaN;NaN;NaN;NaN;NaN;NaN;NaN;NaN;NaN;NaN;NaN;NaN;NaN;NaN
0.689344616438356;0.688119124657534;0.686259249315068;0.683319556164384;0.680251582191781;0.677705701369863;0.675817409589041;0.673637697260274;0.670563867123288;0.666777590410959;0.662685531506849;0.658543819178082;0.654360095890411;0.650935124657534;0.650136047945206;0.650484783561644;0.649511305479452;0.645270168493151;0.63754402739726;0.614521182191781;0.601323442465753;0.587527484931507;0.573196926027397;0.558178893150685;0.542338901369863;0.525633710958904;0.507957082191781;0.489431191780822;0.470387446575343;0.451197324657534;0.43180958630137;0.411959267123288;0.391690393150685;0.37126081369863;0.350694256164384;0.329962412328767;0.309106793150685;0.288126734246575;0.267043709589041;0.245885491780822;0.224712557534247;0.203593947945205;0.182399997260274;0.160699605479452;0.13827778630137;0.1158094;0.0942750026027397;0.0736899632876712;0.0527378647945205;0.030349628630137;0.00710277063013699;NaN;NaN;NaN;NaN;NaN;NaN;NaN;NaN;NaN;NaN;NaN;NaN;NaN;NaN;NaN;NaN;NaN;NaN;NaN;NaN;NaN;NaN;NaN;NaN;NaN;NaN;NaN;NaN;NaN;NaN;NaN;NaN;NaN;NaN;NaN;NaN;NaN;NaN;NaN;NaN;NaN;NaN;NaN;NaN;NaN;NaN;NaN;NaN;NaN;NaN;NaN;NaN;NaN;NaN;NaN;NaN;NaN;NaN;NaN;NaN;NaN;NaN;NaN;NaN;NaN;NaN;NaN;NaN;NaN
0.699998649315069;0.698713347945206;0.696409016438356;0.693247209589041;0.690307476712329;0.688022323287671;0.68618727260274;0.68373015890411;0.680412975342466;0.676445519178082;0.672361464383562;0.668169250684931;0.664182752054794;0.662093632876712;0.66171822739726;0.662156089041096;0.660116308219178;0.654239706849315;0.645036689041096;0.620508371232877;0.606866976712329;0.592691834246575;0.577967508219178;0.562503009589041;0.546200808219178;0.528951847945206;0.510752704109589;0.491798701369863;0.472414030136986;0.45287288630137;0.433054890410959;0.412758682191781;0.392127054794521;0.37135481369863;0.350432219178082;0.329370217808219;0.308178860273973;0.286855957534247;0.265430763013699;0.243927406849315;0.222429423287671;0.20099544109589;0.179418891780822;0.157225632876712;0.134353736986301;0.11162892739726;0.0899922845205479;0.0691401310958904;0.0475945682191781;0.0245635760273973;0.00091278522739726;NaN;NaN;NaN;NaN;NaN;NaN;NaN;NaN;NaN;NaN;NaN;NaN;NaN;NaN;NaN;NaN;NaN;NaN;NaN;NaN;NaN;NaN;NaN;NaN;NaN;NaN;NaN;NaN;NaN;NaN;NaN;NaN;NaN;NaN;NaN;NaN;NaN;NaN;NaN;NaN;NaN;NaN;NaN;NaN;NaN;NaN;NaN;NaN;NaN;NaN;NaN;NaN;NaN;NaN;NaN;NaN;NaN;NaN;NaN;NaN;NaN;NaN;NaN;NaN;NaN;NaN;NaN;NaN;NaN
0.710791691780822;0.709257090410959;0.706494402739726;0.703283469863014;0.700538787671233;0.698510683561644;0.696576594520548;0.693854453424657;0.690270857534247;0.686216308219178;0.682116417808219;0.67794598630137;0.67440904520548;0.673414819178082;0.673788867123288;0.673541254794521;0.670136391780822;0.662835887671233;0.652193820547945;0.626370412328767;0.612325338356164;0.597784182191781;0.582649260273972;0.566741208219178;0.549952426027397;0.532150580821918;0.513459730136986;0.494105964383562;0.474383538356164;0.454469647945206;0.434208182191781;0.413490224657534;0.392514061643836;0.371388539726027;0.350119393150685;0.328728235616438;0.307195453424658;0.285530715068493;0.263758475342466;0.241910206849315;0.22009118630137;0.198335079452055;0.176345634246575;0.153647879452055;0.130357564383562;0.107417457534247;0.0856752384931507;0.0644862780821918;0.0422955234246575;0.018653638630137;NaN;NaN;NaN;NaN;NaN;NaN;NaN;NaN;NaN;NaN;NaN;NaN;NaN;NaN;NaN;NaN;NaN;NaN;NaN;NaN;NaN;NaN;NaN;NaN;NaN;NaN;NaN;NaN;NaN;NaN;NaN;NaN;NaN;NaN;NaN;NaN;NaN;NaN;NaN;NaN;NaN;NaN;NaN;NaN;NaN;NaN;NaN;NaN;NaN;NaN;NaN;NaN;NaN;NaN;NaN;NaN;NaN;NaN;NaN;NaN;NaN;NaN;NaN;NaN;NaN;NaN;NaN;NaN;NaN;NaN
0.721649104109589;0.719703546575342;0.716577836986301;0.713462119178082;0.710963093150685;0.709125368493151;0.706987534246575;0.703999706849315;0.700153491780822;0.696099109589041;0.691952356164384;0.687949769863014;0.685668546575342;0.685061715068493;0.68595624109589;0.684648447945205;0.679614056164384;0.67059075479452;0.658999101369863;0.632125204109589;0.617711153424658;0.602799143835616;0.587236734246575;0.570897469863014;0.553580663013699;0.535242402739726;0.516089234246575;0.496356732876712;0.476289335616438;0.455986757534247;0.435273873972603;0.414166947945205;0.392847304109589;0.371366606849315;0.349760190410959;0.32803477260274;0.306158860273973;0.284151484931507;0.262027853424658;0.23983618630137;0.217701520547945;0.195607828767123;0.173174671232877;0.149971920547945;0.126299039726027;0.103183130136986;0.0813130028767123;0.0597132579452055;0.0368434969863014;0.0126315090410959;NaN;NaN;NaN;NaN;NaN;NaN;NaN;NaN;NaN;NaN;NaN;NaN;NaN;NaN;NaN;NaN;NaN;NaN;NaN;NaN;NaN;NaN;NaN;NaN;NaN;NaN;NaN;NaN;NaN;NaN;NaN;NaN;NaN;NaN;NaN;NaN;NaN;NaN;NaN;NaN;NaN;NaN;NaN;NaN;NaN;NaN;NaN;NaN;NaN;NaN;NaN;NaN;NaN;NaN;NaN;NaN;NaN;NaN;NaN;NaN;NaN;NaN;NaN;NaN;NaN;NaN;NaN;NaN;NaN;NaN
0.732496842465753;0.730045434246575;0.726740368493151;0.723798882191781;0.721584658904109;0.719810478082192;0.717433219178082;0.714124631506849;0.710123335616438;0.706067776712329;0.701915324657534;0.698330536986301;0.697144371232877;0.69728784520548;0.697828163013699;0.695243909589041;0.68854612739726;0.678042567123288;0.665586706849315;0.637792093150685;0.623030130136986;0.607724771232877;0.591747952054795;0.574946583561644;0.557092542465753;0.538239939726027;0.518650969863014;0.498543410958904;0.478136523287671;0.457419115068493;0.436265489041096;0.414794421917808;0.393124982191781;0.371295326027397;0.349354183561644;0.327289217808219;0.305070606849315;0.282717179452055;0.260238716438356;0.237706376712329;0.21525961369863;0.192805257534247;0.169903869863014;0.146205990410959;0.122185471232877;0.0989282953424657;0.0768929506849315;0.0548073315068493;0.031245155890411;0.00650735124657534;NaN;NaN;NaN;NaN;NaN;NaN;NaN;NaN;NaN;NaN;NaN;NaN;NaN;NaN;NaN;NaN;NaN;NaN;NaN;NaN;NaN;NaN;NaN;NaN;NaN;NaN;NaN;NaN;NaN;NaN;NaN;NaN;NaN;NaN;NaN;NaN;NaN;NaN;NaN;NaN;NaN;NaN;NaN;NaN;NaN;NaN;NaN;NaN;NaN;NaN;NaN;NaN;NaN;NaN;NaN;NaN;NaN;NaN;NaN;NaN;NaN;NaN;NaN;NaN;NaN;NaN;NaN;NaN;NaN;NaN
0.743263265753425;0.740328224657534;0.73703498630137;0.734312943835617;0.732390510958904;0.730535964383562;0.727895367123288;0.724241623287671;0.720200257534247;0.716109564383562;0.712092063013699;0.709711494520548;0.708835947945206;0.709982610958904;0.709391880821918;0.705299563013699;0.696588323287671;0.685110442465753;0.672004842465753;0.64338678630137;0.628274563013699;0.612562216438356;0.596178671232877;0.578882371232877;0.560495789041096;0.541155454794521;0.521141663013699;0.50067451369863;0.479920795890411;0.458766432876712;0.437195782191781;0.415370517808219;0.393351261643836;0.371178701369863;0.348900094520548;0.326492963013699;0.303932019178082;0.281227008219178;0.258391326027397;0.235525720547945;0.212762554794521;0.189922336986301;0.166534061643836;0.14235877260274;0.118025139726027;0.0946540626027397;0.072400554109589;0.0497593565753425;0.0255090678082192;0.000295398338356164;NaN;NaN;NaN;NaN;NaN;NaN;NaN;NaN;NaN;NaN;NaN;NaN;NaN;NaN;NaN;NaN;NaN;NaN;NaN;NaN;NaN;NaN;NaN;NaN;NaN;NaN;NaN;NaN;NaN;NaN;NaN;NaN;NaN;NaN;NaN;NaN;NaN;NaN;NaN;NaN;NaN;NaN;NaN;NaN;NaN;NaN;NaN;NaN;NaN;NaN;NaN;NaN;NaN;NaN;NaN;NaN;NaN;NaN;NaN;NaN;NaN;NaN;NaN;NaN;NaN;NaN;NaN;NaN;NaN;NaN
0.753904749315069;0.750635553424658;0.747472631506849;0.745029189041096;0.743334864383562;0.741303154794521;0.738315249315069;0.734410587671233;0.730372883561644;0.726251936986301;0.72304428630137;0.721321557534247;0.721065863013699;0.722354982191781;0.720556456164384;0.714620524657534;0.704340771232877;0.69192351369863;0.678283687671233;0.648915680821918;0.633429408219178;0.617329405479452;0.60051207260274;0.582705991780822;0.563802020547945;0.543993143835616;0.523560246575343;0.502760268493151;0.481633591780822;0.46003465890411;0.438071328767123;0.415895705479452;0.39353101369863;0.371017160273973;0.348396847945206;0.325647924657534;0.302742610958904;0.279680563013699;0.256488821917808;0.233295478082192;0.210205857534247;0.186955178082192;0.163067824657534;0.138434243835616;0.113826726027397;0.0903567360273973;0.0678221860273973;0.044563912739726;0.0196423963013699;NaN;NaN;NaN;NaN;NaN;NaN;NaN;NaN;NaN;NaN;NaN;NaN;NaN;NaN;NaN;NaN;NaN;NaN;NaN;NaN;NaN;NaN;NaN;NaN;NaN;NaN;NaN;NaN;NaN;NaN;NaN;NaN;NaN;NaN;NaN;NaN;NaN;NaN;NaN;NaN;NaN;NaN;NaN;NaN;NaN;NaN;NaN;NaN;NaN;NaN;NaN;NaN;NaN;NaN;NaN;NaN;NaN;NaN;NaN;NaN;NaN;NaN;NaN;NaN;NaN;NaN;NaN;NaN;NaN;NaN;NaN
0.76443691369863;0.761043202739726;0.758059847945205;0.755972275342466;0.754364267123288;0.752081801369863;0.748693363013699;0.744663635616438;0.740616115068493;0.736583747945206;0.73429815890411;0.733108017808219;0.734151332876712;0.734348246575342;0.731252480821918;0.722973669863014;0.711669854794521;0.698546056164384;0.684449406849315;0.654366297260274;0.638504504109589;0.62201642739726;0.604744682191781;0.586423412328767;0.567022493150685;0.546745883561644;0.525922342465753;0.504799108219178;0.483270563013699;0.461234110958904;0.438895156164384;0.416374710958904;0.393667146575342;0.370809446575342;0.347845635616438;0.324756254794521;0.301501457534247;0.278077604109589;0.254534195890411;0.231014587671233;0.20758437260274;0.183902215068493;0.159508356164384;0.134439602739726;0.109600878082192;0.0860262463013699;0.0631429308219178;0.0392197075342466;0.0136577145205479;NaN;NaN;NaN;NaN;NaN;NaN;NaN;NaN;NaN;NaN;NaN;NaN;NaN;NaN;NaN;NaN;NaN;NaN;NaN;NaN;NaN;NaN;NaN;NaN;NaN;NaN;NaN;NaN;NaN;NaN;NaN;NaN;NaN;NaN;NaN;NaN;NaN;NaN;NaN;NaN;NaN;NaN;NaN;NaN;NaN;NaN;NaN;NaN;NaN;NaN;NaN;NaN;NaN;NaN;NaN;NaN;NaN;NaN;NaN;NaN;NaN;NaN;NaN;NaN;NaN;NaN;NaN;NaN;NaN;NaN;NaN
0.774933794520548;0.771577747945206;0.768839321917808;0.767123198630137;0.765444323287671;0.762810367123288;0.759066542465753;0.755009190410959;0.750936379452055;0.747289769863014;0.746032538356164;0.745258809589041;0.747068880821918;0.746029708219178;0.741005356164384;0.731039308219178;0.718698846575343;0.705020226027397;0.690518290410959;0.659731395890411;0.643505863013699;0.626616684931507;0.608869578082192;0.590045704109589;0.570153956164384;0.549422712328767;0.528238910958904;0.506782153424658;0.484830694520548;0.46237132739726;0.439671094520548;0.416811350684932;0.393759871232877;0.370554565753425;0.347248560273973;0.32381778630137;0.300206515068493;0.276420624657534;0.252527757534247;0.22868247260274;0.204894693150685;0.180762397260274;0.155857802739726;0.130382504109589;0.105355602739726;0.0816516334246575;0.0583499164383562;0.0337280412328767;0.00756366082191781;NaN;NaN;NaN;NaN;NaN;NaN;NaN;NaN;NaN;NaN;NaN;NaN;NaN;NaN;NaN;NaN;NaN;NaN;NaN;NaN;NaN;NaN;NaN;NaN;NaN;NaN;NaN;NaN;NaN;NaN;NaN;NaN;NaN;NaN;NaN;NaN;NaN;NaN;NaN;NaN;NaN;NaN;NaN;NaN;NaN;NaN;NaN;NaN;NaN;NaN;NaN;NaN;NaN;NaN;NaN;NaN;NaN;NaN;NaN;NaN;NaN;NaN;NaN;NaN;NaN;NaN;NaN;NaN;NaN;NaN;NaN
0.785479798630137;0.782235564383562;0.779862831506849;0.778427623287671;0.776532994520548;0.77347141369863;0.769483550684931;0.765427742465753;0.761412023287671;0.758925930136986;0.757951260273973;0.758567673972603;0.759512639726027;0.757303630136986;0.749703738356164;0.73863368630137;0.725519653424658;0.711376068493151;0.696504834246575;0.665023930136986;0.648427660273973;0.63112648630137;0.612892819178082;0.593579476712329;0.57319385890411;0.552037480821918;0.53051592739726;0.508704071232877;0.486316352054795;0.463451904109589;0.440404583561644;0.417207497260274;0.393807664383562;0.370253468493151;0.346607867123288;0.322830769863014;0.298858816438356;0.274711261643836;0.250469964383562;0.226297093150685;0.20213432739726;0.177534479452055;0.152120271232877;0.126272050684931;0.101092830136986;0.0772194695890411;0.053432198630137;0.0280926389041096;0.00137285004109589;NaN;NaN;NaN;NaN;NaN;NaN;NaN;NaN;NaN;NaN;NaN;NaN;NaN;NaN;NaN;NaN;NaN;NaN;NaN;NaN;NaN;NaN;NaN;NaN;NaN;NaN;NaN;NaN;NaN;NaN;NaN;NaN;NaN;NaN;NaN;NaN;NaN;NaN;NaN;NaN;NaN;NaN;NaN;NaN;NaN;NaN;NaN;NaN;NaN;NaN;NaN;NaN;NaN;NaN;NaN;NaN;NaN;NaN;NaN;NaN;NaN;NaN;NaN;NaN;NaN;NaN;NaN;NaN;NaN;NaN;NaN
0.796119034246575;0.793055849315068;0.791156330136986;0.789809460273972;0.787575145205479;0.784060742465754;0.77997702739726;0.775911867123288;0.772308980821918;0.770689431506849;0.770082275342466;0.772050561643836;0.771710442465753;0.767603605479452;0.758076194520548;0.745869798630137;0.732185367123288;0.71763244109589;0.702406552054794;0.6702355;0.653273176712329;0.635537067123288;0.616824204109589;0.59701611369863;0.576155679452055;0.554597645205479;0.532752071232877;0.510558052054795;0.487731315068493;0.464484117808219;0.44110018630137;0.417562750684932;0.39381;0.369908812328767;0.345924324657534;0.321794071232877;0.297460954794521;0.272949412328767;0.248361882191781;0.223856963013699;0.199301489041096;0.174216206849315;0.148299408219178;0.122117734246575;0.0968115334246575;0.072719152739726;0.0483818283561644;0.0223243521917808;NaN;NaN;NaN;NaN;NaN;NaN;NaN;NaN;NaN;NaN;NaN;NaN;NaN;NaN;NaN;NaN;NaN;NaN;NaN;NaN;NaN;NaN;NaN;NaN;NaN;NaN;NaN;NaN;NaN;NaN;NaN;NaN;NaN;NaN;NaN;NaN;NaN;NaN;NaN;NaN;NaN;NaN;NaN;NaN;NaN;NaN;NaN;NaN;NaN;NaN;NaN;NaN;NaN;NaN;NaN;NaN;NaN;NaN;NaN;NaN;NaN;NaN;NaN;NaN;NaN;NaN;NaN;NaN;NaN;NaN;NaN;NaN
0.806861428767123;0.804119820547945;0.802676489041096;0.801188583561644;0.798528917808219;0.794643587671233;0.790539594520548;0.786522391780822;0.783998368493151;0.782834431506849;0.783293802739726;0.784906897260274;0.783474053424658;0.776710364383562;0.765922638356164;0.752875212328767;0.738728842465753;0.723796569863014;0.708217082191781;0.675370612328767;0.658034616438356;0.639852830136986;0.620664708219178;0.600361878082192;0.579048328767123;0.557112742465753;0.534942963013699;0.51233964109589;0.489083357534247;0.465475098630137;0.441759231506849;0.41787522739726;0.393767365753425;0.369523075342466;0.345196361643836;0.320708275342466;0.296012706849315;0.271134575342466;0.24620401369863;0.221360443835616;0.196394039726027;0.170805195890411;0.144403821917808;0.117927723287671;0.0925058509589041;0.0681385253424657;0.0431922542465753;0.0164308102739726;NaN;NaN;NaN;NaN;NaN;NaN;NaN;NaN;NaN;NaN;NaN;NaN;NaN;NaN;NaN;NaN;NaN;NaN;NaN;NaN;NaN;NaN;NaN;NaN;NaN;NaN;NaN;NaN;NaN;NaN;NaN;NaN;NaN;NaN;NaN;NaN;NaN;NaN;NaN;NaN;NaN;NaN;NaN;NaN;NaN;NaN;NaN;NaN;NaN;NaN;NaN;NaN;NaN;NaN;NaN;NaN;NaN;NaN;NaN;NaN;NaN;NaN;NaN;NaN;NaN;NaN;NaN;NaN;NaN;NaN;NaN;NaN
0.817743954794521;0.815484917808219;0.81432435479452;0.812552380821918;0.809359824657534;0.805273495890411;0.801166060273973;0.797567920547945;0.795739026027397;0.79503012739726;0.79737314109589;0.797541819178082;0.79431528630137;0.785374515068493;0.773340164383562;0.759713810958904;0.745162702739726;0.729866028767123;0.713943489041096;0.680434328767123;0.662705045205479;0.644079449315068;0.624407749315069;0.603626317808219;0.58187711369863;0.559590126027397;0.537079693150685;0.514046150684931;0.490382157534247;0.466430443835616;0.442381063013699;0.418144024657534;0.393681728767123;0.369097709589041;0.34442264109589;0.319575536986301;0.294512826027397;0.269268961643836;0.243997671232877;0.218806823287671;0.193408957534247;0.167303416438356;0.140442068493151;0.113707612328767;0.0881676563013699;0.0634688661643836;0.0378625194520548;0.0104228412328767;NaN;NaN;NaN;NaN;NaN;NaN;NaN;NaN;NaN;NaN;NaN;NaN;NaN;NaN;NaN;NaN;NaN;NaN;NaN;NaN;NaN;NaN;NaN;NaN;NaN;NaN;NaN;NaN;NaN;NaN;NaN;NaN;NaN;NaN;NaN;NaN;NaN;NaN;NaN;NaN;NaN;NaN;NaN;NaN;NaN;NaN;NaN;NaN;NaN;NaN;NaN;NaN;NaN;NaN;NaN;NaN;NaN;NaN;NaN;NaN;NaN;NaN;NaN;NaN;NaN;NaN;NaN;NaN;NaN;NaN;NaN;NaN
0.82884607260274;0.827138809589041;0.826007642465754;0.82384145890411;0.820143263013699;0.81598082739726;0.811895731506849;0.809308623287671;0.808129964383562;0.808034336986301;0.810619112328767;0.809758064383562;0.803900668493151;0.793462120547945;0.780511019178082;0.766421010958904;0.75149628630137;0.735839515068493;0.719586984931507;0.685420716438356;0.66728871369863;0.648214275342466;0.628060710958904;0.606816908219178;0.58464978630137;0.562033001369863;0.539152657534247;0.515684202739726;0.491637126027397;0.467352946575342;0.442963861643836;0.418368790410959;0.393555920547945;0.368632106849315;0.343603609589041;0.318395436986301;0.292960983561644;0.267353132876712;0.241743471232877;0.216192112328767;0.190342469863014;0.163712847945206;0.136420926027397;0.109461453424658;0.08378793;0.0586997839726027;0.0323919953424658;0.00430656183561644;NaN;NaN;NaN;NaN;NaN;NaN;NaN;NaN;NaN;NaN;NaN;NaN;NaN;NaN;NaN;NaN;NaN;NaN;NaN;NaN;NaN;NaN;NaN;NaN;NaN;NaN;NaN;NaN;NaN;NaN;NaN;NaN;NaN;NaN;NaN;NaN;NaN;NaN;NaN;NaN;NaN;NaN;NaN;NaN;NaN;NaN;NaN;NaN;NaN;NaN;NaN;NaN;NaN;NaN;NaN;NaN;NaN;NaN;NaN;NaN;NaN;NaN;NaN;NaN;NaN;NaN;NaN;NaN;NaN;NaN;NaN;NaN
0.840239452054795;0.838991571232877;0.837724960273973;0.834995473972603;0.830952764383562;0.826781130136986;0.823104393150685;0.821031226027397;0.82037118630137;0.822767515068493;0.823672768493151;0.821001245205479;0.81281471369863;0.801024545205479;0.7874998;0.773007647945205;0.757715473972603;0.741725004109589;0.725141993150685;0.690321843835616;0.671786471232877;0.652251149315069;0.631633247945206;0.609937160273973;0.587378171232877;0.564434542465753;0.541155456164384;0.51726194109589;0.492855384931507;0.468241797260274;0.443505879452055;0.418550480821918;0.393392216438356;0.368126104109589;0.342740065753425;0.317167356164384;0.291358053424658;0.265388509589041;0.239441780821918;0.213513978082192;0.187194571232877;0.160038547945206;0.132347105479452;0.105193228767123;0.0793598882191781;0.0538225869863014;0.0267846883561644;NaN;NaN;NaN;NaN;NaN;NaN;NaN;NaN;NaN;NaN;NaN;NaN;NaN;NaN;NaN;NaN;NaN;NaN;NaN;NaN;NaN;NaN;NaN;NaN;NaN;NaN;NaN;NaN;NaN;NaN;NaN;NaN;NaN;NaN;NaN;NaN;NaN;NaN;NaN;NaN;NaN;NaN;NaN;NaN;NaN;NaN;NaN;NaN;NaN;NaN;NaN;NaN;NaN;NaN;NaN;NaN;NaN;NaN;NaN;NaN;NaN;NaN;NaN;NaN;NaN;NaN;NaN;NaN;NaN;NaN;NaN;NaN;NaN
0.851964831506849;0.85096647260274;0.8493845;0.846053156164384;0.841851416438356;0.837668847945205;0.834965275342466;0.833793480821918;0.833302716438356;0.836346542465753;0.836439680821918;0.831127873972603;0.821110506849315;0.808311168493151;0.794343136986301;0.779479347945206;0.763828860273973;0.747517006849315;0.73062384109589;0.695143349315068;0.676190121917808;0.65620257260274;0.6351297;0.612991293150685;0.590069256164384;0.566782939726027;0.543088898630137;0.51878958630137;0.494041701369863;0.469096482191781;0.444006369863014;0.418692042465753;0.393191889041096;0.367579115068493;0.341830869863014;0.315890219178082;0.289703583561644;0.263376478082192;0.237090405479452;0.21076865890411;0.18396201369863;0.156285142465753;0.128224509589041;0.10090051369863;0.0748747653424657;0.0488258252054795;0.0210442631506849;NaN;NaN;NaN;NaN;NaN;NaN;NaN;NaN;NaN;NaN;NaN;NaN;NaN;NaN;NaN;NaN;NaN;NaN;NaN;NaN;NaN;NaN;NaN;NaN;NaN;NaN;NaN;NaN;NaN;NaN;NaN;NaN;NaN;NaN;NaN;NaN;NaN;NaN;NaN;NaN;NaN;NaN;NaN;NaN;NaN;NaN;NaN;NaN;NaN;NaN;NaN;NaN;NaN;NaN;NaN;NaN;NaN;NaN;NaN;NaN;NaN;NaN;NaN;NaN;NaN;NaN;NaN;NaN;NaN;NaN;NaN;NaN;NaN
0.8639491;0.863010875342466;0.860914043835616;0.857108530136986;0.852857435616438;0.849135139726027;0.846731943835616;0.84615214109589;0.848651887671233;0.849518458904109;0.847597610958904;0.840247501369863;0.828761680821918;0.815402091780822;0.801054054794521;0.785824447945205;0.769844726027397;0.753216910958904;0.736035797260274;0.699880382191781;0.680503739726027;0.660076176712329;0.638552409589041;0.615991395890411;0.592723152054794;0.56907154520548;0.544958712328767;0.520276226027397;0.495197532876712;0.46991542739726;0.444465430136986;0.418795578082192;0.392956112328767;0.366990173972603;0.340876893150685;0.314564989041096;0.287999030136986;0.261319346575342;0.234688069863014;0.207954934246575;0.180644060273973;0.152459468493151;0.124057673972603;0.0965846005479452;0.0703257153424658;0.0437028416438356;0.0151806094520548;NaN;NaN;NaN;NaN;NaN;NaN;NaN;NaN;NaN;NaN;NaN;NaN;NaN;NaN;NaN;NaN;NaN;NaN;NaN;NaN;NaN;NaN;NaN;NaN;NaN;NaN;NaN;NaN;NaN;NaN;NaN;NaN;NaN;NaN;NaN;NaN;NaN;NaN;NaN;NaN;NaN;NaN;NaN;NaN;NaN;NaN;NaN;NaN;NaN;NaN;NaN;NaN;NaN;NaN;NaN;NaN;NaN;NaN;NaN;NaN;NaN;NaN;NaN;NaN;NaN;NaN;NaN;NaN;NaN;NaN;NaN;NaN;NaN
0.876147253424657;0.875028808219178;0.872322201369863;0.868241646575342;0.863953080821918;0.861027545205479;0.859829106849315;0.859142283561644;0.862480071232877;0.862598978082192;0.858281823287671;0.848712905479452;0.836105691780822;0.822331997260274;0.80762724109589;0.792057431506849;0.775749275342466;0.758831580821918;0.741372978082192;0.704526512328767;0.684735746575342;0.663872805479452;0.641904730136986;0.618943805479452;0.595332801369863;0.571298445205479;0.546770156164384;0.521727334246575;0.496323131506849;0.470696875342466;0.444883646575343;0.418863628767123;0.3926845;0.36635711369863;0.339878657534247;0.313190065753425;0.286246604109589;0.259217271232877;0.23223232739726;0.205069845205479;0.177241287671233;0.148566365753425;0.119850416438356;0.0922443945205479;0.0657023930136986;0.0384489290410959;0.00920131921917808;NaN;NaN;NaN;NaN;NaN;NaN;NaN;NaN;NaN;NaN;NaN;NaN;NaN;NaN;NaN;NaN;NaN;NaN;NaN;NaN;NaN;NaN;NaN;NaN;NaN;NaN;NaN;NaN;NaN;NaN;NaN;NaN;NaN;NaN;NaN;NaN;NaN;NaN;NaN;NaN;NaN;NaN;NaN;NaN;NaN;NaN;NaN;NaN;NaN;NaN;NaN;NaN;NaN;NaN;NaN;NaN;NaN;NaN;NaN;NaN;NaN;NaN;NaN;NaN;NaN;NaN;NaN;NaN;NaN;NaN;NaN;NaN;NaN
0.888425205479452;0.886947176712329;0.883698457534247;0.879462216438356;0.875707467123288;0.87298965890411;0.872431161643836;0.87514618630137;0.875977175342466;0.874411695890411;0.867653209589041;0.856395297260274;0.843235823287671;0.829108549315068;0.814051608219178;0.798174524657534;0.781557836986301;0.764366765753425;0.746636335616438;0.709092006849315;0.688888697260274;0.667594765753425;0.645193767123288;0.621853302739726;0.597892617808219;0.573464004109589;0.54853198630137;0.523147626027397;0.49741817260274;0.47143994109589;0.445262321917808;0.418899390410959;0.392374945205479;0.365680534246575;0.338837105479452;0.31176575890411;0.284447993150685;0.257070143835616;0.229721990410959;0.202111689041096;0.173754787671233;0.144610397260274;0.115607784931507;0.0878740475342466;0.060994068630137;0.0330620001369863;0.00311719824657534;NaN;NaN;NaN;NaN;NaN;NaN;NaN;NaN;NaN;NaN;NaN;NaN;NaN;NaN;NaN;NaN;NaN;NaN;NaN;NaN;NaN;NaN;NaN;NaN;NaN;NaN;NaN;NaN;NaN;NaN;NaN;NaN;NaN;NaN;NaN;NaN;NaN;NaN;NaN;NaN;NaN;NaN;NaN;NaN;NaN;NaN;NaN;NaN;NaN;NaN;NaN;NaN;NaN;NaN;NaN;NaN;NaN;NaN;NaN;NaN;NaN;NaN;NaN;NaN;NaN;NaN;NaN;NaN;NaN;NaN;NaN;NaN;NaN
0.900707589041096;0.898760061643836;0.895085535616438;0.890787231506849;0.887745084931507;0.886409764383562;0.886540161643835;0.889273039726028;0.889669989041096;0.885712926027397;0.876327684931507;0.863770268493151;0.850192443835617;0.835726516438356;0.820351134246575;0.804168709589041;0.787276467123288;0.769827084931507;0.751825884931507;0.713578420547945;0.692962995890411;0.671246046575342;0.648425321917808;0.624718543835617;0.60040004109589;0.575567584931507;0.550250973972603;0.524540242465753;0.498481595890411;0.472143661643836;0.445604626027397;0.41890415890411;0.392024246575342;0.364962468493151;0.337751645205479;0.310292567123288;0.28260421369863;0.254878297260274;0.227153257534247;0.199079221917808;0.170187250684931;0.140594130136986;0.11133632739726;0.0834683952054794;0.0561920343835616;0.0275442057534247;NaN;NaN;NaN;NaN;NaN;NaN;NaN;NaN;NaN;NaN;NaN;NaN;NaN;NaN;NaN;NaN;NaN;NaN;NaN;NaN;NaN;NaN;NaN;NaN;NaN;NaN;NaN;NaN;NaN;NaN;NaN;NaN;NaN;NaN;NaN;NaN;NaN;NaN;NaN;NaN;NaN;NaN;NaN;NaN;NaN;NaN;NaN;NaN;NaN;NaN;NaN;NaN;NaN;NaN;NaN;NaN;NaN;NaN;NaN;NaN;NaN;NaN;NaN;NaN;NaN;NaN;NaN;NaN;NaN;NaN;NaN;NaN;NaN;NaN
0.912964065753425;0.910483157534247;0.906547293150685;0.902861150684931;0.899874290410959;0.89929611369863;0.902383453424658;0.903127883561644;0.901878898630137;0.895411719178082;0.88412248630137;0.870956575342466;0.856987267123288;0.842180495890411;0.826515883561644;0.810050352054795;0.79290868630137;0.77521555479452;0.756933491780822;0.717983;0.69696415479452;0.674831080821918;0.651600760273973;0.627536942465753;0.602852793150685;0.577614249315069;0.551934076712329;0.525906805479452;0.499511764383562;0.47280777260274;0.445914957534247;0.418875493150685;0.391631479452055;0.364204824657534;0.336620676712329;0.308771238356164;0.280716963013699;0.252640938356164;0.224524016438356;0.195970382191781;0.166540953424658;0.136521731506849;0.107043479452055;0.0790199669863014;0.0512890476712329;0.0218985176712329;NaN;NaN;NaN;NaN;NaN;NaN;NaN;NaN;NaN;NaN;NaN;NaN;NaN;NaN;NaN;NaN;NaN;NaN;NaN;NaN;NaN;NaN;NaN;NaN;NaN;NaN;NaN;NaN;NaN;NaN;NaN;NaN;NaN;NaN;NaN;NaN;NaN;NaN;NaN;NaN;NaN;NaN;NaN;NaN;NaN;NaN;NaN;NaN;NaN;NaN;NaN;NaN;NaN;NaN;NaN;NaN;NaN;NaN;NaN;NaN;NaN;NaN;NaN;NaN;NaN;NaN;NaN;NaN;NaN;NaN;NaN;NaN;NaN;NaN
0.925137179452055;0.922184684931507;0.91812118630137;0.915068160273973;0.913644756164384;0.913940324657534;0.916816987671233;0.917556954794521;0.913758180821918;0.904411580821918;0.89164945890411;0.878001561643836;0.863619278082192;0.848497010958904;0.832544898630137;0.815825805479452;0.798465016438356;0.780528552054795;0.761966749315068;0.72230661369863;0.700896856164384;0.678350147945206;0.654725184931507;0.630308894520548;0.605248909589041;0.579607616438356;0.55358791369863;0.527247467123288;0.500506283561644;0.473434631506849;0.446196095890411;0.418809847945205;0.391198324657534;0.363407820547945;0.335442730136986;0.307202620547945;0.278787217808219;0.250355849315068;0.221832571232877;0.192784569863014;0.162818626027397;0.132400134246575;0.102729936986301;0.0745189320547945;0.0462779228767123;0.016128052739726;NaN;NaN;NaN;NaN;NaN;NaN;NaN;NaN;NaN;NaN;NaN;NaN;NaN;NaN;NaN;NaN;NaN;NaN;NaN;NaN;NaN;NaN;NaN;NaN;NaN;NaN;NaN;NaN;NaN;NaN;NaN;NaN;NaN;NaN;NaN;NaN;NaN;NaN;NaN;NaN;NaN;NaN;NaN;NaN;NaN;NaN;NaN;NaN;NaN;NaN;NaN;NaN;NaN;NaN;NaN;NaN;NaN;NaN;NaN;NaN;NaN;NaN;NaN;NaN;NaN;NaN;NaN;NaN;NaN;NaN;NaN;NaN;NaN;NaN
0.937231804109589;0.933943304109589;0.930576308219178;0.927859820547945;0.926741819178082;0.930213834246576;0.931039108219178;0.930007387671233;0.923795075342466;0.912433575342466;0.899041952054794;0.884917617808219;0.870114020547945;0.854663617808219;0.838449395890411;0.82150414109589;0.803942846575342;0.785768253424657;0.766931493150685;0.726553765753425;0.704762767123288;0.681803279452055;0.657800438356164;0.633031742465753;0.607588152054795;0.581555880821918;0.555216868493151;0.528560275342466;0.501463415068493;0.47402807260274;0.446446597260274;0.418705416438356;0.390727252054794;0.362570979452055;0.334217342465753;0.305590524657534;0.276815505479452;0.248022438356164;0.219078260273973;0.189519979452055;0.159025119178082;0.12823394109589;0.09839691;0.0699573024657534;0.041154851369863;0.0102396467123288;NaN;NaN;NaN;NaN;NaN;NaN;NaN;NaN;NaN;NaN;NaN;NaN;NaN;NaN;NaN;NaN;NaN;NaN;NaN;NaN;NaN;NaN;NaN;NaN;NaN;NaN;NaN;NaN;NaN;NaN;NaN;NaN;NaN;NaN;NaN;NaN;NaN;NaN;NaN;NaN;NaN;NaN;NaN;NaN;NaN;NaN;NaN;NaN;NaN;NaN;NaN;NaN;NaN;NaN;NaN;NaN;NaN;NaN;NaN;NaN;NaN;NaN;NaN;NaN;NaN;NaN;NaN;NaN;NaN;NaN;NaN;NaN;NaN;NaN
0.949303553424658;0.945813160273973;0.942858546575342;0.941555910958904;0.941985732876712;0.944935371232877;0.946104080821918;0.942404689041096;0.933208580821918;0.920225965753425;0.9063238;0.891721045205479;0.876494175342466;0.860690691780822;0.844234171232877;0.827094321917808;0.809338069863013;0.790943520547945;0.771825435616438;0.730734301369863;0.708562061643836;0.685194408219178;0.660828402739726;0.635705047945206;0.609868179452055;0.583469378082192;0.5568246;0.529842502739726;0.502384324657534;0.474590767123288;0.446664273972603;0.418562915068493;0.39022005890411;0.361692738356164;0.332944215068493;0.303936549315069;0.274800830136986;0.245638265753425;0.216258884931507;0.186175405479452;0.155164032876712;0.124026471232877;0.0940434684931507;0.0653291590410959;0.0359118912328767;0.00423963475342466;NaN;NaN;NaN;NaN;NaN;NaN;NaN;NaN;NaN;NaN;NaN;NaN;NaN;NaN;NaN;NaN;NaN;NaN;NaN;NaN;NaN;NaN;NaN;NaN;NaN;NaN;NaN;NaN;NaN;NaN;NaN;NaN;NaN;NaN;NaN;NaN;NaN;NaN;NaN;NaN;NaN;NaN;NaN;NaN;NaN;NaN;NaN;NaN;NaN;NaN;NaN;NaN;NaN;NaN;NaN;NaN;NaN;NaN;NaN;NaN;NaN;NaN;NaN;NaN;NaN;NaN;NaN;NaN;NaN;NaN;NaN;NaN;NaN;NaN
0.961422453424657;0.958690035616438;0.956623682191781;0.954940616438356;0.958267601369863;0.959603943835616;0.959047006849315;0.95274645479452;0.941502236986301;0.927898480821918;0.913508087671233;0.89841774109589;0.882752147945206;0.866601121917808;0.849913736986301;0.8325979;0.814655153424658;0.796053206849315;0.776643117808219;0.73484885890411;0.712291102739726;0.688525557534247;0.663809875342466;0.638328254794521;0.612092612328767;0.585354965753425;0.558409239726028;0.531092546575342;0.503271641095891;0.475123095890411;0.446848108219178;0.41838408630137;0.389677039726027;0.360770410958904;0.331625112328767;0.30224125890411;0.272742168493151;0.243201994520548;0.213371976712329;0.182751710958904;0.151240852054795;0.119783983561644;0.0896639493150685;0.0606267716438356;0.0305461710958904;NaN;NaN;NaN;NaN;NaN;NaN;NaN;NaN;NaN;NaN;NaN;NaN;NaN;NaN;NaN;NaN;NaN;NaN;NaN;NaN;NaN;NaN;NaN;NaN;NaN;NaN;NaN;NaN;NaN;NaN;NaN;NaN;NaN;NaN;NaN;NaN;NaN;NaN;NaN;NaN;NaN;NaN;NaN;NaN;NaN;NaN;NaN;NaN;NaN;NaN;NaN;NaN;NaN;NaN;NaN;NaN;NaN;NaN;NaN;NaN;NaN;NaN;NaN;NaN;NaN;NaN;NaN;NaN;NaN;NaN;NaN;NaN;NaN;NaN;NaN
0.97367627260274;0.971231305479452;0.970256171232877;0.970596938356164;0.973469871232877;0.97515102739726;0.972051354794521;0.962669865753425;0.949604328767123;0.935487595890411;0.920586804109589;0.905019882191781;0.88891437260274;0.872414297260274;0.855500773972603;0.8380138;0.819907724657534;0.801092998630137;0.781380954794521;0.738899167123288;0.715950016438356;0.691800471232877;0.666746367123288;0.640894557534247;0.614271720547945;0.587219135616438;0.559969004109589;0.532310376712329;0.504126380821918;0.475624201369863;0.446997942465753;0.4181706;0.389096765753425;0.359803489041096;0.330262810958904;0.300504861643836;0.270639317808219;0.240713223287671;0.210417115068493;0.179250243835616;0.147258068493151;0.115512569863014;0.085253742739726;0.0558434687671233;0.0250558410958904;NaN;NaN;NaN;NaN;NaN;NaN;NaN;NaN;NaN;NaN;NaN;NaN;NaN;NaN;NaN;NaN;NaN;NaN;NaN;NaN;NaN;NaN;NaN;NaN;NaN;NaN;NaN;NaN;NaN;NaN;NaN;NaN;NaN;NaN;NaN;NaN;NaN;NaN;NaN;NaN;NaN;NaN;NaN;NaN;NaN;NaN;NaN;NaN;NaN;NaN;NaN;NaN;NaN;NaN;NaN;NaN;NaN;NaN;NaN;NaN;NaN;NaN;NaN;NaN;NaN;NaN;NaN;NaN;NaN;NaN;NaN;NaN;NaN;NaN;NaN
0.987060695890411;0.985766073972603;0.983827054794521;0.986547430136986;0.988650535616438;0.988677693150685;0.982349878082192;0.971301669863014;0.957607512328767;0.942973306849315;0.927582526027397;0.911532220547945;0.894999021917808;0.878152134246575;0.860999064383562;0.843353182191781;0.825096350684931;0.806052816438356;0.786041295890411;0.742882082191781;0.719538204109589;0.695025404109589;0.669633665753425;0.643402721917808;0.616414578082192;0.589064147945205;0.561502528767123;0.533496206849315;0.504947916438356;0.47609384109589;0.447114547945205;0.417923026027397;0.388477221917808;0.358793457534247;0.328858884931507;0.298727517808219;0.268492228767123;0.238169678082192;0.207393126027397;0.175672542465753;0.143220435616438;0.111214850684932;0.0808058598630137;0.0509721943835617;0.0194418238356164;NaN;NaN;NaN;NaN;NaN;NaN;NaN;NaN;NaN;NaN;NaN;NaN;NaN;NaN;NaN;NaN;NaN;NaN;NaN;NaN;NaN;NaN;NaN;NaN;NaN;NaN;NaN;NaN;NaN;NaN;NaN;NaN;NaN;NaN;NaN;NaN;NaN;NaN;NaN;NaN;NaN;NaN;NaN;NaN;NaN;NaN;NaN;NaN;NaN;NaN;NaN;NaN;NaN;NaN;NaN;NaN;NaN;NaN;NaN;NaN;NaN;NaN;NaN;NaN;NaN;NaN;NaN;NaN;NaN;NaN;NaN;NaN;NaN;NaN;NaN
1.00004196986301;0.999497197260274;0.999681284931507;1.00234563013699;1.00507347945205;1.00193902739726;0.992753978082192;0.979773815068493;0.965526795890411;0.950370594520548;0.934476517808219;0.917967212328767;0.901014471232877;0.883832779452055;0.866421254794521;0.848627509589041;0.830207491780822;0.810929871232877;0.790624789041096;0.746793569863014;0.723059238356164;0.698205421917808;0.67246977260274;0.645856852054794;0.618530846575342;0.590889460273973;0.563009398630137;0.534650156164384;0.505736764383562;0.476533246575343;0.447198945205479;0.417640864383562;0.387817784931507;0.357740852054795;0.327413954794521;0.29690737260274;0.266300669863014;0.235570294520548;0.204298482191781;0.172020968493151;0.13913294109589;0.106896893150685;0.0763137016438356;0.0460083305479452;0.0137084317808219;NaN;NaN;NaN;NaN;NaN;NaN;NaN;NaN;NaN;NaN;NaN;NaN;NaN;NaN;NaN;NaN;NaN;NaN;NaN;NaN;NaN;NaN;NaN;NaN;NaN;NaN;NaN;NaN;NaN;NaN;NaN;NaN;NaN;NaN;NaN;NaN;NaN;NaN;NaN;NaN;NaN;NaN;NaN;NaN;NaN;NaN;NaN;NaN;NaN;NaN;NaN;NaN;NaN;NaN;NaN;NaN;NaN;NaN;NaN;NaN;NaN;NaN;NaN;NaN;NaN;NaN;NaN;NaN;NaN;NaN;NaN;NaN;NaN;NaN;NaN
1.01503665753425;1.0137501369863;1.01541382191781;1.01805943835616;1.01857223287671;1.01274220547945;1.00176528767123;0.988151335616438;0.973349750684931;0.957683371232877;0.941278528767123;0.924321446575343;0.90698362739726;0.889461161643836;0.871791860273973;0.85383695479452;0.835242097260274;0.815721902739726;0.795135689041096;0.750630508219178;0.7265196;0.701338431506849;0.675250304109589;0.648261960273973;0.620623882191781;0.592693515068493;0.564488457534247;0.535770202739726;0.506494675342466;0.476943471232877;0.447250943835616;0.417322861643836;0.387119564383562;0.356646317808219;0.325928320547945;0.295044560273973;0.264063552054795;0.232913857534247;0.201131283561644;0.168298945205479;0.134999795890411;0.10255971369863;0.07177215;0.0409449184931507;0.00785819064383562;NaN;NaN;NaN;NaN;NaN;NaN;NaN;NaN;NaN;NaN;NaN;NaN;NaN;NaN;NaN;NaN;NaN;NaN;NaN;NaN;NaN;NaN;NaN;NaN;NaN;NaN;NaN;NaN;NaN;NaN;NaN;NaN;NaN;NaN;NaN;NaN;NaN;NaN;NaN;NaN;NaN;NaN;NaN;NaN;NaN;NaN;NaN;NaN;NaN;NaN;NaN;NaN;NaN;NaN;NaN;NaN;NaN;NaN;NaN;NaN;NaN;NaN;NaN;NaN;NaN;NaN;NaN;NaN;NaN;NaN;NaN;NaN;NaN;NaN;NaN
1.02914835616438;1.02924615068493;1.0313714109589;1.03477123287671;1.03235931506849;1.02358597260274;1.01065723287671;0.996448683561644;0.981093661643836;0.964896982191781;0.948010549315068;0.930621342465753;0.912920383561644;0.895058154794521;0.877131587671233;0.858981231506849;0.84019704520548;0.820432830136986;0.799577294520548;0.754395715068493;0.729926476712329;0.704423101369863;0.677973676712329;0.650627820547945;0.622698431506849;0.594477284931507;0.565938673972603;0.536856160273973;0.50722371369863;0.477325716438356;0.447270109589041;0.416969145205479;0.386382210958904;0.35551017260274;0.324401945205479;0.293139517808219;0.261781020547945;0.230199432876712;0.197890015068493;0.164510628767123;0.130824561643836;0.0982033238356164;0.0671738384931507;0.0357741047945206;0.00189647116438356;NaN;NaN;NaN;NaN;NaN;NaN;NaN;NaN;NaN;NaN;NaN;NaN;NaN;NaN;NaN;NaN;NaN;NaN;NaN;NaN;NaN;NaN;NaN;NaN;NaN;NaN;NaN;NaN;NaN;NaN;NaN;NaN;NaN;NaN;NaN;NaN;NaN;NaN;NaN;NaN;NaN;NaN;NaN;NaN;NaN;NaN;NaN;NaN;NaN;NaN;NaN;NaN;NaN;NaN;NaN;NaN;NaN;NaN;NaN;NaN;NaN;NaN;NaN;NaN;NaN;NaN;NaN;NaN;NaN;NaN;NaN;NaN;NaN;NaN;NaN
1.04434023287671;1.04517476712329;1.04798943835616;1.04864939726027;1.04377934246575;1.03301876712329;1.01947463013699;1.00465306849315;0.98874604520548;0.972027049315068;0.954670106849315;0.936871617808219;0.918807646575343;0.900639650684932;0.882441017808219;0.864064039726027;0.845071917808219;0.825064617808219;0.803947773972603;0.758086252054795;0.733279043835616;0.707454902739726;0.68064002739726;0.652961860273973;0.624756532876712;0.596238528767123;0.567356508219178;0.537908643835616;0.507925671232877;0.477678647945205;0.447255417808219;0.416580734246575;0.385606249315068;0.354333194520548;0.322835110958904;0.291192771232877;0.259453231506849;0.227425390410959;0.194574367123288;0.16066168630137;0.12661367260274;0.0938260879452055;0.0625146147945205;0.030491022739726;NaN;NaN;NaN;NaN;NaN;NaN;NaN;NaN;NaN;NaN;NaN;NaN;NaN;NaN;NaN;NaN;NaN;NaN;NaN;NaN;NaN;NaN;NaN;NaN;NaN;NaN;NaN;NaN;NaN;NaN;NaN;NaN;NaN;NaN;NaN;NaN;NaN;NaN;NaN;NaN;NaN;NaN;NaN;NaN;NaN;NaN;NaN;NaN;NaN;NaN;NaN;NaN;NaN;NaN;NaN;NaN;NaN;NaN;NaN;NaN;NaN;NaN;NaN;NaN;NaN;NaN;NaN;NaN;NaN;NaN;NaN;NaN;NaN;NaN;NaN;NaN
1.0594868630137;1.06095038356164;1.06481360273973;1.06284515068493;1.05516446575342;1.04235443835616;1.02820579452055;1.01278221917808;0.996306864383562;0.979078652054795;0.961278967123288;0.943069394520548;0.924674071232877;0.906215175342466;0.887733645205479;0.869087052054795;0.849861324657534;0.829621212328767;0.808247634246575;0.761711291780822;0.736582624657534;0.7104314;0.683256639726027;0.655272604109589;0.626799893150685;0.597974249315068;0.568740621917808;0.538930268493151;0.508601482191781;0.478000867123288;0.44720682739726;0.416157043835616;0.384791047945205;0.353115346575342;0.321227489041096;0.289204363013699;0.257078794520548;0.224588842465753;0.191184790410959;0.156755353424658;0.122368015068493;0.0894238693150685;0.0577877915068493;0.0250930568493151;NaN;NaN;NaN;NaN;NaN;NaN;NaN;NaN;NaN;NaN;NaN;NaN;NaN;NaN;NaN;NaN;NaN;NaN;NaN;NaN;NaN;NaN;NaN;NaN;NaN;NaN;NaN;NaN;NaN;NaN;NaN;NaN;NaN;NaN;NaN;NaN;NaN;NaN;NaN;NaN;NaN;NaN;NaN;NaN;NaN;NaN;NaN;NaN;NaN;NaN;NaN;NaN;NaN;NaN;NaN;NaN;NaN;NaN;NaN;NaN;NaN;NaN;NaN;NaN;NaN;NaN;NaN;NaN;NaN;NaN;NaN;NaN;NaN;NaN;NaN;NaN
1.07497032876712;1.07838519178082;1.07899806849315;1.07556809589041;1.06508187671233;1.05162626027397;1.03684971232877;1.02081073972603;1.00378524657534;0.986069508219178;0.967834017808219;0.949240431506849;0.93052967260274;0.911785180821918;0.893003063013698;0.874052882191781;0.854569717808219;0.834107752054795;0.812475823287671;0.765275279452055;0.739833669863014;0.713349287671233;0.685829763013699;0.657564652054794;0.628826280821918;0.599681450684931;0.570090508219178;0.539924287671233;0.509251801369863;0.478291638356164;0.447125683561644;0.41569852739726;0.383937060273973;0.351857609589041;0.319579115068493;0.287175808219178;0.254656126027397;0.221688635616438;0.187722991780822;0.152795393150685;0.118091019178082;0.0849931404109589;0.0529875178082192;0.0195765387671233;NaN;NaN;NaN;NaN;NaN;NaN;NaN;NaN;NaN;NaN;NaN;NaN;NaN;NaN;NaN;NaN;NaN;NaN;NaN;NaN;NaN;NaN;NaN;NaN;NaN;NaN;NaN;NaN;NaN;NaN;NaN;NaN;NaN;NaN;NaN;NaN;NaN;NaN;NaN;NaN;NaN;NaN;NaN;NaN;NaN;NaN;NaN;NaN;NaN;NaN;NaN;NaN;NaN;NaN;NaN;NaN;NaN;NaN;NaN;NaN;NaN;NaN;NaN;NaN;NaN;NaN;NaN;NaN;NaN;NaN;NaN;NaN;NaN;NaN;NaN;NaN
1.09125031506849;1.09499738356164;1.09364582191781;1.0874137260274;1.07490047945205;1.0608284109589;1.04542116438356;1.0287465890411;1.01118615068493;0.993009587671233;0.974350538356164;0.955393197260274;0.93638017260274;0.9173428;0.898249561643836;0.878968883561644;0.859211310958904;0.838523669863014;0.816626912328767;0.768781626027397;0.7430282;0.716205209589041;0.688368457534247;0.659841920547945;0.63083198630137;0.601356953424658;0.571408126027397;0.540892389041096;0.509875215068493;0.478551094520548;0.447013252054795;0.415205115068493;0.383043915068493;0.350559278082192;0.317891124657534;0.285108583561644;0.252183273972603;0.218724483561644;0.184191745205479;0.148784236986301;0.113787317808219;0.0805291342465753;0.0481070593150685;0.0139441146575342;NaN;NaN;NaN;NaN;NaN;NaN;NaN;NaN;NaN;NaN;NaN;NaN;NaN;NaN;NaN;NaN;NaN;NaN;NaN;NaN;NaN;NaN;NaN;NaN;NaN;NaN;NaN;NaN;NaN;NaN;NaN;NaN;NaN;NaN;NaN;NaN;NaN;NaN;NaN;NaN;NaN;NaN;NaN;NaN;NaN;NaN;NaN;NaN;NaN;NaN;NaN;NaN;NaN;NaN;NaN;NaN;NaN;NaN;NaN;NaN;NaN;NaN;NaN;NaN;NaN;NaN;NaN;NaN;NaN;NaN;NaN;NaN;NaN;NaN;NaN;NaN
1.10914131506849;1.10966021917808;1.10772280821918;1.09785954794521;1.08466249315068;1.0699547260274;1.05388217808219;1.03660131506849;1.01853347945205;0.999898482191781;0.980841442465753;0.961541878082192;0.942225439726027;0.922890783561644;0.903470084931507;0.883841889041096;0.863788461643836;0.842869684931507;0.820702660273973;0.772228538356164;0.746165542465753;0.719006779452055;0.690881068493151;0.662108624657534;0.632814091780822;0.603000889041096;0.572696180821918;0.541835443835616;0.510470447945205;0.478780134246575;0.446868865753425;0.414676375342466;0.382111438356164;0.349221573972603;0.316164120547945;0.283001515068493;0.249659376712329;0.215696316438356;0.180593273972603;0.144723947945205;0.109460626027397;0.0760272361643835;0.0431394783561644;0.00819868382191781;NaN;NaN;NaN;NaN;NaN;NaN;NaN;NaN;NaN;NaN;NaN;NaN;NaN;NaN;NaN;NaN;NaN;NaN;NaN;NaN;NaN;NaN;NaN;NaN;NaN;NaN;NaN;NaN;NaN;NaN;NaN;NaN;NaN;NaN;NaN;NaN;NaN;NaN;NaN;NaN;NaN;NaN;NaN;NaN;NaN;NaN;NaN;NaN;NaN;NaN;NaN;NaN;NaN;NaN;NaN;NaN;NaN;NaN;NaN;NaN;NaN;NaN;NaN;NaN;NaN;NaN;NaN;NaN;NaN;NaN;NaN;NaN;NaN;NaN;NaN;NaN
1.124896;1.12460865753425;1.12021083561644;1.10820147945205;1.094339;1.07898534246575;1.06224817808219;1.04438949315068;1.02582680821918;1.00675490410959;0.987315601369863;0.967694753424657;0.948064673972603;0.928424602739726;0.908672680821918;0.888677217808219;0.868310995890411;0.847143534246575;0.82470201369863;0.77561895479452;0.749243763013699;0.721759071232877;0.693376421917808;0.664360171232877;0.634769349315068;0.60461362739726;0.573955801369863;0.542752879452055;0.511037412328767;0.478979320547945;0.446692573972603;0.414111783561644;0.381138505479452;0.347844978082192;0.314399069863014;0.280853538356164;0.247083112328767;0.212602154794521;0.176929545205479;0.140617436986301;0.105115269863014;0.0714820224657534;0.0380799917808219;0.00234331479452055;NaN;NaN;NaN;NaN;NaN;NaN;NaN;NaN;NaN;NaN;NaN;NaN;NaN;NaN;NaN;NaN;NaN;NaN;NaN;NaN;NaN;NaN;NaN;NaN;NaN;NaN;NaN;NaN;NaN;NaN;NaN;NaN;NaN;NaN;NaN;NaN;NaN;NaN;NaN;NaN;NaN;NaN;NaN;NaN;NaN;NaN;NaN;NaN;NaN;NaN;NaN;NaN;NaN;NaN;NaN;NaN;NaN;NaN;NaN;NaN;NaN;NaN;NaN;NaN;NaN;NaN;NaN;NaN;NaN;NaN;NaN;NaN;NaN;NaN;NaN;NaN
1.14026967123288;1.14012784931507;1.13126663013699;1.11846860273973;1.10395082191781;1.08791031506849;1.07053031506849;1.05212173972603;1.03307120547945;1.01359147945205;0.993787268493151;0.973848650684931;0.953902834246575;0.933943850684931;0.913845424657534;0.893486395890411;0.872781189041096;0.851341342465753;0.828623012328767;0.778955142465753;0.752264465753425;0.724472973972603;0.695856831506849;0.666592784931507;0.636695701369863;0.606196406849315;0.575187849315069;0.543644506849315;0.511576973972603;0.479148390410959;0.446484363013699;0.413510923287671;0.38012564109589;0.346430561643836;0.312595646575343;0.278663784931507;0.244454394520548;0.209441719178082;0.173203895890411;0.136468264383562;0.100750945205479;0.0668881746575343;0.0329233282191781;NaN;NaN;NaN;NaN;NaN;NaN;NaN;NaN;NaN;NaN;NaN;NaN;NaN;NaN;NaN;NaN;NaN;NaN;NaN;NaN;NaN;NaN;NaN;NaN;NaN;NaN;NaN;NaN;NaN;NaN;NaN;NaN;NaN;NaN;NaN;NaN;NaN;NaN;NaN;NaN;NaN;NaN;NaN;NaN;NaN;NaN;NaN;NaN;NaN;NaN;NaN;NaN;NaN;NaN;NaN;NaN;NaN;NaN;NaN;NaN;NaN;NaN;NaN;NaN;NaN;NaN;NaN;NaN;NaN;NaN;NaN;NaN;NaN;NaN;NaN;NaN;NaN
1.15582802739726;1.15310636986301;1.14216265753425;1.12864764383562;1.11344538356164;1.0967392739726;1.07874861643836;1.05979438356164;1.04029409589041;1.02041564383562;1.00026791780822;0.980003157534247;0.95973551369863;0.939440045205479;0.918994861643836;0.898276228767123;0.877207073972603;0.855462187671233;0.832467854794521;0.78223424109589;0.755225808219178;0.727156197260274;0.698321612328767;0.668802909589041;0.638592221917808;0.607750578082192;0.5763938;0.544511320547945;0.512089517808219;0.479287826027397;0.446244301369863;0.412872402739726;0.379074642465753;0.344979469863014;0.310754034246575;0.276432804109589;0.241773920547945;0.206213430136986;0.169417378082192;0.13228067260274;0.0963690798630137;0.0622394983561644;0.0276641289041096;NaN;NaN;NaN;NaN;NaN;NaN;NaN;NaN;NaN;NaN;NaN;NaN;NaN;NaN;NaN;NaN;NaN;NaN;NaN;NaN;NaN;NaN;NaN;NaN;NaN;NaN;NaN;NaN;NaN;NaN;NaN;NaN;NaN;NaN;NaN;NaN;NaN;NaN;NaN;NaN;NaN;NaN;NaN;NaN;NaN;NaN;NaN;NaN;NaN;NaN;NaN;NaN;NaN;NaN;NaN;NaN;NaN;NaN;NaN;NaN;NaN;NaN;NaN;NaN;NaN;NaN;NaN;NaN;NaN;NaN;NaN;NaN;NaN;NaN;NaN;NaN;NaN
1.17176487671233;1.16519575342466;1.15295287671233;1.13874139726027;1.12284238356164;1.10549120547945;1.08689476712329;1.06743817808219;1.04750019178082;1.02724279452055;1.00675161643836;0.986158530136986;0.965552869863013;0.944915943835616;0.92412311369863;0.903039165753424;0.881592506849315;0.859514689041096;0.836235232876712;0.785447595890411;0.758136061643836;0.729820906849315;0.700769005479452;0.670988238356164;0.640461291780822;0.609275268493151;0.577573749315068;0.54535421369863;0.512574639726027;0.479397636986301;0.445971532876712;0.412196006849315;0.37798702739726;0.343492590410959;0.308874721917808;0.274161109589041;0.239038868493151;0.202917215068493;0.165573310958904;0.128057616438356;0.0919688616438356;0.0575309850684931;0.0223007661643836;NaN;NaN;NaN;NaN;NaN;NaN;NaN;NaN;NaN;NaN;NaN;NaN;NaN;NaN;NaN;NaN;NaN;NaN;NaN;NaN;NaN;NaN;NaN;NaN;NaN;NaN;NaN;NaN;NaN;NaN;NaN;NaN;NaN;NaN;NaN;NaN;NaN;NaN;NaN;NaN;NaN;NaN;NaN;NaN;NaN;NaN;NaN;NaN;NaN;NaN;NaN;NaN;NaN;NaN;NaN;NaN;NaN;NaN;NaN;NaN;NaN;NaN;NaN;NaN;NaN;NaN;NaN;NaN;NaN;NaN;NaN;NaN;NaN;NaN;NaN;NaN;NaN
1.18555428767123;1.17675491780822;1.16365795890411;1.14871779452055;1.13215517808219;1.1141635890411;1.09498963013699;1.07505616438356;1.05470704109589;1.03406928767123;1.01323897260274;0.992317742465754;0.971362821917808;0.950371239726027;0.929230134246575;0.90777471369863;0.885940817808219;0.863498830136986;0.839930928767123;0.788595017808219;0.761004428767123;0.732467853424657;0.703198593150685;0.673148875342466;0.642302060273973;0.6107708;0.578729224657534;0.546173606849315;0.513032023287671;0.479477969863014;0.44566547260274;0.411482504109589;0.376862545205479;0.34196754109589;0.306957510958904;0.271847552054795;0.236246609589041;0.199554079452055;0.161673889041096;0.12380295890411;0.0875443545205479;0.052755051369863;0.0168313812328767;NaN;NaN;NaN;NaN;NaN;NaN;NaN;NaN;NaN;NaN;NaN;NaN;NaN;NaN;NaN;NaN;NaN;NaN;NaN;NaN;NaN;NaN;NaN;NaN;NaN;NaN;NaN;NaN;NaN;NaN;NaN;NaN;NaN;NaN;NaN;NaN;NaN;NaN;NaN;NaN;NaN;NaN;NaN;NaN;NaN;NaN;NaN;NaN;NaN;NaN;NaN;NaN;NaN;NaN;NaN;NaN;NaN;NaN;NaN;NaN;NaN;NaN;NaN;NaN;NaN;NaN;NaN;NaN;NaN;NaN;NaN;NaN;NaN;NaN;NaN;NaN;NaN
1.19893147945205;1.1881135890411;1.17423043835616;1.15859901369863;1.14138715068493;1.12275160273973;1.10305176712329;1.08266901369863;1.06191016438356;1.04089950684931;1.01973193150685;0.998469926027397;0.977160267123288;0.955817749315068;0.934321489041096;0.91248864109589;0.890238667123288;0.867418209589041;0.843560676712329;0.791688915068493;0.763841361643836;0.735096506849315;0.705605760273973;0.675284535616438;0.644112324657534;0.612237179452055;0.579862230136986;0.546969397260274;0.513460906849315;0.479528006849315;0.445325549315068;0.410732715068493;0.375702887671233;0.340406563013699;0.305005753424658;0.269491319178082;0.233397136986301;0.196124426027397;0.157725212328767;0.119521945205479;0.0830925039726027;0.0479094375342466;0.0112557920547945;NaN;NaN;NaN;NaN;NaN;NaN;NaN;NaN;NaN;NaN;NaN;NaN;NaN;NaN;NaN;NaN;NaN;NaN;NaN;NaN;NaN;NaN;NaN;NaN;NaN;NaN;NaN;NaN;NaN;NaN;NaN;NaN;NaN;NaN;NaN;NaN;NaN;NaN;NaN;NaN;NaN;NaN;NaN;NaN;NaN;NaN;NaN;NaN;NaN;NaN;NaN;NaN;NaN;NaN;NaN;NaN;NaN;NaN;NaN;NaN;NaN;NaN;NaN;NaN;NaN;NaN;NaN;NaN;NaN;NaN;NaN;NaN;NaN;NaN;NaN;NaN;NaN
1.21169953424658;1.19931221917808;1.18470389041096;1.16840480821918;1.1505332739726;1.13130078082192;1.11109806849315;1.09027673972603;1.0691134109589;1.04773535616438;1.02623150684932;1.00461761643836;0.982952379452055;0.961254402739726;0.939395163013699;0.917172708219178;0.894505880821918;0.87128338630137;0.847123590410959;0.794732278082192;0.766648891780822;0.737706489041096;0.707993178082192;0.677394246575342;0.645893326027397;0.613677165753425;0.580974234246575;0.547740423287671;0.513860856164384;0.4795478;0.444951557534247;0.409947180821918;0.374506910958904;0.338808987671233;0.303019669863014;0.267089652054795;0.230488973972603;0.192627523287671;0.153727224657534;0.11521751369863;0.0786084847945205;0.0429875908219178;0.00557594571232877;NaN;NaN;NaN;NaN;NaN;NaN;NaN;NaN;NaN;NaN;NaN;NaN;NaN;NaN;NaN;NaN;NaN;NaN;NaN;NaN;NaN;NaN;NaN;NaN;NaN;NaN;NaN;NaN;NaN;NaN;NaN;NaN;NaN;NaN;NaN;NaN;NaN;NaN;NaN;NaN;NaN;NaN;NaN;NaN;NaN;NaN;NaN;NaN;NaN;NaN;NaN;NaN;NaN;NaN;NaN;NaN;NaN;NaN;NaN;NaN;NaN;NaN;NaN;NaN;NaN;NaN;NaN;NaN;NaN;NaN;NaN;NaN;NaN;NaN;NaN;NaN;NaN
1.22378182191781;1.21036664383562;1.19509467123288;1.17812901369863;1.15962704109589;1.13982415068493;1.11913378082192;1.09788352054795;1.07631978082192;1.05458308219178;1.03272973972603;1.010761;0.988734026027397;0.966684057534247;0.944452252054795;0.921822545205479;0.898727624657534;0.875094295890411;0.85061827260274;0.797723526027397;0.769431330136986;0.740295273972603;0.71035952739726;0.679476178082192;0.647643864383562;0.615093038356164;0.582066128767123;0.548486197260274;0.514232479452055;0.479537524657534;0.444544261643836;0.409126169863014;0.373275860273973;0.337176326027397;0.300998389041096;0.26464098630137;0.227520390410959;0.189066390410959;0.14968575890411;0.110893120547945;0.0740879928767123;0.037986382739726;NaN;NaN;NaN;NaN;NaN;NaN;NaN;NaN;NaN;NaN;NaN;NaN;NaN;NaN;NaN;NaN;NaN;NaN;NaN;NaN;NaN;NaN;NaN;NaN;NaN;NaN;NaN;NaN;NaN;NaN;NaN;NaN;NaN;NaN;NaN;NaN;NaN;NaN;NaN;NaN;NaN;NaN;NaN;NaN;NaN;NaN;NaN;NaN;NaN;NaN;NaN;NaN;NaN;NaN;NaN;NaN;NaN;NaN;NaN;NaN;NaN;NaN;NaN;NaN;NaN;NaN;NaN;NaN;NaN;NaN;NaN;NaN;NaN;NaN;NaN;NaN;NaN;NaN
1.23551153424658;1.2213421369863;1.20540290410959;1.18779384931507;1.16867804109589;1.1483264109589;1.12716535616438;1.10548965753425;1.08353495890411;1.06143567123288;1.03922832876712;1.01689763013699;0.994515105479452;0.972110143835617;0.949482034246575;0.926444612328767;0.902913317808219;0.878856487671233;0.854054768493151;0.800669997260274;0.772192546575342;0.742867009589041;0.712703163013699;0.681527984931507;0.64936425890411;0.616486816438356;0.583136826027397;0.549205716438356;0.514575919178082;0.479497552054794;0.444103134246575;0.408270023287671;0.372010857534247;0.335509616438356;0.298942295890411;0.262144764383562;0.224488834246575;0.185444297260274;0.145604679452055;0.10655024109589;0.0695252505479452;0.032900117260274;NaN;NaN;NaN;NaN;NaN;NaN;NaN;NaN;NaN;NaN;NaN;NaN;NaN;NaN;NaN;NaN;NaN;NaN;NaN;NaN;NaN;NaN;NaN;NaN;NaN;NaN;NaN;NaN;NaN;NaN;NaN;NaN;NaN;NaN;NaN;NaN;NaN;NaN;NaN;NaN;NaN;NaN;NaN;NaN;NaN;NaN;NaN;NaN;NaN;NaN;NaN;NaN;NaN;NaN;NaN;NaN;NaN;NaN;NaN;NaN;NaN;NaN;NaN;NaN;NaN;NaN;NaN;NaN;NaN;NaN;NaN;NaN;NaN;NaN;NaN;NaN;NaN;NaN
1.24709975342466;1.23224116438356;1.21565287671233;1.19741276712329;1.17769419178082;1.15681795890411;1.1351978630137;1.11310234246575;1.09075750684932;1.06829587671233;1.04572454794521;1.02303694520548;1.00030265753425;0.977529561643836;0.954501108219178;0.931031315068493;0.907061726027397;0.882574849315069;0.857432106849315;0.803578126027397;0.774931336986301;0.745420363013699;0.715021930136986;0.683549087671233;0.651057301369863;0.61785858630137;0.584185934246576;0.549898130136986;0.5148911;0.479428049315068;0.443628443835616;0.407379332876712;0.370711547945205;0.333808542465753;0.296850176712329;0.259598676712329;0.221393215068493;0.18176425890411;0.141485069863014;0.102189747945205;0.0649141923287671;0.0277268483561644;NaN;NaN;NaN;NaN;NaN;NaN;NaN;NaN;NaN;NaN;NaN;NaN;NaN;NaN;NaN;NaN;NaN;NaN;NaN;NaN;NaN;NaN;NaN;NaN;NaN;NaN;NaN;NaN;NaN;NaN;NaN;NaN;NaN;NaN;NaN;NaN;NaN;NaN;NaN;NaN;NaN;NaN;NaN;NaN;NaN;NaN;NaN;NaN;NaN;NaN;NaN;NaN;NaN;NaN;NaN;NaN;NaN;NaN;NaN;NaN;NaN;NaN;NaN;NaN;NaN;NaN;NaN;NaN;NaN;NaN;NaN;NaN;NaN;NaN;NaN;NaN;NaN;NaN
1.25858538356164;1.24308126027397;1.22585143835616;1.20698860273973;1.18668649315068;1.16530954794521;1.14323278082192;1.12071852054795;1.09798949315068;1.07515715068493;1.0522195890411;1.02917938356164;1.00609145205479;0.982937205479452;0.959481521917808;0.9355814;0.911173515068493;0.886244816438356;0.860754652054795;0.806461447945205;0.77765568630137;0.74795277260274;0.717311261643836;0.685539058904109;0.652726223287671;0.619211031506849;0.585211732876712;0.550562438356164;0.515178294520548;0.479328724657534;0.443119583561644;0.406455079452055;0.369379390410959;0.332075287671233;0.294721697260274;0.257001461643836;0.218234102739726;0.178027176712329;0.137330226027397;0.0978100683561644;0.0602517769863014;0.0224619343835616;NaN;NaN;NaN;NaN;NaN;NaN;NaN;NaN;NaN;NaN;NaN;NaN;NaN;NaN;NaN;NaN;NaN;NaN;NaN;NaN;NaN;NaN;NaN;NaN;NaN;NaN;NaN;NaN;NaN;NaN;NaN;NaN;NaN;NaN;NaN;NaN;NaN;NaN;NaN;NaN;NaN;NaN;NaN;NaN;NaN;NaN;NaN;NaN;NaN;NaN;NaN;NaN;NaN;NaN;NaN;NaN;NaN;NaN;NaN;NaN;NaN;NaN;NaN;NaN;NaN;NaN;NaN;NaN;NaN;NaN;NaN;NaN;NaN;NaN;NaN;NaN;NaN;NaN
1.27001180821918;1.25387856164384;1.23600567123288;1.21653226027397;1.19565787671233;1.17379956164384;1.15126964383562;1.12834249315068;1.10522704109589;1.08202480821918;1.05871779452055;1.03532620547945;1.01188432876712;0.988326134246575;0.964433594520548;0.940096873972603;0.915246693150685;0.88987158630137;0.864024012328767;0.809314273972603;0.780362721917808;0.750464897260274;0.719571068493151;0.687500180821918;0.654372493150685;0.620544636986301;0.586213993150685;0.551199620547945;0.515438768493151;0.479198602739726;0.442576891780822;0.405498709589041;0.368014123287671;0.330309567123288;0.292555008219178;0.254354271232877;0.215009979452055;0.174237660273973;0.133144376712329;0.0934088380821918;0.0555352198630137;0.0171052065753425;NaN;NaN;NaN;NaN;NaN;NaN;NaN;NaN;NaN;NaN;NaN;NaN;NaN;NaN;NaN;NaN;NaN;NaN;NaN;NaN;NaN;NaN;NaN;NaN;NaN;NaN;NaN;NaN;NaN;NaN;NaN;NaN;NaN;NaN;NaN;NaN;NaN;NaN;NaN;NaN;NaN;NaN;NaN;NaN;NaN;NaN;NaN;NaN;NaN;NaN;NaN;NaN;NaN;NaN;NaN;NaN;NaN;NaN;NaN;NaN;NaN;NaN;NaN;NaN;NaN;NaN;NaN;NaN;NaN;NaN;NaN;NaN;NaN;NaN;NaN;NaN;NaN;NaN
1.28139121917808;1.26462998630137;1.24611591780822;1.22603543835616;1.20461326027397;1.18228852054795;1.15930894520548;1.13597069863014;1.11247395890411;1.08889638356164;1.06521883561644;1.04148135616438;1.01767367123288;0.993690482191781;0.969353526027397;0.944580443835616;0.919283591780822;0.893462504109589;0.867244282191781;0.812153009589041;0.78305047260274;0.752952498630137;0.721800894520548;0.689433398630137;0.655997105479452;0.621857973972603;0.587191420547945;0.551810182191781;0.515672787671233;0.479037342465753;0.442001689041096;0.404510530136986;0.366615732876712;0.328512443835616;0.290349553424658;0.251654132876712;0.211724810958904;0.170400668493151;0.128928008219178;0.0889821606849315;0.050761148630137;0.0116532617808219;NaN;NaN;NaN;NaN;NaN;NaN;NaN;NaN;NaN;NaN;NaN;NaN;NaN;NaN;NaN;NaN;NaN;NaN;NaN;NaN;NaN;NaN;NaN;NaN;NaN;NaN;NaN;NaN;NaN;NaN;NaN;NaN;NaN;NaN;NaN;NaN;NaN;NaN;NaN;NaN;NaN;NaN;NaN;NaN;NaN;NaN;NaN;NaN;NaN;NaN;NaN;NaN;NaN;NaN;NaN;NaN;NaN;NaN;NaN;NaN;NaN;NaN;NaN;NaN;NaN;NaN;NaN;NaN;NaN;NaN;NaN;NaN;NaN;NaN;NaN;NaN;NaN;NaN
1.29273001369863;1.27533590410959;1.25618710958904;1.2355145890411;1.21356415068493;1.19077753424658;1.16735101369863;1.14360687671233;1.1197285890411;1.09577552054795;1.07173280821918;1.04764519178082;1.02345719178082;0.999028160273972;0.974243610958904;0.949031389041096;0.923284001369863;0.897008357534247;0.870418704109589;0.814971669863014;0.78571825890411;0.755411153424658;0.723998954794521;0.691338968493151;0.657599797260274;0.623150395890411;0.588142490410959;0.552394783561644;0.515879709589041;0.478844946575342;0.44139537260274;0.403490784931507;0.365184752054795;0.326684375342466;0.288103139726027;0.248898982191781;0.208378131506849;0.166518819178082;0.12468261369863;0.0845302771232877;0.0459237643835616;0.00610664353424658;NaN;NaN;NaN;NaN;NaN;NaN;NaN;NaN;NaN;NaN;NaN;NaN;NaN;NaN;NaN;NaN;NaN;NaN;NaN;NaN;NaN;NaN;NaN;NaN;NaN;NaN;NaN;NaN;NaN;NaN;NaN;NaN;NaN;NaN;NaN;NaN;NaN;NaN;NaN;NaN;NaN;NaN;NaN;NaN;NaN;NaN;NaN;NaN;NaN;NaN;NaN;NaN;NaN;NaN;NaN;NaN;NaN;NaN;NaN;NaN;NaN;NaN;NaN;NaN;NaN;NaN;NaN;NaN;NaN;NaN;NaN;NaN;NaN;NaN;NaN;NaN;NaN;NaN
1.30403454794521;1.28600490410959;1.26622573972603;1.24498010958904;1.22251728767123;1.19927121917808;1.17540182191781;1.15125961643836;1.12700004109589;1.10266461643836;1.07826184931507;1.05381489041096;1.02922832876712;1.00434254794521;0.979107417808219;0.953450046575343;0.927243161643836;0.900519016438356;0.873561215068493;0.817778235616438;0.788364368493151;0.757843147945205;0.726168753424657;0.693219878082192;0.659183916438356;0.624421791780822;0.589068912328767;0.552954323287671;0.516059265753425;0.478622183561644;0.440758179452055;0.402439110958904;0.363721509589041;0.324825009589041;0.285813894520548;0.246089124657534;0.204970897260274;0.162592910958904;0.120409298630137;0.0800463823287671;0.0410173110958904;0.000463723509589041;NaN;NaN;NaN;NaN;NaN;NaN;NaN;NaN;NaN;NaN;NaN;NaN;NaN;NaN;NaN;NaN;NaN;NaN;NaN;NaN;NaN;NaN;NaN;NaN;NaN;NaN;NaN;NaN;NaN;NaN;NaN;NaN;NaN;NaN;NaN;NaN;NaN;NaN;NaN;NaN;NaN;NaN;NaN;NaN;NaN;NaN;NaN;NaN;NaN;NaN;NaN;NaN;NaN;NaN;NaN;NaN;NaN;NaN;NaN;NaN;NaN;NaN;NaN;NaN;NaN;NaN;NaN;NaN;NaN;NaN;NaN;NaN;NaN;NaN;NaN;NaN;NaN;NaN
1.31530009589041;1.29663473972603;1.2762381369863;1.25443423287671;1.23147305479452;1.20776749315069;1.18346180821918;1.15892508219178;1.13428016438356;1.109561;1.08479782191781;1.05997932876712;1.03498289041096;1.00962583561644;0.983946468493151;0.957836336986301;0.931165035616438;0.90399114109589;0.876680871232877;0.820566719178082;0.79098487260274;0.760244845205479;0.728308876712329;0.695076294520548;0.660746919178082;0.6256705;0.589970069863014;0.553488649315068;0.516210945205479;0.478369782191781;0.44009092739726;0.401356963013699;0.362227868493151;0.322933119178082;0.283481675342466;0.243224965753425;0.201507917808219;0.15862887260274;0.116111778082192;0.075527587260274;0.0360430076712329;NaN;NaN;NaN;NaN;NaN;NaN;NaN;NaN;NaN;NaN;NaN;NaN;NaN;NaN;NaN;NaN;NaN;NaN;NaN;NaN;NaN;NaN;NaN;NaN;NaN;NaN;NaN;NaN;NaN;NaN;NaN;NaN;NaN;NaN;NaN;NaN;NaN;NaN;NaN;NaN;NaN;NaN;NaN;NaN;NaN;NaN;NaN;NaN;NaN;NaN;NaN;NaN;NaN;NaN;NaN;NaN;NaN;NaN;NaN;NaN;NaN;NaN;NaN;NaN;NaN;NaN;NaN;NaN;NaN;NaN;NaN;NaN;NaN;NaN;NaN;NaN;NaN;NaN;NaN
1.32653231506849;1.30722867123288;1.28622589041096;1.26388343835616;1.24043463013699;1.21627020547945;1.19153410958904;1.16660763013699;1.14157252054795;1.11647065753425;1.09134694520548;1.06614582191781;1.04070960273973;1.01489076712329;0.988760593150685;0.962188482191781;0.935044902739726;0.907442004109589;0.879784490410959;0.823335643835617;0.793578424657534;0.762617090410959;0.730420478082192;0.696909616438356;0.662290143835617;0.626896265753425;0.590846490410959;0.553997073972603;0.516335136986301;0.478088065753425;0.439392857534247;0.40024338630137;0.360704336986301;0.321008824657534;0.28110435890411;0.240303838356164;0.197990923287671;0.154624294520548;0.111790220547945;0.0709715134246575;0.030995264520548;NaN;NaN;NaN;NaN;NaN;NaN;NaN;NaN;NaN;NaN;NaN;NaN;NaN;NaN;NaN;NaN;NaN;NaN;NaN;NaN;NaN;NaN;NaN;NaN;NaN;NaN;NaN;NaN;NaN;NaN;NaN;NaN;NaN;NaN;NaN;NaN;NaN;NaN;NaN;NaN;NaN;NaN;NaN;NaN;NaN;NaN;NaN;NaN;NaN;NaN;NaN;NaN;NaN;NaN;NaN;NaN;NaN;NaN;NaN;NaN;NaN;NaN;NaN;NaN;NaN;NaN;NaN;NaN;NaN;NaN;NaN;NaN;NaN;NaN;NaN;NaN;NaN;NaN;NaN
1.33773645205479;1.31778584931507;1.29620109589041;1.27333168493151;1.24939847945205;1.22477897260274;1.19962167123288;1.17430723287671;1.1488781369863;1.12339615068493;1.09790549315068;1.07230605479452;1.0464141369863;1.02013475342466;0.993552268493151;0.96651061369863;0.938889032876712;0.910865102739726;0.882878416438356;0.826081136986301;0.796145089041096;0.76495948630137;0.732504138356164;0.698718660273973;0.663813238356164;0.62809965890411;0.591698797260274;0.554480464383562;0.516432994520548;0.477777739726027;0.438664602739726;0.399098819178082;0.359152039726027;0.319050839726027;0.278681169863014;0.237326757534247;0.194420805479452;0.150580705479452;0.107446557534247;0.0663756056164384;0.0258723379452055;NaN;NaN;NaN;NaN;NaN;NaN;NaN;NaN;NaN;NaN;NaN;NaN;NaN;NaN;NaN;NaN;NaN;NaN;NaN;NaN;NaN;NaN;NaN;NaN;NaN;NaN;NaN;NaN;NaN;NaN;NaN;NaN;NaN;NaN;NaN;NaN;NaN;NaN;NaN;NaN;NaN;NaN;NaN;NaN;NaN;NaN;NaN;NaN;NaN;NaN;NaN;NaN;NaN;NaN;NaN;NaN;NaN;NaN;NaN;NaN;NaN;NaN;NaN;NaN;NaN;NaN;NaN;NaN;NaN;NaN;NaN;NaN;NaN;NaN;NaN;NaN;NaN;NaN;NaN
1.34890338356164;1.3283115890411;1.30616797260274;1.28277882191781;1.25836973972603;1.23328934246575;1.20772594520548;1.18201746575342;1.15619395890411;1.1303382739726;1.10447230136986;1.07844605479452;1.05209519178082;1.02536730136986;0.998319719178082;0.970792039726027;0.9426942;0.914269152054794;0.885965823287671;0.828801234246575;0.798684604109589;0.767272704109589;0.734560519178082;0.700505553424657;0.665315265753425;0.62927978630137;0.592525856164384;0.554939038356164;0.516504767123288;0.477438420547945;0.437906153424658;0.397924463013699;0.35757085890411;0.31705962739726;0.276211742465753;0.234293449315068;0.190801339726027;0.146501112328767;0.103081034246575;0.0617379749315069;0.0206720773972603;NaN;NaN;NaN;NaN;NaN;NaN;NaN;NaN;NaN;NaN;NaN;NaN;NaN;NaN;NaN;NaN;NaN;NaN;NaN;NaN;NaN;NaN;NaN;NaN;NaN;NaN;NaN;NaN;NaN;NaN;NaN;NaN;NaN;NaN;NaN;NaN;NaN;NaN;NaN;NaN;NaN;NaN;NaN;NaN;NaN;NaN;NaN;NaN;NaN;NaN;NaN;NaN;NaN;NaN;NaN;NaN;NaN;NaN;NaN;NaN;NaN;NaN;NaN;NaN;NaN;NaN;NaN;NaN;NaN;NaN;NaN;NaN;NaN;NaN;NaN;NaN;NaN;NaN;NaN
1.36003938356164;1.33882221917808;1.31613539726027;1.29223375342466;1.26735049315068;1.2418128630137;1.21584778082192;1.18974017808219;1.16353057534247;1.13729253424658;1.11104461643836;1.08457031506849;1.05775847945205;1.03058519178082;1.00306067123288;0.975032379452055;0.946483349315068;0.917672665753425;0.889053119178082;0.831497460273973;0.801195608219178;0.769559319178082;0.736591593150685;0.702273263013699;0.666797469863014;0.630437921917808;0.593328635616438;0.555373995890411;0.516550816438356;0.477070067123288;0.437117747945206;0.396720876712329;0.355960589041096;0.315031706849315;0.273695419178082;0.231204205479452;0.187131530136986;0.142381850684932;0.0986931789041096;0.0570545702739726;0.0153887424657534;NaN;NaN;NaN;NaN;NaN;NaN;NaN;NaN;NaN;NaN;NaN;NaN;NaN;NaN;NaN;NaN;NaN;NaN;NaN;NaN;NaN;NaN;NaN;NaN;NaN;NaN;NaN;NaN;NaN;NaN;NaN;NaN;NaN;NaN;NaN;NaN;NaN;NaN;NaN;NaN;NaN;NaN;NaN;NaN;NaN;NaN;NaN;NaN;NaN;NaN;NaN;NaN;NaN;NaN;NaN;NaN;NaN;NaN;NaN;NaN;NaN;NaN;NaN;NaN;NaN;NaN;NaN;NaN;NaN;NaN;NaN;NaN;NaN;NaN;NaN;NaN;NaN;NaN;NaN
1.37114167123288;1.34932050684932;1.32610661643836;1.30169616438356;1.27633921917808;1.2503485890411;1.22398305479452;1.19747934246575;1.1708828630137;1.14426368493151;1.11760549315068;1.09067743835616;1.06340732876712;1.03578550684931;1.00777026027397;0.979238484931507;0.950247482191781;0.921073984931507;0.892135909589041;0.834167052054795;0.803678502739726;0.771817442465753;0.738597589041096;0.704019283561644;0.668258605479452;0.631571817808219;0.594107002739726;0.555785308219178;0.516570380821918;0.476672417808219;0.436300506849315;0.395489223287671;0.354321735616438;0.312967191780822;0.271132060273973;0.228060817808219;0.183413357534247;0.13822888630137;0.0942836438356165;0.0523231506849315;0.0100226710958904;NaN;NaN;NaN;NaN;NaN;NaN;NaN;NaN;NaN;NaN;NaN;NaN;NaN;NaN;NaN;NaN;NaN;NaN;NaN;NaN;NaN;NaN;NaN;NaN;NaN;NaN;NaN;NaN;NaN;NaN;NaN;NaN;NaN;NaN;NaN;NaN;NaN;NaN;NaN;NaN;NaN;NaN;NaN;NaN;NaN;NaN;NaN;NaN;NaN;NaN;NaN;NaN;NaN;NaN;NaN;NaN;NaN;NaN;NaN;NaN;NaN;NaN;NaN;NaN;NaN;NaN;NaN;NaN;NaN;NaN;NaN;NaN;NaN;NaN;NaN;NaN;NaN;NaN;NaN
1.38222206849315;1.35981349315068;1.33608826027397;1.31116823287671;1.28533732876712;1.25890317808219;1.23213643835616;1.20523456164384;1.17825732876712;1.15124849315069;1.12415830136986;1.09677316438356;1.06904867123288;1.04097473972603;1.01244216438356;0.983409934246575;0.954000367123288;0.924473187671233;0.895218379452055;0.836811294520548;0.806132312328767;0.774045312328767;0.740579891780822;0.705746882191781;0.669700002739726;0.63268184109589;0.594862349315069;0.556174;0.516563035616438;0.476244867123288;0.435454912328767;0.394229868493151;0.352653456164384;0.310864779452055;0.268519235616438;0.224861463013699;0.179648634246575;0.134043819178082;0.0898500679452055;0.0475404450684931;0.00457485019178082;NaN;NaN;NaN;NaN;NaN;NaN;NaN;NaN;NaN;NaN;NaN;NaN;NaN;NaN;NaN;NaN;NaN;NaN;NaN;NaN;NaN;NaN;NaN;NaN;NaN;NaN;NaN;NaN;NaN;NaN;NaN;NaN;NaN;NaN;NaN;NaN;NaN;NaN;NaN;NaN;NaN;NaN;NaN;NaN;NaN;NaN;NaN;NaN;NaN;NaN;NaN;NaN;NaN;NaN;NaN;NaN;NaN;NaN;NaN;NaN;NaN;NaN;NaN;NaN;NaN;NaN;NaN;NaN;NaN;NaN;NaN;NaN;NaN;NaN;NaN;NaN;NaN;NaN;NaN
1.39328689041096;1.37030534246575;1.34607839726027;1.32064631506849;1.29434982191781;1.26747561643836;1.24030801369863;1.21300710958904;1.18564409589041;1.1582394109589;1.13069828767123;1.10285360273973;1.07467660273973;1.04613446575342;1.01708145205479;0.987553624657534;0.957743664383562;0.927869265753425;0.898301757534246;0.839429712328767;0.808557252054795;0.776244483561644;0.742539160273973;0.707455663013699;0.671119719178082;0.633768135616438;0.595595664383562;0.556540032876712;0.516528034246575;0.475788769863014;0.434581547945205;0.392942501369863;0.350955138356164;0.308724342465753;0.26585768630137;0.221609464383562;0.175839253424658;0.129830542465753;0.0853904331506849;0.0427025273972603;NaN;NaN;NaN;NaN;NaN;NaN;NaN;NaN;NaN;NaN;NaN;NaN;NaN;NaN;NaN;NaN;NaN;NaN;NaN;NaN;NaN;NaN;NaN;NaN;NaN;NaN;NaN;NaN;NaN;NaN;NaN;NaN;NaN;NaN;NaN;NaN;NaN;NaN;NaN;NaN;NaN;NaN;NaN;NaN;NaN;NaN;NaN;NaN;NaN;NaN;NaN;NaN;NaN;NaN;NaN;NaN;NaN;NaN;NaN;NaN;NaN;NaN;NaN;NaN;NaN;NaN;NaN;NaN;NaN;NaN;NaN;NaN;NaN;NaN;NaN;NaN;NaN;NaN;NaN;NaN
1.40434394520548;1.38080869863014;1.35607839726027;1.330131;1.30337987671233;1.27606421917808;1.24850112328767;1.22079908219178;1.19304804109589;1.16523323287671;1.13722989041096;1.10892446575342;1.08029189041096;1.05127135616438;1.02168912328767;0.991680660273973;0.961472716438356;0.931266364383562;0.901387723287671;0.842024312328767;0.810953732876712;0.778417230136986;0.744475067123288;0.70914421369863;0.67251628630137;0.634830878082192;0.596307682191781;0.556882880821918;0.516465138356164;0.475304604109589;0.433680960273973;0.39162668630137;0.349225878082192;0.306544963013699;0.263149289041096;0.218304904109589;0.171987847945205;0.125588990410959;0.0809034479452055;0.0378078732876712;NaN;NaN;NaN;NaN;NaN;NaN;NaN;NaN;NaN;NaN;NaN;NaN;NaN;NaN;NaN;NaN;NaN;NaN;NaN;NaN;NaN;NaN;NaN;NaN;NaN;NaN;NaN;NaN;NaN;NaN;NaN;NaN;NaN;NaN;NaN;NaN;NaN;NaN;NaN;NaN;NaN;NaN;NaN;NaN;NaN;NaN;NaN;NaN;NaN;NaN;NaN;NaN;NaN;NaN;NaN;NaN;NaN;NaN;NaN;NaN;NaN;NaN;NaN;NaN;NaN;NaN;NaN;NaN;NaN;NaN;NaN;NaN;NaN;NaN;NaN;NaN;NaN;NaN;NaN;NaN
1.41539445205479;1.39132708219178;1.36608023287671;1.33962794520548;1.31242490410959;1.28468236986301;1.25670846575342;1.22860991780822;1.20047257534247;1.17222756164384;1.14374997260274;1.11498631506849;1.08589775342466;1.0563761369863;1.02627124657534;0.995797357534247;0.965206960273973;0.934663490410959;0.904468804109589;0.844596589041096;0.813324680821918;0.780564605479452;0.746391723287671;0.710813563013699;0.673890894520548;0.635872115068493;0.596999082191781;0.557201975342466;0.516374801369863;0.474793368493151;0.43275361369863;0.390284064383562;0.347465328767123;0.304325228767123;0.260389494520548;0.214947778082192;0.16809382739726;0.121323257534247;0.0763879983561644;0.032850481369863;NaN;NaN;NaN;NaN;NaN;NaN;NaN;NaN;NaN;NaN;NaN;NaN;NaN;NaN;NaN;NaN;NaN;NaN;NaN;NaN;NaN;NaN;NaN;NaN;NaN;NaN;NaN;NaN;NaN;NaN;NaN;NaN;NaN;NaN;NaN;NaN;NaN;NaN;NaN;NaN;NaN;NaN;NaN;NaN;NaN;NaN;NaN;NaN;NaN;NaN;NaN;NaN;NaN;NaN;NaN;NaN;NaN;NaN;NaN;NaN;NaN;NaN;NaN;NaN;NaN;NaN;NaN;NaN;NaN;NaN;NaN;NaN;NaN;NaN;NaN;NaN;NaN;NaN;NaN;NaN
1.42645201369863;1.40186150684931;1.37609582191781;1.34913493150685;1.32148802739726;1.29331936986301;1.26493239726027;1.23644428767123;1.20790412328767;1.17921901369863;1.15026723287671;1.12104034246575;1.09149084931507;1.06145312328767;1.03082945205479;0.999906198630137;0.968935391780822;0.938062623287671;0.907553467123288;0.847143109589041;0.815665675342466;0.782684838356164;0.748285941095891;0.712461353424658;0.675243294520548;0.636891356164384;0.597669024657534;0.557496116438356;0.516256780821918;0.474255616438356;0.431800167123288;0.388914830136986;0.345673315068493;0.302065446575342;0.257581509589041;0.211538926027397;0.164160320547945;0.11703278630137;0.0718414180821918;0.0278314232876712;NaN;NaN;NaN;NaN;NaN;NaN;NaN;NaN;NaN;NaN;NaN;NaN;NaN;NaN;NaN;NaN;NaN;NaN;NaN;NaN;NaN;NaN;NaN;NaN;NaN;NaN;NaN;NaN;NaN;NaN;NaN;NaN;NaN;NaN;NaN;NaN;NaN;NaN;NaN;NaN;NaN;NaN;NaN;NaN;NaN;NaN;NaN;NaN;NaN;NaN;NaN;NaN;NaN;NaN;NaN;NaN;NaN;NaN;NaN;NaN;NaN;NaN;NaN;NaN;NaN;NaN;NaN;NaN;NaN;NaN;NaN;NaN;NaN;NaN;NaN;NaN;NaN;NaN;NaN;NaN
1.43752123287671;1.41241130136986;1.38611789041096;1.35865853424658;1.33056643835616;1.30198175342466;1.27317665753425;1.24429764383562;1.21534289041096;1.18620108219178;1.15677139726027;1.1270858630137;1.09706263013699;1.06650176712329;1.03537128767123;1.00400997260274;0.972663049315068;0.941459408219178;0.910635064383562;0.849663460273973;0.817978273972603;0.784785112328767;0.75015907260274;0.714087901369863;0.676573165753425;0.637889235616439;0.598318336986301;0.557764957534247;0.516111382191781;0.473692105479452;0.430821195890411;0.387518280821918;0.343849383561644;0.299765246575342;0.254724293150685;0.2080812;0.160186690410959;0.112717560273973;0.0672622064383561;0.0227479826027397;NaN;NaN;NaN;NaN;NaN;NaN;NaN;NaN;NaN;NaN;NaN;NaN;NaN;NaN;NaN;NaN;NaN;NaN;NaN;NaN;NaN;NaN;NaN;NaN;NaN;NaN;NaN;NaN;NaN;NaN;NaN;NaN;NaN;NaN;NaN;NaN;NaN;NaN;NaN;NaN;NaN;NaN;NaN;NaN;NaN;NaN;NaN;NaN;NaN;NaN;NaN;NaN;NaN;NaN;NaN;NaN;NaN;NaN;NaN;NaN;NaN;NaN;NaN;NaN;NaN;NaN;NaN;NaN;NaN;NaN;NaN;NaN;NaN;NaN;NaN;NaN;NaN;NaN;NaN;NaN
1.4485998630137;1.42297454794521;1.39614545205479;1.36819942465753;1.3396651369863;1.31066512328767;1.28144384931507;1.25217376712329;1.22278494520548;1.19317689041096;1.16326852054795;1.13312357534247;1.10261265753425;1.07151979452055;1.03989191780822;1.00810728767123;0.976388031506849;0.944857642465753;0.913711010958904;0.852161294520548;0.820265134246575;0.786864308219178;0.752009598630137;0.715693342465753;0.677881805479452;0.638866061643836;0.59894617260274;0.558008390410959;0.51593938630137;0.473103449315068;0.429817036986301;0.386094375342466;0.341993016438356;0.297424382191781;0.251818778082192;0.204575850684932;0.156176932876712;0.108381032876712;0.0626474108219178;0.0175967465753425;NaN;NaN;NaN;NaN;NaN;NaN;NaN;NaN;NaN;NaN;NaN;NaN;NaN;NaN;NaN;NaN;NaN;NaN;NaN;NaN;NaN;NaN;NaN;NaN;NaN;NaN;NaN;NaN;NaN;NaN;NaN;NaN;NaN;NaN;NaN;NaN;NaN;NaN;NaN;NaN;NaN;NaN;NaN;NaN;NaN;NaN;NaN;NaN;NaN;NaN;NaN;NaN;NaN;NaN;NaN;NaN;NaN;NaN;NaN;NaN;NaN;NaN;NaN;NaN;NaN;NaN;NaN;NaN;NaN;NaN;NaN;NaN;NaN;NaN;NaN;NaN;NaN;NaN;NaN;NaN
1.4596931369863;1.43354661643836;1.40618280821918;1.37775931506849;1.34878798630137;1.31936994520548;1.28973739726027;1.26006810958904;1.23023563013699;1.20014594520548;1.16976695890411;1.13915736986301;1.1081388630137;1.07651445205479;1.04440224657534;1.01220331506849;0.980119169863014;0.948255978082192;0.916780531506849;0.85463455890411;0.822523965753425;0.788919268493151;0.753838065753425;0.717277375342466;0.679168624657534;0.639822247945205;0.599552506849315;0.55822638630137;0.515741315068493;0.472490023287671;0.428786863013699;0.384642502739726;0.340103830136986;0.295042167123288;0.24886191369863;0.20102204109589;0.152130930136986;0.104021702739726;0.0579945197260274;0.012375677260274;NaN;NaN;NaN;NaN;NaN;NaN;NaN;NaN;NaN;NaN;NaN;NaN;NaN;NaN;NaN;NaN;NaN;NaN;NaN;NaN;NaN;NaN;NaN;NaN;NaN;NaN;NaN;NaN;NaN;NaN;NaN;NaN;NaN;NaN;NaN;NaN;NaN;NaN;NaN;NaN;NaN;NaN;NaN;NaN;NaN;NaN;NaN;NaN;NaN;NaN;NaN;NaN;NaN;NaN;NaN;NaN;NaN;NaN;NaN;NaN;NaN;NaN;NaN;NaN;NaN;NaN;NaN;NaN;NaN;NaN;NaN;NaN;NaN;NaN;NaN;NaN;NaN;NaN;NaN;NaN
1.47079301369863;1.44413338356164;1.41623342465753;1.38734069863014;1.35793012328767;1.32809282191781;1.29806157534247;1.26797565753425;1.23768452054795;1.20710494520548;1.17626771232877;1.14518464383562;1.1136497260274;1.08148846575342;1.04890742465753;1.01629653424658;0.98385438630137;0.951661220547945;0.919845468493151;0.857083952054794;0.824759842465754;0.790952483561644;0.755645375342466;0.7188405;0.680434394520548;0.640758352054795;0.600137136986301;0.558418680821918;0.515518153424658;0.471852780821918;0.427730646575342;0.383163354794521;0.338181253424658;0.29261865890411;0.245857123287671;0.19742197260274;0.148052889041096;0.0996400604109589;0.0533001924657534;0.00708291584931507;NaN;NaN;NaN;NaN;NaN;NaN;NaN;NaN;NaN;NaN;NaN;NaN;NaN;NaN;NaN;NaN;NaN;NaN;NaN;NaN;NaN;NaN;NaN;NaN;NaN;NaN;NaN;NaN;NaN;NaN;NaN;NaN;NaN;NaN;NaN;NaN;NaN;NaN;NaN;NaN;NaN;NaN;NaN;NaN;NaN;NaN;NaN;NaN;NaN;NaN;NaN;NaN;NaN;NaN;NaN;NaN;NaN;NaN;NaN;NaN;NaN;NaN;NaN;NaN;NaN;NaN;NaN;NaN;NaN;NaN;NaN;NaN;NaN;NaN;NaN;NaN;NaN;NaN;NaN;NaN
1.48191247945205;1.45473406849315;1.42629694520548;1.39695278082192;1.36709709589041;1.33684323287671;1.30640608219178;1.27588690410959;1.24513087671233;1.21405831506849;1.18276321917808;1.15119745205479;1.11913687671233;1.0864435890411;1.05340368493151;1.02039060273973;0.987592223287671;0.955063146575343;0.922904910958904;0.859513019178082;0.826971002739726;0.792964178082192;0.757435728767123;0.720381442465753;0.681678123287671;0.641674646575342;0.600699604109589;0.558585591780822;0.515270416438356;0.471191810958904;0.426649335616438;0.381655494520548;0.33622505890411;0.290153393150685;0.242805782191781;0.193776901369863;0.143942398630137;0.0952350594520548;0.0485620204109589;0.00171759376712329;NaN;NaN;NaN;NaN;NaN;NaN;NaN;NaN;NaN;NaN;NaN;NaN;NaN;NaN;NaN;NaN;NaN;NaN;NaN;NaN;NaN;NaN;NaN;NaN;NaN;NaN;NaN;NaN;NaN;NaN;NaN;NaN;NaN;NaN;NaN;NaN;NaN;NaN;NaN;NaN;NaN;NaN;NaN;NaN;NaN;NaN;NaN;NaN;NaN;NaN;NaN;NaN;NaN;NaN;NaN;NaN;NaN;NaN;NaN;NaN;NaN;NaN;NaN;NaN;NaN;NaN;NaN;NaN;NaN;NaN;NaN;NaN;NaN;NaN;NaN;NaN;NaN;NaN;NaN;NaN
1.49305415068493;1.46535134246575;1.43638017808219;1.40658750684931;1.37628989041096;1.34562068493151;1.31477616438356;1.2838101369863;1.25256687671233;1.22101161643836;1.18926465753425;1.15719604109589;1.12459242465753;1.09138460273973;1.0578985890411;1.02448742465753;0.991325601369863;0.958463794520548;0.925955112328767;0.861924626027397;0.829160575342466;0.794953689041096;0.759207812328767;0.721900267123288;0.682898491780822;0.642570343835616;0.601239864383562;0.558726397260274;0.514998954794521;0.470507956164384;0.425543435616438;0.380119847945205;0.334235067123288;0.287646815068493;0.239705491780822;0.190088869863014;0.139804530136986;0.0908078478082192;0.0437803701369863;NaN;NaN;NaN;NaN;NaN;NaN;NaN;NaN;NaN;NaN;NaN;NaN;NaN;NaN;NaN;NaN;NaN;NaN;NaN;NaN;NaN;NaN;NaN;NaN;NaN;NaN;NaN;NaN;NaN;NaN;NaN;NaN;NaN;NaN;NaN;NaN;NaN;NaN;NaN;NaN;NaN;NaN;NaN;NaN;NaN;NaN;NaN;NaN;NaN;NaN;NaN;NaN;NaN;NaN;NaN;NaN;NaN;NaN;NaN;NaN;NaN;NaN;NaN;NaN;NaN;NaN;NaN;NaN;NaN;NaN;NaN;NaN;NaN;NaN;NaN;NaN;NaN;NaN;NaN;NaN;NaN
1.50420846575342;1.47598023287671;1.44648853424658;1.41624802739726;1.38551495890411;1.35442535616438;1.32316198630137;1.29173349315068;1.25999598630137;1.2279724109589;1.19576120547945;1.16317906849315;1.13003008219178;1.0963131369863;1.06238698630137;1.02858556164384;0.995063509589041;0.961866789041096;0.929001865753425;0.864314475342466;0.831329432876712;0.796924508219178;0.760960560273973;0.723397116438356;0.684096428767123;0.64344701369863;0.601757543835617;0.558842183561644;0.514704676712329;0.4698001;0.424411239726027;0.378555164383562;0.332210475342466;0.285097026027397;0.236555424657534;0.186357217808219;0.135637073972603;0.0863566784931507;0.0389492442465753;NaN;NaN;NaN;NaN;NaN;NaN;NaN;NaN;NaN;NaN;NaN;NaN;NaN;NaN;NaN;NaN;NaN;NaN;NaN;NaN;NaN;NaN;NaN;NaN;NaN;NaN;NaN;NaN;NaN;NaN;NaN;NaN;NaN;NaN;NaN;NaN;NaN;NaN;NaN;NaN;NaN;NaN;NaN;NaN;NaN;NaN;NaN;NaN;NaN;NaN;NaN;NaN;NaN;NaN;NaN;NaN;NaN;NaN;NaN;NaN;NaN;NaN;NaN;NaN;NaN;NaN;NaN;NaN;NaN;NaN;NaN;NaN;NaN;NaN;NaN;NaN;NaN;NaN;NaN;NaN;NaN
1.51537735616438;1.48662123287671;1.45661817808219;1.425936;1.39476552054795;1.363253;1.33156497260274;1.29965510958904;1.26742353424658;1.23494238356164;1.20225591780822;1.16914147945205;1.13543817808219;1.10123538356164;1.06687754794521;1.03268490410959;0.998807089041096;0.96525875479452;0.932036960273973;0.866688126027397;0.833478368493151;0.798877668493151;0.762702268493151;0.724870149315069;0.685273723287671;0.644303797260274;0.602251693150685;0.558933891780822;0.51438805890411;0.469068678082192;0.423252504109589;0.376961550684932;0.330151284931507;0.282504475342466;0.233357838356164;0.182584482191781;0.131443243835616;0.0818808132876712;0.0340683010958904;NaN;NaN;NaN;NaN;NaN;NaN;NaN;NaN;NaN;NaN;NaN;NaN;NaN;NaN;NaN;NaN;NaN;NaN;NaN;NaN;NaN;NaN;NaN;NaN;NaN;NaN;NaN;NaN;NaN;NaN;NaN;NaN;NaN;NaN;NaN;NaN;NaN;NaN;NaN;NaN;NaN;NaN;NaN;NaN;NaN;NaN;NaN;NaN;NaN;NaN;NaN;NaN;NaN;NaN;NaN;NaN;NaN;NaN;NaN;NaN;NaN;NaN;NaN;NaN;NaN;NaN;NaN;NaN;NaN;NaN;NaN;NaN;NaN;NaN;NaN;NaN;NaN;NaN;NaN;NaN;NaN
1.52656757534247;1.49729053424658;1.46677991780822;1.43565971232877;1.40405106849315;1.37211054794521;1.33997842465753;1.30758019178082;1.27486001369863;1.24191665753425;1.20874339726027;1.17508382191781;1.14082821917808;1.10614884931507;1.07137587671233;1.03679765753425;1.00254597260274;0.968645763013699;0.935065589041096;0.869049224657534;0.835612165753425;0.800814791780822;0.764423176712329;0.726320847945205;0.686430973972603;0.645141145205479;0.602722643835616;0.559002501369863;0.514050652054794;0.468314438356164;0.422067839726027;0.375338483561644;0.328057542465753;0.279868808219178;0.230114654794521;0.178771906849315;0.127222615068493;0.0773780376712329;0.0291350961643836;NaN;NaN;NaN;NaN;NaN;NaN;NaN;NaN;NaN;NaN;NaN;NaN;NaN;NaN;NaN;NaN;NaN;NaN;NaN;NaN;NaN;NaN;NaN;NaN;NaN;NaN;NaN;NaN;NaN;NaN;NaN;NaN;NaN;NaN;NaN;NaN;NaN;NaN;NaN;NaN;NaN;NaN;NaN;NaN;NaN;NaN;NaN;NaN;NaN;NaN;NaN;NaN;NaN;NaN;NaN;NaN;NaN;NaN;NaN;NaN;NaN;NaN;NaN;NaN;NaN;NaN;NaN;NaN;NaN;NaN;NaN;NaN;NaN;NaN;NaN;NaN;NaN;NaN;NaN;NaN;NaN
1.53777693150685;1.50797228767123;1.47696947945205;1.44541068493151;1.41336445205479;1.38098535616438;1.34839664383562;1.31550408219178;1.28230435616438;1.24890154794521;1.21521819178082;1.18100454794521;1.14620595890411;1.11106483561644;1.0758744109589;1.04091030136986;1.00628235616438;0.972029704109589;0.938087089041096;0.871394360273973;0.837731830136986;0.802735698630137;0.766122952054795;0.727746212328767;0.687567426027397;0.645958365753424;0.603169863013699;0.559047884931507;0.513692084931507;0.467536393150685;0.420857053424658;0.37368618630137;0.325929704109589;0.277189194520548;0.22682061369863;0.174921401369863;0.122977528767123;0.072850941369863;0.0241476368493151;NaN;NaN;NaN;NaN;NaN;NaN;NaN;NaN;NaN;NaN;NaN;NaN;NaN;NaN;NaN;NaN;NaN;NaN;NaN;NaN;NaN;NaN;NaN;NaN;NaN;NaN;NaN;NaN;NaN;NaN;NaN;NaN;NaN;NaN;NaN;NaN;NaN;NaN;NaN;NaN;NaN;NaN;NaN;NaN;NaN;NaN;NaN;NaN;NaN;NaN;NaN;NaN;NaN;NaN;NaN;NaN;NaN;NaN;NaN;NaN;NaN;NaN;NaN;NaN;NaN;NaN;NaN;NaN;NaN;NaN;NaN;NaN;NaN;NaN;NaN;NaN;NaN;NaN;NaN;NaN;NaN
1.54900105479452;1.51867012328767;1.48719510958904;1.45519350684931;1.42270368493151;1.38987760273973;1.35681791780822;1.32343160273973;1.28976124657534;1.25588467123288;1.22168302739726;1.18690395890411;1.15156967123288;1.11598461643836;1.08037884931507;1.04502001369863;1.01002289041096;0.975404206849315;0.941100778082192;0.873728580821918;0.839835420547945;0.80463712739726;0.767802226027397;0.729147661643836;0.688686224657534;0.646754982191781;0.603593312328767;0.559071765753425;0.513312183561644;0.466734721917808;0.419619708219178;0.372002884931507;0.323767046575342;0.274465449315068;0.223480931506849;0.171031487671233;0.118707002739726;0.0682973064383562;0.019103614109589;NaN;NaN;NaN;NaN;NaN;NaN;NaN;NaN;NaN;NaN;NaN;NaN;NaN;NaN;NaN;NaN;NaN;NaN;NaN;NaN;NaN;NaN;NaN;NaN;NaN;NaN;NaN;NaN;NaN;NaN;NaN;NaN;NaN;NaN;NaN;NaN;NaN;NaN;NaN;NaN;NaN;NaN;NaN;NaN;NaN;NaN;NaN;NaN;NaN;NaN;NaN;NaN;NaN;NaN;NaN;NaN;NaN;NaN;NaN;NaN;NaN;NaN;NaN;NaN;NaN;NaN;NaN;NaN;NaN;NaN;NaN;NaN;NaN;NaN;NaN;NaN;NaN;NaN;NaN;NaN;NaN
1.56024836986301;1.5294018630137;1.49745921917808;1.46502121917808;1.43207601369863;1.39879553424658;1.36524912328767;1.33136538356164;1.29723510958904;1.26287626027397;1.22814268493151;1.19279120547945;1.15693461643836;1.12090517808219;1.08489847945205;1.04914064383562;1.01375897260274;0.978777415068493;0.944121353424658;0.876054460273973;0.841929160273972;0.806523917808219;0.769457321917808;0.730529668493151;0.689787701369863;0.647532165753425;0.603994150684931;0.559075130136986;0.512912064383562;0.465909190410959;0.418355632876712;0.370290324657534;0.321568550684932;0.271698001369863;0.220095709589041;0.16710374109589;0.114412493150685;0.0637108447945205;0.0139979643835616;NaN;NaN;NaN;NaN;NaN;NaN;NaN;NaN;NaN;NaN;NaN;NaN;NaN;NaN;NaN;NaN;NaN;NaN;NaN;NaN;NaN;NaN;NaN;NaN;NaN;NaN;NaN;NaN;NaN;NaN;NaN;NaN;NaN;NaN;NaN;NaN;NaN;NaN;NaN;NaN;NaN;NaN;NaN;NaN;NaN;NaN;NaN;NaN;NaN;NaN;NaN;NaN;NaN;NaN;NaN;NaN;NaN;NaN;NaN;NaN;NaN;NaN;NaN;NaN;NaN;NaN;NaN;NaN;NaN;NaN;NaN;NaN;NaN;NaN;NaN;NaN;NaN;NaN;NaN;NaN;NaN
1.57152147945205;1.54015;1.50775254794521;1.47488638356164;1.441478;1.407723;1.37368463013699;1.33930998630137;1.30471463013699;1.26986235616438;1.23458721917808;1.19866694520548;1.16230760273973;1.12583263013699;1.08941630136986;1.05325208219178;1.01749105479452;0.982141097260274;0.947127109589041;0.878373889041096;0.844005717808219;0.808392634246575;0.771087761643836;0.731891346575342;0.690870752054794;0.64828815890411;0.604372347945206;0.559058190410959;0.512491580821918;0.465059567123288;0.417064830136986;0.368549454794521;0.319336615068493;0.268884017808219;0.216664961643836;0.163141636986301;0.11009687260274;0.0590911397260274;0.00882951519178082;NaN;NaN;NaN;NaN;NaN;NaN;NaN;NaN;NaN;NaN;NaN;NaN;NaN;NaN;NaN;NaN;NaN;NaN;NaN;NaN;NaN;NaN;NaN;NaN;NaN;NaN;NaN;NaN;NaN;NaN;NaN;NaN;NaN;NaN;NaN;NaN;NaN;NaN;NaN;NaN;NaN;NaN;NaN;NaN;NaN;NaN;NaN;NaN;NaN;NaN;NaN;NaN;NaN;NaN;NaN;NaN;NaN;NaN;NaN;NaN;NaN;NaN;NaN;NaN;NaN;NaN;NaN;NaN;NaN;NaN;NaN;NaN;NaN;NaN;NaN;NaN;NaN;NaN;NaN;NaN;NaN
1.58282395890411;1.55092265753425;1.51807097260274;1.48476835616438;1.4508977260274;1.41665543835616;1.38212279452055;1.34726023287671;1.31219908219178;1.27684346575342;1.24100489041096;1.20452380821918;1.1676671369863;1.13076475342466;1.0939347260274;1.05736345205479;1.02121234246575;0.98549631369863;0.950131624657534;0.880684535616438;0.846066350684932;0.810238034246575;0.772694478082192;0.733229391780822;0.691933452054795;0.649021449315068;0.60472718630137;0.559020723287671;0.512049708219178;0.464185806849315;0.415748367123288;0.36678011369863;0.317069894520548;0.26602708630137;0.213192368493151;0.159149352054794;0.10576302739726;0.0544394836986301;0.003599528;NaN;NaN;NaN;NaN;NaN;NaN;NaN;NaN;NaN;NaN;NaN;NaN;NaN;NaN;NaN;NaN;NaN;NaN;NaN;NaN;NaN;NaN;NaN;NaN;NaN;NaN;NaN;NaN;NaN;NaN;NaN;NaN;NaN;NaN;NaN;NaN;NaN;NaN;NaN;NaN;NaN;NaN;NaN;NaN;NaN;NaN;NaN;NaN;NaN;NaN;NaN;NaN;NaN;NaN;NaN;NaN;NaN;NaN;NaN;NaN;NaN;NaN;NaN;NaN;NaN;NaN;NaN;NaN;NaN;NaN;NaN;NaN;NaN;NaN;NaN;NaN;NaN;NaN;NaN;NaN;NaN
1.59414542465753;1.56172630136986;1.52842546575342;1.49468532876712;1.46034957534247;1.42560657534247;1.39057150684931;1.35522661643836;1.31968953424658;1.28382219178082;1.24740728767123;1.21036928767123;1.1730371369863;1.13570621917808;1.09846308219178;1.06147761643836;1.02493304109589;0.988849116438356;0.953128563013699;0.882990252054795;0.848117790410959;0.812064061643836;0.774278831506849;0.734550352054794;0.692977501369863;0.649733378082192;0.605060334246575;0.558964015068493;0.511586384931507;0.463287063013699;0.414405597260274;0.364982419178082;0.314766295890411;0.263125236986301;0.209675312328767;0.155124921917808;0.101407721917808;0.0497510350684932;NaN;NaN;NaN;NaN;NaN;NaN;NaN;NaN;NaN;NaN;NaN;NaN;NaN;NaN;NaN;NaN;NaN;NaN;NaN;NaN;NaN;NaN;NaN;NaN;NaN;NaN;NaN;NaN;NaN;NaN;NaN;NaN;NaN;NaN;NaN;NaN;NaN;NaN;NaN;NaN;NaN;NaN;NaN;NaN;NaN;NaN;NaN;NaN;NaN;NaN;NaN;NaN;NaN;NaN;NaN;NaN;NaN;NaN;NaN;NaN;NaN;NaN;NaN;NaN;NaN;NaN;NaN;NaN;NaN;NaN;NaN;NaN;NaN;NaN;NaN;NaN;NaN;NaN;NaN;NaN;NaN;NaN
1.59677343835616;1.57256560273973;1.53881165753425;1.50462376712329;1.46981616438356;1.4345732739726;1.39903034246575;1.36320202739726;1.32719045205479;1.29080024657534;1.25380001369863;1.2162158630137;1.17840868493151;1.14065247945205;1.10299353424658;1.06559220547945;1.02865016438356;0.992195764383562;0.95612354109589;0.885290756164384;0.850153998630137;0.813869221917808;0.775841346575342;0.735852480821918;0.694002821917808;0.650423197260274;0.605371167123288;0.558888798630137;0.511101704109589;0.462363891780822;0.413036868493151;0.363156053424658;0.312426150684931;0.260178706849315;0.206116771232877;0.151070183561644;0.0970311691780822;0.0450217145205479;NaN;NaN;NaN;NaN;NaN;NaN;NaN;NaN;NaN;NaN;NaN;NaN;NaN;NaN;NaN;NaN;NaN;NaN;NaN;NaN;NaN;NaN;NaN;NaN;NaN;NaN;NaN;NaN;NaN;NaN;NaN;NaN;NaN;NaN;NaN;NaN;NaN;NaN;NaN;NaN;NaN;NaN;NaN;NaN;NaN;NaN;NaN;NaN;NaN;NaN;NaN;NaN;NaN;NaN;NaN;NaN;NaN;NaN;NaN;NaN;NaN;NaN;NaN;NaN;NaN;NaN;NaN;NaN;NaN;NaN;NaN;NaN;NaN;NaN;NaN;NaN;NaN;NaN;NaN;NaN;NaN;NaN
1.59787061643836;1.58342926027397;1.54923457534247;1.51458864383562;1.47929695890411;1.44354569863014;1.40749494520548;1.37119617808219;1.33469575342466;1.29776860273973;1.26018131506849;1.22205726027397;1.18378842465753;1.14560831506849;1.10752631506849;1.06970235616438;1.03236421917808;0.995538991780822;0.959110580821918;0.887586241095891;0.852174756164383;0.815649987671233;0.777380436986301;0.737136434246575;0.695008228767123;0.651090445205479;0.605661902739726;0.55879482739726;0.510594715068493;0.461415331506849;0.411642617808219;0.361302389041096;0.310048426027397;0.257187554794521;0.202516697260274;0.146990793150685;0.0926341694520548;0.0402518221917808;NaN;NaN;NaN;NaN;NaN;NaN;NaN;NaN;NaN;NaN;NaN;NaN;NaN;NaN;NaN;NaN;NaN;NaN;NaN;NaN;NaN;NaN;NaN;NaN;NaN;NaN;NaN;NaN;NaN;NaN;NaN;NaN;NaN;NaN;NaN;NaN;NaN;NaN;NaN;NaN;NaN;NaN;NaN;NaN;NaN;NaN;NaN;NaN;NaN;NaN;NaN;NaN;NaN;NaN;NaN;NaN;NaN;NaN;NaN;NaN;NaN;NaN;NaN;NaN;NaN;NaN;NaN;NaN;NaN;NaN;NaN;NaN;NaN;NaN;NaN;NaN;NaN;NaN;NaN;NaN;NaN;NaN
1.6020987260274;1.58854617808219;1.55968838356164;1.52457443835616;1.48879284931507;1.4525258630137;1.41597805479452;1.379207;1.34220049315069;1.30472978082192;1.26655335616438;1.22790260273973;1.18917602739726;1.15056723287671;1.11205676712329;1.07380905479452;1.03607536986301;0.998879960273973;0.962091505479452;0.88987804520548;0.854181519178082;0.817409864383562;0.778898549315068;0.738401669863014;0.695994063013699;0.65173504109589;0.605933431506849;0.558682538356164;0.510065464383562;0.460441595890411;0.410223050684931;0.359420532876712;0.307630582191781;0.254152194520548;0.198876857534247;0.142886120547945;0.0882156239726027;0.0354372893150685;NaN;NaN;NaN;NaN;NaN;NaN;NaN;NaN;NaN;NaN;NaN;NaN;NaN;NaN;NaN;NaN;NaN;NaN;NaN;NaN;NaN;NaN;NaN;NaN;NaN;NaN;NaN;NaN;NaN;NaN;NaN;NaN;NaN;NaN;NaN;NaN;NaN;NaN;NaN;NaN;NaN;NaN;NaN;NaN;NaN;NaN;NaN;NaN;NaN;NaN;NaN;NaN;NaN;NaN;NaN;NaN;NaN;NaN;NaN;NaN;NaN;NaN;NaN;NaN;NaN;NaN;NaN;NaN;NaN;NaN;NaN;NaN;NaN;NaN;NaN;NaN;NaN;NaN;NaN;NaN;NaN;NaN
1.5979918630137;1.58954249315069;1.57017430136986;1.53458282191781;1.498285;1.46152297260274;1.42448417808219;1.3872327260274;1.349713;1.31168201369863;1.27291901369863;1.23374995890411;1.19457797260274;1.15552839726027;1.11659217808219;1.0779194109589;1.03978230136986;1.00221765753425;0.965071536986302;0.892168390410959;0.856174624657534;0.819149161643836;0.780396682191781;0.739648765753425;0.696959412328767;0.652357945205479;0.606185626027397;0.558551801369863;0.50951351369863;0.459442669863014;0.408778809589041;0.357510161643836;0.305174371232877;0.251073849315069;0.1951985;0.138757456164384;0.0837745582191781;0.0305723630136986;NaN;NaN;NaN;NaN;NaN;NaN;NaN;NaN;NaN;NaN;NaN;NaN;NaN;NaN;NaN;NaN;NaN;NaN;NaN;NaN;NaN;NaN;NaN;NaN;NaN;NaN;NaN;NaN;NaN;NaN;NaN;NaN;NaN;NaN;NaN;NaN;NaN;NaN;NaN;NaN;NaN;NaN;NaN;NaN;NaN;NaN;NaN;NaN;NaN;NaN;NaN;NaN;NaN;NaN;NaN;NaN;NaN;NaN;NaN;NaN;NaN;NaN;NaN;NaN;NaN;NaN;NaN;NaN;NaN;NaN;NaN;NaN;NaN;NaN;NaN;NaN;NaN;NaN;NaN;NaN;NaN;NaN
1.5905712739726;1.59177938356164;1.57768376712329;1.54461219178082;1.50778802739726;1.47053250684932;1.43300631506849;1.39527530136986;1.35722304109589;1.31861793150685;1.27928061643836;1.2396137260274;1.19998331506849;1.16049606849315;1.1211225890411;1.08202716438356;1.04349642465753;1.00555604109589;0.968052005479452;0.894452508219178;0.858148850684932;0.820868847945205;0.78187487260274;0.740878873972603;0.697904069863014;0.652959975342466;0.606418979452055;0.55840122739726;0.508938384931507;0.458419415068493;0.407309506849315;0.355570442465753;0.302675595890411;0.247951854794521;0.191482121917808;0.134605424657534;0.0793075073972603;0.0256603091780822;NaN;NaN;NaN;NaN;NaN;NaN;NaN;NaN;NaN;NaN;NaN;NaN;NaN;NaN;NaN;NaN;NaN;NaN;NaN;NaN;NaN;NaN;NaN;NaN;NaN;NaN;NaN;NaN;NaN;NaN;NaN;NaN;NaN;NaN;NaN;NaN;NaN;NaN;NaN;NaN;NaN;NaN;NaN;NaN;NaN;NaN;NaN;NaN;NaN;NaN;NaN;NaN;NaN;NaN;NaN;NaN;NaN;NaN;NaN;NaN;NaN;NaN;NaN;NaN;NaN;NaN;NaN;NaN;NaN;NaN;NaN;NaN;NaN;NaN;NaN;NaN;NaN;NaN;NaN;NaN;NaN;NaN
1.58990150684932;1.59090282191781;1.58306730136986;1.55466035616438;1.51730354794521;1.47955275342466;1.44154891780822;1.40333338356164;1.36474297260274;1.32554545205479;1.28564991780822;1.245486;1.20540315068493;1.16546497260274;1.12564697260274;1.08613280821918;1.04720710958904;1.00889260273973;0.971030068493151;0.89673135479452;0.860110926027397;0.822570280821918;0.783336371232877;0.742090153424657;0.698827710958904;0.653540889041096;0.606634921917808;0.558231552054794;0.5083394;0.457372131506849;0.405815983561644;0.353600824657534;0.300137942465753;0.244786280821918;0.187731256164384;0.130433712328767;0.0748148869863014;0.0207003769863014;NaN;NaN;NaN;NaN;NaN;NaN;NaN;NaN;NaN;NaN;NaN;NaN;NaN;NaN;NaN;NaN;NaN;NaN;NaN;NaN;NaN;NaN;NaN;NaN;NaN;NaN;NaN;NaN;NaN;NaN;NaN;NaN;NaN;NaN;NaN;NaN;NaN;NaN;NaN;NaN;NaN;NaN;NaN;NaN;NaN;NaN;NaN;NaN;NaN;NaN;NaN;NaN;NaN;NaN;NaN;NaN;NaN;NaN;NaN;NaN;NaN;NaN;NaN;NaN;NaN;NaN;NaN;NaN;NaN;NaN;NaN;NaN;NaN;NaN;NaN;NaN;NaN;NaN;NaN;NaN;NaN;NaN
1.59427093150685;1.58514504109589;1.5829882739726;1.56471915068493;1.52683657534247;1.48859619178082;1.45011235616438;1.41140454794521;1.37225783561644;1.33246905479452;1.29201721917808;1.2513638630137;1.21082705479452;1.17043478082192;1.1301712739726;1.09023682191781;1.05091793150685;1.01222868493151;0.974006635616438;0.899006631506849;0.862060797260274;0.824252979452055;0.784780612328767;0.743283346575343;0.699729756164383;0.654101590410959;0.606833352054794;0.558042778082192;0.507717189041096;0.456301463013699;0.404298594520548;0.3516005;0.297559378082192;0.241578064383562;0.183945960273973;0.126241842465753;0.0702943967123288;0.0156887131506849;NaN;NaN;NaN;NaN;NaN;NaN;NaN;NaN;NaN;NaN;NaN;NaN;NaN;NaN;NaN;NaN;NaN;NaN;NaN;NaN;NaN;NaN;NaN;NaN;NaN;NaN;NaN;NaN;NaN;NaN;NaN;NaN;NaN;NaN;NaN;NaN;NaN;NaN;NaN;NaN;NaN;NaN;NaN;NaN;NaN;NaN;NaN;NaN;NaN;NaN;NaN;NaN;NaN;NaN;NaN;NaN;NaN;NaN;NaN;NaN;NaN;NaN;NaN;NaN;NaN;NaN;NaN;NaN;NaN;NaN;NaN;NaN;NaN;NaN;NaN;NaN;NaN;NaN;NaN;NaN;NaN;NaN
1.59708882191781;1.57779883561644;1.58162205479452;1.57036016438356;1.53639589041096;1.49766393150685;1.45868893150685;1.41948798630137;1.37977545205479;1.3393858630137;1.29839050684931;1.25725761643836;1.21625317808219;1.17540487671233;1.13469717808219;1.09434464383562;1.05462908219178;1.015564;0.976983693150685;0.9012796;0.863996406849315;0.825920635616438;0.786209894520548;0.744460473972603;0.700610067123288;0.654642339726027;0.60701565890411;0.557833404109589;0.507071219178082;0.455207839726027;0.402756890410959;0.349568131506849;0.29494128630137;0.238327497260274;0.180127876712329;0.122028489041096;0.0657448728767123;0.010620448630137;NaN;NaN;NaN;NaN;NaN;NaN;NaN;NaN;NaN;NaN;NaN;NaN;NaN;NaN;NaN;NaN;NaN;NaN;NaN;NaN;NaN;NaN;NaN;NaN;NaN;NaN;NaN;NaN;NaN;NaN;NaN;NaN;NaN;NaN;NaN;NaN;NaN;NaN;NaN;NaN;NaN;NaN;NaN;NaN;NaN;NaN;NaN;NaN;NaN;NaN;NaN;NaN;NaN;NaN;NaN;NaN;NaN;NaN;NaN;NaN;NaN;NaN;NaN;NaN;NaN;NaN;NaN;NaN;NaN;NaN;NaN;NaN;NaN;NaN;NaN;NaN;NaN;NaN;NaN;NaN;NaN;NaN
1.59716009589041;1.58073945205479;1.57648101369863;1.57571091780822;1.5459687260274;1.50674317808219;1.46728863013699;1.42757024657534;1.38729810958904;1.34630028767123;1.30477216438356;1.26315679452055;1.22168323287671;1.18037549315068;1.13922323287671;1.0984517260274;1.05834073972603;1.01890008219178;0.979957045205479;0.903545780821918;0.865919201369863;0.82757346849315;0.787623404109589;0.745619556164383;0.701468008219178;0.65516322739726;0.6071814;0.557603647945205;0.506401580821918;0.454091679452055;0.401191816438356;0.347504384931507;0.29228145890411;0.235033463013699;0.176276691780822;0.117797205479452;0.0611664779452055;0.00550079275342466;NaN;NaN;NaN;NaN;NaN;NaN;NaN;NaN;NaN;NaN;NaN;NaN;NaN;NaN;NaN;NaN;NaN;NaN;NaN;NaN;NaN;NaN;NaN;NaN;NaN;NaN;NaN;NaN;NaN;NaN;NaN;NaN;NaN;NaN;NaN;NaN;NaN;NaN;NaN;NaN;NaN;NaN;NaN;NaN;NaN;NaN;NaN;NaN;NaN;NaN;NaN;NaN;NaN;NaN;NaN;NaN;NaN;NaN;NaN;NaN;NaN;NaN;NaN;NaN;NaN;NaN;NaN;NaN;NaN;NaN;NaN;NaN;NaN;NaN;NaN;NaN;NaN;NaN;NaN;NaN;NaN;NaN
1.59698936986301;1.58352676712329;1.57937326027397;1.5750878630137;1.55555791780822;1.5158468630137;1.47591575342466;1.4356694109589;1.39480946575342;1.35321853424658;1.31116812328767;1.26906471232877;1.22711712328767;1.18534652054795;1.14375134246575;1.10255938356164;1.06205368493151;1.02223595890411;0.982931802739726;0.905801369863014;0.867828047945206;0.829211235616438;0.78902152739726;0.746760161643836;0.702304326027397;0.655666883561644;0.607329763013699;0.557352502739726;0.505708653424658;0.452953417808219;0.399602436986301;0.345408109589041;0.289578394520548;0.231699683561644;0.172397543835616;0.113543919178082;0.0565570220547945;0.000325602639726027;NaN;NaN;NaN;NaN;NaN;NaN;NaN;NaN;NaN;NaN;NaN;NaN;NaN;NaN;NaN;NaN;NaN;NaN;NaN;NaN;NaN;NaN;NaN;NaN;NaN;NaN;NaN;NaN;NaN;NaN;NaN;NaN;NaN;NaN;NaN;NaN;NaN;NaN;NaN;NaN;NaN;NaN;NaN;NaN;NaN;NaN;NaN;NaN;NaN;NaN;NaN;NaN;NaN;NaN;NaN;NaN;NaN;NaN;NaN;NaN;NaN;NaN;NaN;NaN;NaN;NaN;NaN;NaN;NaN;NaN;NaN;NaN;NaN;NaN;NaN;NaN;NaN;NaN;NaN;NaN;NaN;NaN
1.59748182191781;1.58972968493151;1.56732257534247;1.56992198630137;1.56083554794521;1.52497830136986;1.48456183561644;1.44377119178082;1.40231864383562;1.36013578082192;1.31756579452055;1.27497649315068;1.23255264383562;1.19032331506849;1.1482837260274;1.10667180821918;1.06576979452055;1.02557431506849;0.985909315068493;0.90805087260274;0.869724326027397;0.830835187671233;0.790404743835616;0.747882584931507;0.703118502739726;0.65615294109589;0.607461147945205;0.557080146575342;0.504992789041096;0.451793878082192;0.39798871369863;0.343278120547945;0.286835084931507;0.228326982191781;0.168490565753425;0.109265202739726;0.0519139330136986;NaN;NaN;NaN;NaN;NaN;NaN;NaN;NaN;NaN;NaN;NaN;NaN;NaN;NaN;NaN;NaN;NaN;NaN;NaN;NaN;NaN;NaN;NaN;NaN;NaN;NaN;NaN;NaN;NaN;NaN;NaN;NaN;NaN;NaN;NaN;NaN;NaN;NaN;NaN;NaN;NaN;NaN;NaN;NaN;NaN;NaN;NaN;NaN;NaN;NaN;NaN;NaN;NaN;NaN;NaN;NaN;NaN;NaN;NaN;NaN;NaN;NaN;NaN;NaN;NaN;NaN;NaN;NaN;NaN;NaN;NaN;NaN;NaN;NaN;NaN;NaN;NaN;NaN;NaN;NaN;NaN;NaN;NaN
1.60021254794521;1.59303702739726;1.56791976712329;1.56624;1.56534226027397;1.5341294109589;1.49321553424658;1.45187469863014;1.40982178082192;1.36706323287671;1.32397250684932;1.28089604109589;1.23799257534247;1.19529982191781;1.15281543835616;1.11078230136986;1.06948498630137;1.02891120547945;0.98887788630137;0.910292675342466;0.871606698630137;0.832444795890411;0.791771453424657;0.748984375342466;0.703911364383562;0.656620978082192;0.607574817808219;0.556786328767123;0.5042545;0.450612595890411;0.396351509589041;0.341112871232877;0.284052868493151;0.224916912328767;0.164556315068493;0.104964532876712;0.0472373863013699;NaN;NaN;NaN;NaN;NaN;NaN;NaN;NaN;NaN;NaN;NaN;NaN;NaN;NaN;NaN;NaN;NaN;NaN;NaN;NaN;NaN;NaN;NaN;NaN;NaN;NaN;NaN;NaN;NaN;NaN;NaN;NaN;NaN;NaN;NaN;NaN;NaN;NaN;NaN;NaN;NaN;NaN;NaN;NaN;NaN;NaN;NaN;NaN;NaN;NaN;NaN;NaN;NaN;NaN;NaN;NaN;NaN;NaN;NaN;NaN;NaN;NaN;NaN;NaN;NaN;NaN;NaN;NaN;NaN;NaN;NaN;NaN;NaN;NaN;NaN;NaN;NaN;NaN;NaN;NaN;NaN;NaN;NaN
1.60319945205479;1.59395246575342;1.57389384931507;1.56770506849315;1.56553943835616;1.54331279452055;1.50189175342466;1.45999579452055;1.41732884931507;1.37399909589041;1.3303922739726;1.28682245205479;1.24343604109589;1.20027897260274;1.15735098630137;1.11489783561644;1.07320457534247;1.03225215068493;0.991853852054795;0.912522363013699;0.873471784931507;0.834039973972603;0.793121721917808;0.750065206849315;0.704682812328767;0.657073161643836;0.60767045890411;0.556467730136986;0.503494024657534;0.449410168493151;0.394687331506849;0.338911753424658;0.281229635616438;0.221470612328767;0.160594968493151;0.10063961369863;0.0425237128767123;NaN;NaN;NaN;NaN;NaN;NaN;NaN;NaN;NaN;NaN;NaN;NaN;NaN;NaN;NaN;NaN;NaN;NaN;NaN;NaN;NaN;NaN;NaN;NaN;NaN;NaN;NaN;NaN;NaN;NaN;NaN;NaN;NaN;NaN;NaN;NaN;NaN;NaN;NaN;NaN;NaN;NaN;NaN;NaN;NaN;NaN;NaN;NaN;NaN;NaN;NaN;NaN;NaN;NaN;NaN;NaN;NaN;NaN;NaN;NaN;NaN;NaN;NaN;NaN;NaN;NaN;NaN;NaN;NaN;NaN;NaN;NaN;NaN;NaN;NaN;NaN;NaN;NaN;NaN;NaN;NaN;NaN;NaN
1.60085494520548;1.59562578082192;1.57953884931507;1.55486163013699;1.55792642465753;1.54942793150685;1.51057702739726;1.4681045890411;1.42484589041096;1.38094006849315;1.33682309589041;1.29275968493151;1.24888575342466;1.20526330136986;1.16189282191781;1.11901771232877;1.07692793150685;1.0355927260274;0.99482615890411;0.914744416438356;0.875334094520548;0.835624360273973;0.794456826027397;0.751126510958904;0.70543578630137;0.657509650684932;0.607748954794521;0.556129221917808;0.502712364383562;0.448187336986301;0.392998310958904;0.336675175342466;0.278366420547945;0.217986279452055;0.156609028767123;0.0962915283561644;0.0377667978082192;NaN;NaN;NaN;NaN;NaN;NaN;NaN;NaN;NaN;NaN;NaN;NaN;NaN;NaN;NaN;NaN;NaN;NaN;NaN;NaN;NaN;NaN;NaN;NaN;NaN;NaN;NaN;NaN;NaN;NaN;NaN;NaN;NaN;NaN;NaN;NaN;NaN;NaN;NaN;NaN;NaN;NaN;NaN;NaN;NaN;NaN;NaN;NaN;NaN;NaN;NaN;NaN;NaN;NaN;NaN;NaN;NaN;NaN;NaN;NaN;NaN;NaN;NaN;NaN;NaN;NaN;NaN;NaN;NaN;NaN;NaN;NaN;NaN;NaN;NaN;NaN;NaN;NaN;NaN;NaN;NaN;NaN;NaN
1.60694971232877;1.59552076712329;1.58051828767123;1.55527682191781;1.55176775342466;1.55247347945205;1.51926276712329;1.47621526027397;1.43235831506849;1.38788734246575;1.34326057534247;1.2986995890411;1.25434080821918;1.21025161643836;1.16643790410959;1.12314190410959;1.08065421917808;1.03893921917808;0.997799089041096;0.916958709589041;0.877185128767123;0.837195997260274;0.795776365753425;0.752167039726027;0.706168010958904;0.657930297260274;0.607808282191781;0.555769219178082;0.501909720547945;0.44694264109589;0.391282375342466;0.334402710958904;0.275464754794521;0.214471639726027;0.152600960273973;0.0919177494520548;0.0329715901369863;NaN;NaN;NaN;NaN;NaN;NaN;NaN;NaN;NaN;NaN;NaN;NaN;NaN;NaN;NaN;NaN;NaN;NaN;NaN;NaN;NaN;NaN;NaN;NaN;NaN;NaN;NaN;NaN;NaN;NaN;NaN;NaN;NaN;NaN;NaN;NaN;NaN;NaN;NaN;NaN;NaN;NaN;NaN;NaN;NaN;NaN;NaN;NaN;NaN;NaN;NaN;NaN;NaN;NaN;NaN;NaN;NaN;NaN;NaN;NaN;NaN;NaN;NaN;NaN;NaN;NaN;NaN;NaN;NaN;NaN;NaN;NaN;NaN;NaN;NaN;NaN;NaN;NaN;NaN;NaN;NaN;NaN;NaN
1.61327465753425;1.59710694520548;1.58446489041096;1.56049946575342;1.55273750684932;1.55753090410959;1.52796339726027;1.4843421369863;1.43987609589041;1.39484521917808;1.34970946575342;1.30464297260274;1.25980078082192;1.21524364383562;1.17098697260274;1.1272702739726;1.08438482191781;1.04228494520548;1.0007711369863;0.919165687671233;0.879027117808219;0.838754632876712;0.797077484931507;0.753186726027397;0.706881149315069;0.658334687671233;0.607848730136986;0.555387716438356;0.501087954794521;0.445677684931507;0.389539391780822;0.332094715068493;0.272523542465753;0.210918890410959;0.148569243835616;0.0875174157534247;0.0281338546575342;NaN;NaN;NaN;NaN;NaN;NaN;NaN;NaN;NaN;NaN;NaN;NaN;NaN;NaN;NaN;NaN;NaN;NaN;NaN;NaN;NaN;NaN;NaN;NaN;NaN;NaN;NaN;NaN;NaN;NaN;NaN;NaN;NaN;NaN;NaN;NaN;NaN;NaN;NaN;NaN;NaN;NaN;NaN;NaN;NaN;NaN;NaN;NaN;NaN;NaN;NaN;NaN;NaN;NaN;NaN;NaN;NaN;NaN;NaN;NaN;NaN;NaN;NaN;NaN;NaN;NaN;NaN;NaN;NaN;NaN;NaN;NaN;NaN;NaN;NaN;NaN;NaN;NaN;NaN;NaN;NaN;NaN;NaN
1.62566312328767;1.5969878630137;1.58881805479452;1.5653807260274;1.55023138356164;1.54564795890411;1.53667671232877;1.49246584931507;1.44740163013699;1.40181567123288;1.35616997260274;1.31059390410959;1.2652652739726;1.22023967123288;1.17554168493151;1.13140395890411;1.08812035616438;1.04563149315068;1.00374621917808;0.921366236986301;0.880860690410959;0.840300457534247;0.798361398630137;0.754186294520548;0.70757781369863;0.658723130136986;0.607869323287671;0.554985204109589;0.500245435616438;0.444392682191781;0.38776921369863;0.329749220547945;0.269545960273973;0.20733528630137;0.144515867123288;0.0830945305479452;0.0232569398630137;NaN;NaN;NaN;NaN;NaN;NaN;NaN;NaN;NaN;NaN;NaN;NaN;NaN;NaN;NaN;NaN;NaN;NaN;NaN;NaN;NaN;NaN;NaN;NaN;NaN;NaN;NaN;NaN;NaN;NaN;NaN;NaN;NaN;NaN;NaN;NaN;NaN;NaN;NaN;NaN;NaN;NaN;NaN;NaN;NaN;NaN;NaN;NaN;NaN;NaN;NaN;NaN;NaN;NaN;NaN;NaN;NaN;NaN;NaN;NaN;NaN;NaN;NaN;NaN;NaN;NaN;NaN;NaN;NaN;NaN;NaN;NaN;NaN;NaN;NaN;NaN;NaN;NaN;NaN;NaN;NaN;NaN;NaN
1.63809331506849;1.59883657534247;1.59469684931507;1.56682678082192;1.54064226027397;1.53853043835616;1.53739420547945;1.50059047945206;1.45492434246575;1.40879491780822;1.36263131506849;1.31655320547945;1.27073009589041;1.22523912328767;1.1801012739726;1.13553595890411;1.09185815068493;1.04897189041096;1.00671528767123;0.923559621917808;0.88268991369863;0.841834368493151;0.799627047945206;0.755164728767123;0.708256756164384;0.659095646575342;0.60787015890411;0.554561238356164;0.499383991780822;0.443086232876712;0.385969394520548;0.327368315068493;0.266531452054795;0.203718490410959;0.14043837260274;0.0786458882191781;0.0183297545205479;NaN;NaN;NaN;NaN;NaN;NaN;NaN;NaN;NaN;NaN;NaN;NaN;NaN;NaN;NaN;NaN;NaN;NaN;NaN;NaN;NaN;NaN;NaN;NaN;NaN;NaN;NaN;NaN;NaN;NaN;NaN;NaN;NaN;NaN;NaN;NaN;NaN;NaN;NaN;NaN;NaN;NaN;NaN;NaN;NaN;NaN;NaN;NaN;NaN;NaN;NaN;NaN;NaN;NaN;NaN;NaN;NaN;NaN;NaN;NaN;NaN;NaN;NaN;NaN;NaN;NaN;NaN;NaN;NaN;NaN;NaN;NaN;NaN;NaN;NaN;NaN;NaN;NaN;NaN;NaN;NaN;NaN;NaN
1.65056176712329;1.60436269863014;1.59193920547945;1.57341436986301;1.54465049315069;1.53654852054795;1.54124995890411;1.50871169863014;1.46246723287671;1.41579245205479;1.36911030136986;1.32252134246575;1.27620164383562;1.23024430136986;1.18466810958904;1.13968134246575;1.09559604109589;1.0523222739726;1.00967882191781;0.925747034246575;0.884516328767123;0.843358379452055;0.800873228767123;0.756122815068493;0.708919710958904;0.659451415068493;0.607850901369863;0.554116512328767;0.498504463013699;0.441758557534247;0.384141401369863;0.324950752054795;0.26348154109589;0.200071906849315;0.136338205479452;0.0741675423287671;0.0133615173972603;NaN;NaN;NaN;NaN;NaN;NaN;NaN;NaN;NaN;NaN;NaN;NaN;NaN;NaN;NaN;NaN;NaN;NaN;NaN;NaN;NaN;NaN;NaN;NaN;NaN;NaN;NaN;NaN;NaN;NaN;NaN;NaN;NaN;NaN;NaN;NaN;NaN;NaN;NaN;NaN;NaN;NaN;NaN;NaN;NaN;NaN;NaN;NaN;NaN;NaN;NaN;NaN;NaN;NaN;NaN;NaN;NaN;NaN;NaN;NaN;NaN;NaN;NaN;NaN;NaN;NaN;NaN;NaN;NaN;NaN;NaN;NaN;NaN;NaN;NaN;NaN;NaN;NaN;NaN;NaN;NaN;NaN;NaN
1.66307812328767;1.60903319178082;1.59149183561644;1.57748019178082;1.54906953424658;1.53495836986301;1.54014420547945;1.51683830136986;1.47000042465753;1.422803;1.37559867123288;1.32849610958904;1.28167946575342;1.23525454794521;1.18924161643836;1.14383289041096;1.09934339726027;1.05567198630137;1.01264091780822;0.927925620547945;0.886333671232877;0.844868284931507;0.802101417808219;0.757062291780822;0.709565997260274;0.659789520547945;0.607811042465753;0.553653090410959;0.497606001369863;0.440408980821918;0.382282506849315;0.322495821917808;0.260394112328767;0.196392487671233;0.132216598630137;0.0696627957534247;0.00834418043835616;NaN;NaN;NaN;NaN;NaN;NaN;NaN;NaN;NaN;NaN;NaN;NaN;NaN;NaN;NaN;NaN;NaN;NaN;NaN;NaN;NaN;NaN;NaN;NaN;NaN;NaN;NaN;NaN;NaN;NaN;NaN;NaN;NaN;NaN;NaN;NaN;NaN;NaN;NaN;NaN;NaN;NaN;NaN;NaN;NaN;NaN;NaN;NaN;NaN;NaN;NaN;NaN;NaN;NaN;NaN;NaN;NaN;NaN;NaN;NaN;NaN;NaN;NaN;NaN;NaN;NaN;NaN;NaN;NaN;NaN;NaN;NaN;NaN;NaN;NaN;NaN;NaN;NaN;NaN;NaN;NaN;NaN;NaN
1.67562724657534;1.62099801369863;1.58733246575342;1.58020026027397;1.55273378082192;1.53107634246575;1.52656854794521;1.52496346575342;1.477553;1.4298327260274;1.38210091780822;1.33448106849315;1.2871684109589;1.24027349315068;1.19382578082192;1.14799350684932;1.10309573972603;1.05902389041096;1.0155992739726;0.930100712328767;0.888148475342466;0.846377779452055;0.80331097260274;0.757981898630137;0.710196860273973;0.660110406849315;0.607751604109589;0.553170178082192;0.496689082191781;0.439035419178082;0.380393378082192;0.320006684931507;0.257271010958904;0.192687893150685;0.128074336986301;0.0651270250684932;0.0032771958630137;NaN;NaN;NaN;NaN;NaN;NaN;NaN;NaN;NaN;NaN;NaN;NaN;NaN;NaN;NaN;NaN;NaN;NaN;NaN;NaN;NaN;NaN;NaN;NaN;NaN;NaN;NaN;NaN;NaN;NaN;NaN;NaN;NaN;NaN;NaN;NaN;NaN;NaN;NaN;NaN;NaN;NaN;NaN;NaN;NaN;NaN;NaN;NaN;NaN;NaN;NaN;NaN;NaN;NaN;NaN;NaN;NaN;NaN;NaN;NaN;NaN;NaN;NaN;NaN;NaN;NaN;NaN;NaN;NaN;NaN;NaN;NaN;NaN;NaN;NaN;NaN;NaN;NaN;NaN;NaN;NaN;NaN;NaN
1.68820957534247;1.63299504109589;1.5933772739726;1.58553730136986;1.55094517808219;1.5298432739726;1.51936784931507;1.52306621917808;1.48511650684931;1.436877;1.38860957534247;1.34047324657534;1.29265871232877;1.24529701369863;1.19841531506849;1.15216835616438;1.10685271232877;1.06237721917808;1.01855621917808;0.932268621917808;0.889958702739726;0.847873445205479;0.804504297260274;0.758885028767123;0.710811605479452;0.660413283561644;0.607671515068493;0.552668305479452;0.49575434109589;0.437640517808219;0.378474194520548;0.317481997260274;0.25411415890411;0.188956130136986;0.123907342465753;0.0605641230136986;NaN;NaN;NaN;NaN;NaN;NaN;NaN;NaN;NaN;NaN;NaN;NaN;NaN;NaN;NaN;NaN;NaN;NaN;NaN;NaN;NaN;NaN;NaN;NaN;NaN;NaN;NaN;NaN;NaN;NaN;NaN;NaN;NaN;NaN;NaN;NaN;NaN;NaN;NaN;NaN;NaN;NaN;NaN;NaN;NaN;NaN;NaN;NaN;NaN;NaN;NaN;NaN;NaN;NaN;NaN;NaN;NaN;NaN;NaN;NaN;NaN;NaN;NaN;NaN;NaN;NaN;NaN;NaN;NaN;NaN;NaN;NaN;NaN;NaN;NaN;NaN;NaN;NaN;NaN;NaN;NaN;NaN;NaN;NaN
1.70082946575342;1.64502571232877;1.60004106849315;1.59092120547945;1.56113197260274;1.5323511369863;1.51786350684932;1.5259005890411;1.49269326027397;1.44393115068493;1.39512684931507;1.34647816438356;1.29815457534247;1.25032954794521;1.20300404109589;1.15635083561644;1.11061893150685;1.06573542465753;1.0215098630137;0.934433497260274;0.891763264383561;0.849356712328767;0.805681049315068;0.759771309589041;0.711410569863014;0.660698065753425;0.607571219178082;0.552147834246575;0.494800682191781;0.436222173972603;0.3765234;0.314919406849315;0.250923516438356;0.185194621917808;0.119714191780822;0.0559692965753425;NaN;NaN;NaN;NaN;NaN;NaN;NaN;NaN;NaN;NaN;NaN;NaN;NaN;NaN;NaN;NaN;NaN;NaN;NaN;NaN;NaN;NaN;NaN;NaN;NaN;NaN;NaN;NaN;NaN;NaN;NaN;NaN;NaN;NaN;NaN;NaN;NaN;NaN;NaN;NaN;NaN;NaN;NaN;NaN;NaN;NaN;NaN;NaN;NaN;NaN;NaN;NaN;NaN;NaN;NaN;NaN;NaN;NaN;NaN;NaN;NaN;NaN;NaN;NaN;NaN;NaN;NaN;NaN;NaN;NaN;NaN;NaN;NaN;NaN;NaN;NaN;NaN;NaN;NaN;NaN;NaN;NaN;NaN;NaN
1.70402438356164;1.65707945205479;1.60277873972603;1.58548450684932;1.57134060273973;1.5352962739726;1.51374450684932;1.52057653424658;1.50027849315068;1.45099035616438;1.40166021917808;1.35248831506849;1.3036637260274;1.25536749315068;1.20760326027397;1.16053819178082;1.11438916438356;1.06909234246575;1.02445916438356;0.936593717808219;0.893561635616438;0.850830528767123;0.806841867123288;0.760641639726027;0.711994082191781;0.660964179452055;0.607450902739726;0.551609608219178;0.493829138356164;0.434780835616438;0.374540863013699;0.3123253;0.247699104109589;0.181406363013699;0.115500290410959;0.0513442165753425;NaN;NaN;NaN;NaN;NaN;NaN;NaN;NaN;NaN;NaN;NaN;NaN;NaN;NaN;NaN;NaN;NaN;NaN;NaN;NaN;NaN;NaN;NaN;NaN;NaN;NaN;NaN;NaN;NaN;NaN;NaN;NaN;NaN;NaN;NaN;NaN;NaN;NaN;NaN;NaN;NaN;NaN;NaN;NaN;NaN;NaN;NaN;NaN;NaN;NaN;NaN;NaN;NaN;NaN;NaN;NaN;NaN;NaN;NaN;NaN;NaN;NaN;NaN;NaN;NaN;NaN;NaN;NaN;NaN;NaN;NaN;NaN;NaN;NaN;NaN;NaN;NaN;NaN;NaN;NaN;NaN;NaN;NaN;NaN
1.71153521917808;1.66916998630137;1.61067898630137;1.57785749315068;1.57324475342466;1.53909471232877;1.51300738356164;1.5117758630137;1.50788282191781;1.45805756164384;1.40820336986301;1.35850719178082;1.3091808630137;1.260411;1.21220845205479;1.16472087671233;1.11816073972603;1.07245297260274;1.02740761643836;0.938750069863014;0.895356767123288;0.852290520547945;0.807988442465754;0.761497465753425;0.712563028767123;0.66121112739726;0.607311217808219;0.551053521917808;0.492839701369863;0.43331501369863;0.372528079452055;0.309696823287671;0.244441954794521;0.17759135890411;0.111265320547945;0.0466896547945206;NaN;NaN;NaN;NaN;NaN;NaN;NaN;NaN;NaN;NaN;NaN;NaN;NaN;NaN;NaN;NaN;NaN;NaN;NaN;NaN;NaN;NaN;NaN;NaN;NaN;NaN;NaN;NaN;NaN;NaN;NaN;NaN;NaN;NaN;NaN;NaN;NaN;NaN;NaN;NaN;NaN;NaN;NaN;NaN;NaN;NaN;NaN;NaN;NaN;NaN;NaN;NaN;NaN;NaN;NaN;NaN;NaN;NaN;NaN;NaN;NaN;NaN;NaN;NaN;NaN;NaN;NaN;NaN;NaN;NaN;NaN;NaN;NaN;NaN;NaN;NaN;NaN;NaN;NaN;NaN;NaN;NaN;NaN;NaN
1.71982490410959;1.68129839726027;1.62221495890411;1.58385917808219;1.57581252054795;1.53918721917808;1.52194468493151;1.5011388630137;1.50748583561644;1.46514269863014;1.41476361643836;1.36453390410959;1.31470664383562;1.26546450684931;1.2168197260274;1.16891293150685;1.12192697260274;1.07580505479452;1.03035036986301;0.940905289041096;0.897145432876712;0.853735149315068;0.809119615068493;0.762340450684932;0.713117373972603;0.661439612328767;0.607152517808219;0.550480278082192;0.491831402739726;0.431824731506849;0.370483567123288;0.307034434246575;0.24115227260274;0.173747646575342;0.107005387671233;0.0419993094520548;NaN;NaN;NaN;NaN;NaN;NaN;NaN;NaN;NaN;NaN;NaN;NaN;NaN;NaN;NaN;NaN;NaN;NaN;NaN;NaN;NaN;NaN;NaN;NaN;NaN;NaN;NaN;NaN;NaN;NaN;NaN;NaN;NaN;NaN;NaN;NaN;NaN;NaN;NaN;NaN;NaN;NaN;NaN;NaN;NaN;NaN;NaN;NaN;NaN;NaN;NaN;NaN;NaN;NaN;NaN;NaN;NaN;NaN;NaN;NaN;NaN;NaN;NaN;NaN;NaN;NaN;NaN;NaN;NaN;NaN;NaN;NaN;NaN;NaN;NaN;NaN;NaN;NaN;NaN;NaN;NaN;NaN;NaN;NaN
1.72852160273973;1.6934644109589;1.63378968493151;1.58990591780822;1.58028965753425;1.54325034246575;1.52207593150685;1.4969464109589;1.50661412328767;1.47224293150685;1.42133975342466;1.37056673972603;1.32024075342466;1.2705285890411;1.2214442739726;1.17311102739726;1.12569065753425;1.07915068493151;1.03328520547945;0.943055895890411;0.898926969863014;0.855168456164383;0.810236745205479;0.76317287260274;0.713655064383562;0.661648291780822;0.606974991780822;0.549892402739726;0.490804349315068;0.430308705479452;0.368408371232877;0.304337994520548;0.237831224657534;0.169878754794521;0.102720320547945;0.0372755589041096;NaN;NaN;NaN;NaN;NaN;NaN;NaN;NaN;NaN;NaN;NaN;NaN;NaN;NaN;NaN;NaN;NaN;NaN;NaN;NaN;NaN;NaN;NaN;NaN;NaN;NaN;NaN;NaN;NaN;NaN;NaN;NaN;NaN;NaN;NaN;NaN;NaN;NaN;NaN;NaN;NaN;NaN;NaN;NaN;NaN;NaN;NaN;NaN;NaN;NaN;NaN;NaN;NaN;NaN;NaN;NaN;NaN;NaN;NaN;NaN;NaN;NaN;NaN;NaN;NaN;NaN;NaN;NaN;NaN;NaN;NaN;NaN;NaN;NaN;NaN;NaN;NaN;NaN;NaN;NaN;NaN;NaN;NaN;NaN
1.73689494520548;1.70565805479452;1.64540226027397;1.59580328767123;1.58480208219178;1.55294282191781;1.5226821369863;1.4958362739726;1.50170202739726;1.47935275342466;1.42791810958904;1.37660987671233;1.32578549315068;1.27560564383562;1.22608612328767;1.17731054794521;1.1294575890411;1.08249765753425;1.03622105479452;0.945206260273973;0.900714446575342;0.85658905890411;0.811341661643836;0.763993883561644;0.714179598630137;0.661836878082192;0.606779639726028;0.549286953424657;0.489758519178082;0.428769416438356;0.366301543835616;0.301610284931507;0.234478908219178;0.165982067123288;0.0984142128767123;0.0325172156164384;NaN;NaN;NaN;NaN;NaN;NaN;NaN;NaN;NaN;NaN;NaN;NaN;NaN;NaN;NaN;NaN;NaN;NaN;NaN;NaN;NaN;NaN;NaN;NaN;NaN;NaN;NaN;NaN;NaN;NaN;NaN;NaN;NaN;NaN;NaN;NaN;NaN;NaN;NaN;NaN;NaN;NaN;NaN;NaN;NaN;NaN;NaN;NaN;NaN;NaN;NaN;NaN;NaN;NaN;NaN;NaN;NaN;NaN;NaN;NaN;NaN;NaN;NaN;NaN;NaN;NaN;NaN;NaN;NaN;NaN;NaN;NaN;NaN;NaN;NaN;NaN;NaN;NaN;NaN;NaN;NaN;NaN;NaN;NaN
1.74438309589041;1.70914668493151;1.65706076712329;1.5950018630137;1.58082934246575;1.56266212328767;1.52525531506849;1.49618502739726;1.49930321917808;1.48647706849315;1.43450978082192;1.38266773972603;1.3313455890411;1.28069938356164;1.2307424109589;1.18152439726027;1.13322393150685;1.08584546575342;1.03915609589041;0.947354723287671;0.902492443835616;0.858000708219178;0.812435017808219;0.764801739726027;0.714689619178082;0.662007205479452;0.606567234246575;0.548665691780822;0.488694026027397;0.42720754109589;0.364166663013699;0.298849369863014;0.231092176712329;0.162063547945205;0.094084657260274;0.0277149861643836;NaN;NaN;NaN;NaN;NaN;NaN;NaN;NaN;NaN;NaN;NaN;NaN;NaN;NaN;NaN;NaN;NaN;NaN;NaN;NaN;NaN;NaN;NaN;NaN;NaN;NaN;NaN;NaN;NaN;NaN;NaN;NaN;NaN;NaN;NaN;NaN;NaN;NaN;NaN;NaN;NaN;NaN;NaN;NaN;NaN;NaN;NaN;NaN;NaN;NaN;NaN;NaN;NaN;NaN;NaN;NaN;NaN;NaN;NaN;NaN;NaN;NaN;NaN;NaN;NaN;NaN;NaN;NaN;NaN;NaN;NaN;NaN;NaN;NaN;NaN;NaN;NaN;NaN;NaN;NaN;NaN;NaN;NaN;NaN
1.74967660273973;1.71539956164384;1.66876080821918;1.60613835616438;1.57250316438356;1.57240578082192;1.52784582191781;1.49792680821918;1.49273123287671;1.49360579452055;1.44111361643836;1.38873045205479;1.33691;1.28579668493151;1.23539728767123;1.1857375890411;1.1369952739726;1.08918282191781;1.04208334246575;0.949496773972603;0.904257061643835;0.859397478082192;0.81351048630137;0.765596263013699;0.715182769863014;0.662158856164384;0.606337267123288;0.548027656164384;0.487609816438356;0.425620157534247;0.362002731506849;0.296056720547945;0.227675291780822;0.158123571232877;0.0897236763013698;0.0228806212328767;NaN;NaN;NaN;NaN;NaN;NaN;NaN;NaN;NaN;NaN;NaN;NaN;NaN;NaN;NaN;NaN;NaN;NaN;NaN;NaN;NaN;NaN;NaN;NaN;NaN;NaN;NaN;NaN;NaN;NaN;NaN;NaN;NaN;NaN;NaN;NaN;NaN;NaN;NaN;NaN;NaN;NaN;NaN;NaN;NaN;NaN;NaN;NaN;NaN;NaN;NaN;NaN;NaN;NaN;NaN;NaN;NaN;NaN;NaN;NaN;NaN;NaN;NaN;NaN;NaN;NaN;NaN;NaN;NaN;NaN;NaN;NaN;NaN;NaN;NaN;NaN;NaN;NaN;NaN;NaN;NaN;NaN;NaN;NaN
1.76265282191781;1.72325223287671;1.68050545205479;1.61730957534247;1.57717276712329;1.57251436986301;1.52873097260274;1.50635923287671;1.48266568493151;1.4964692739726;1.44770246575342;1.39480046575342;1.34247973972603;1.29089760273973;1.24005379452055;1.1899535890411;1.14076105479452;1.0925195890411;1.04500832876712;0.951641056164384;0.906011936986301;0.860777689041096;0.814573628767123;0.76637722739726;0.715655221917808;0.662289134246575;0.606087910958904;0.547371280821918;0.486502590410959;0.424006012328767;0.359807202739726;0.293234215068493;0.224229591780822;0.154159321917808;0.085338954109589;0.0180057180821918;NaN;NaN;NaN;NaN;NaN;NaN;NaN;NaN;NaN;NaN;NaN;NaN;NaN;NaN;NaN;NaN;NaN;NaN;NaN;NaN;NaN;NaN;NaN;NaN;NaN;NaN;NaN;NaN;NaN;NaN;NaN;NaN;NaN;NaN;NaN;NaN;NaN;NaN;NaN;NaN;NaN;NaN;NaN;NaN;NaN;NaN;NaN;NaN;NaN;NaN;NaN;NaN;NaN;NaN;NaN;NaN;NaN;NaN;NaN;NaN;NaN;NaN;NaN;NaN;NaN;NaN;NaN;NaN;NaN;NaN;NaN;NaN;NaN;NaN;NaN;NaN;NaN;NaN;NaN;NaN;NaN;NaN;NaN;NaN
1.77568049315068;1.73115595890411;1.69230115068493;1.62852405479452;1.58290887671233;1.57502426027397;1.52901635616438;1.5148312739726;1.48126131506849;1.48877321917808;1.45430297260274;1.40089217808219;1.34807060273973;1.29602491780822;1.24473206849315;1.19417921917808;1.14453202739726;1.09586512328767;1.04794156164384;0.953783624657534;0.907766997260274;0.862151847945205;0.81562737260274;0.767141684931507;0.71611251369863;0.662401753424658;0.60582325890411;0.546698352054795;0.485376049315069;0.422365383561644;0.357582979452055;0.290380049315069;0.220748234246575;0.150169353424658;0.0809261364383562;0.0130879142465753;NaN;NaN;NaN;NaN;NaN;NaN;NaN;NaN;NaN;NaN;NaN;NaN;NaN;NaN;NaN;NaN;NaN;NaN;NaN;NaN;NaN;NaN;NaN;NaN;NaN;NaN;NaN;NaN;NaN;NaN;NaN;NaN;NaN;NaN;NaN;NaN;NaN;NaN;NaN;NaN;NaN;NaN;NaN;NaN;NaN;NaN;NaN;NaN;NaN;NaN;NaN;NaN;NaN;NaN;NaN;NaN;NaN;NaN;NaN;NaN;NaN;NaN;NaN;NaN;NaN;NaN;NaN;NaN;NaN;NaN;NaN;NaN;NaN;NaN;NaN;NaN;NaN;NaN;NaN;NaN;NaN;NaN;NaN;NaN
1.78875582191781;1.7391094109589;1.7041441369863;1.63976428767123;1.58805380821918;1.57865431506849;1.5382021369863;1.51846036986301;1.48227423287671;1.48360493150685;1.46091110958904;1.40699652054795;1.35367857534247;1.30116854794521;1.24942247945205;1.19841101369863;1.14831352054795;1.09921415068493;1.05087684931507;0.955920806849315;0.909509106849315;0.863514883561644;0.816670669863014;0.767895550684931;0.71655455890411;0.662497923287671;0.605543756164383;0.546009605479452;0.484228316438356;0.420699768493151;0.35532611369863;0.287491410958904;0.217233783561644;0.146156268493151;0.0764831628767123;0.00812813624657534;NaN;NaN;NaN;NaN;NaN;NaN;NaN;NaN;NaN;NaN;NaN;NaN;NaN;NaN;NaN;NaN;NaN;NaN;NaN;NaN;NaN;NaN;NaN;NaN;NaN;NaN;NaN;NaN;NaN;NaN;NaN;NaN;NaN;NaN;NaN;NaN;NaN;NaN;NaN;NaN;NaN;NaN;NaN;NaN;NaN;NaN;NaN;NaN;NaN;NaN;NaN;NaN;NaN;NaN;NaN;NaN;NaN;NaN;NaN;NaN;NaN;NaN;NaN;NaN;NaN;NaN;NaN;NaN;NaN;NaN;NaN;NaN;NaN;NaN;NaN;NaN;NaN;NaN;NaN;NaN;NaN;NaN;NaN;NaN
1.8018722739726;1.74613435616438;1.71071591780822;1.6510235890411;1.59073306849315;1.58274297260274;1.54740508219178;1.51638924657534;1.483916;1.48084719178082;1.46753520547945;1.41310889041096;1.35929163013699;1.30631867123288;1.25411380821918;1.202641;1.15209247945206;1.10255971232877;1.05380997260274;0.958051415068493;0.911240819178082;0.864865249315068;0.817705201369863;0.768634423287671;0.716977826027397;0.662573324657534;0.605247397260274;0.545302963013699;0.483059879452055;0.419008989041096;0.35304207260274;0.284572565753425;0.21369237260274;0.142122598630137;0.072016095479452;0.00312915654794521;NaN;NaN;NaN;NaN;NaN;NaN;NaN;NaN;NaN;NaN;NaN;NaN;NaN;NaN;NaN;NaN;NaN;NaN;NaN;NaN;NaN;NaN;NaN;NaN;NaN;NaN;NaN;NaN;NaN;NaN;NaN;NaN;NaN;NaN;NaN;NaN;NaN;NaN;NaN;NaN;NaN;NaN;NaN;NaN;NaN;NaN;NaN;NaN;NaN;NaN;NaN;NaN;NaN;NaN;NaN;NaN;NaN;NaN;NaN;NaN;NaN;NaN;NaN;NaN;NaN;NaN;NaN;NaN;NaN;NaN;NaN;NaN;NaN;NaN;NaN;NaN;NaN;NaN;NaN;NaN;NaN;NaN;NaN;NaN
1.81503302739726;1.74969569863014;1.71447635616438;1.66232131506849;1.59490239726027;1.57329908219178;1.55664250684932;1.51812309589041;1.47828163013699;1.47276656164384;1.47415938356164;1.41922094520548;1.36492668493151;1.31147569863014;1.25880887671233;1.20687115068493;1.15587153424658;1.10590695890411;1.05674194520548;0.96017792739726;0.912965494520548;0.866204526027397;0.818727079452055;0.769359939726027;0.717380021917808;0.662629817808219;0.604932812328767;0.544578442465753;0.481868490410959;0.417289019178082;0.350730290410959;0.281619150684931;0.210121379452055;0.1380663;0.0675254630136986;NaN;NaN;NaN;NaN;NaN;NaN;NaN;NaN;NaN;NaN;NaN;NaN;NaN;NaN;NaN;NaN;NaN;NaN;NaN;NaN;NaN;NaN;NaN;NaN;NaN;NaN;NaN;NaN;NaN;NaN;NaN;NaN;NaN;NaN;NaN;NaN;NaN;NaN;NaN;NaN;NaN;NaN;NaN;NaN;NaN;NaN;NaN;NaN;NaN;NaN;NaN;NaN;NaN;NaN;NaN;NaN;NaN;NaN;NaN;NaN;NaN;NaN;NaN;NaN;NaN;NaN;NaN;NaN;NaN;NaN;NaN;NaN;NaN;NaN;NaN;NaN;NaN;NaN;NaN;NaN;NaN;NaN;NaN;NaN;NaN
1.82824156164384;1.76228961643836;1.72155306849315;1.67365597260274;1.60557991780822;1.56529705479452;1.56590424657534;1.52010595890411;1.48629436986301;1.47041364383562;1.48079815068493;1.42533560273973;1.37058424657534;1.31664567123288;1.26351217808219;1.21110601369863;1.15965365753425;1.10925664383562;1.05967638356164;0.962294980821918;0.914684073972603;0.867535082191781;0.819739680821918;0.770070875342466;0.717765867123288;0.66267047260274;0.604603665753425;0.543836439726027;0.480656791780822;0.41554437260274;0.348386845205479;0.278633897260274;0.206520815068493;0.133986123287671;0.0630042636986301;NaN;NaN;NaN;NaN;NaN;NaN;NaN;NaN;NaN;NaN;NaN;NaN;NaN;NaN;NaN;NaN;NaN;NaN;NaN;NaN;NaN;NaN;NaN;NaN;NaN;NaN;NaN;NaN;NaN;NaN;NaN;NaN;NaN;NaN;NaN;NaN;NaN;NaN;NaN;NaN;NaN;NaN;NaN;NaN;NaN;NaN;NaN;NaN;NaN;NaN;NaN;NaN;NaN;NaN;NaN;NaN;NaN;NaN;NaN;NaN;NaN;NaN;NaN;NaN;NaN;NaN;NaN;NaN;NaN;NaN;NaN;NaN;NaN;NaN;NaN;NaN;NaN;NaN;NaN;NaN;NaN;NaN;NaN;NaN;NaN
1.84149315068493;1.77492453424657;1.72906689041096;1.68502346575342;1.61628039726027;1.56942491780822;1.57519332876712;1.52167908219178;1.49432998630137;1.4777827260274;1.48512917808219;1.43146889041096;1.37625889041096;1.32182795890411;1.26822194520548;1.21534417808219;1.16343769863014;1.11260867123288;1.06261060273973;0.964406779452055;0.91639441369863;0.868856204109589;0.820742893150685;0.77076837260274;0.718135615068493;0.662694760273973;0.604260230136986;0.543076601369863;0.479422230136986;0.413773082191781;0.346014524657534;0.275619297260274;0.202894632876712;0.129883324657534;0.0584550635616438;NaN;NaN;NaN;NaN;NaN;NaN;NaN;NaN;NaN;NaN;NaN;NaN;NaN;NaN;NaN;NaN;NaN;NaN;NaN;NaN;NaN;NaN;NaN;NaN;NaN;NaN;NaN;NaN;NaN;NaN;NaN;NaN;NaN;NaN;NaN;NaN;NaN;NaN;NaN;NaN;NaN;NaN;NaN;NaN;NaN;NaN;NaN;NaN;NaN;NaN;NaN;NaN;NaN;NaN;NaN;NaN;NaN;NaN;NaN;NaN;NaN;NaN;NaN;NaN;NaN;NaN;NaN;NaN;NaN;NaN;NaN;NaN;NaN;NaN;NaN;NaN;NaN;NaN;NaN;NaN;NaN;NaN;NaN;NaN;NaN
1.85225030136986;1.78760339726027;1.736212;1.69641446575342;1.62701673972603;1.57425421917808;1.57398497260274;1.51796868493151;1.50239079452055;1.47216415068493;1.47357689041096;1.43762921917808;1.38193945205479;1.32701728767123;1.2729312739726;1.21958090410959;1.16722028767123;1.11595521917808;1.06554520547945;0.966514701369863;0.91809785890411;0.870169617808219;0.821733643835617;0.771452036986301;0.718485349315069;0.662700165753425;0.603902169863014;0.542298579452055;0.478165391780822;0.411976197260274;0.343610271232877;0.27257205890411;0.19923697260274;0.125758861643836;0.0538743815068493;NaN;NaN;NaN;NaN;NaN;NaN;NaN;NaN;NaN;NaN;NaN;NaN;NaN;NaN;NaN;NaN;NaN;NaN;NaN;NaN;NaN;NaN;NaN;NaN;NaN;NaN;NaN;NaN;NaN;NaN;NaN;NaN;NaN;NaN;NaN;NaN;NaN;NaN;NaN;NaN;NaN;NaN;NaN;NaN;NaN;NaN;NaN;NaN;NaN;NaN;NaN;NaN;NaN;NaN;NaN;NaN;NaN;NaN;NaN;NaN;NaN;NaN;NaN;NaN;NaN;NaN;NaN;NaN;NaN;NaN;NaN;NaN;NaN;NaN;NaN;NaN;NaN;NaN;NaN;NaN;NaN;NaN;NaN;NaN;NaN
1.86309469863014;1.80032428767123;1.74318339726027;1.70783678082192;1.63779694520548;1.57802032876712;1.57589643835616;1.52673739726027;1.51046969863014;1.47256471232877;1.46883817808219;1.44380275342466;1.38763328767123;1.33221823287671;1.27764949315068;1.2238228630137;1.17100915068493;1.11930763013699;1.06848050684932;0.968617568493151;0.919794157534247;0.871475138356164;0.822711020547945;0.772121638356164;0.718821064383562;0.66269302739726;0.603527902739726;0.541501661643836;0.476887219178082;0.410152821917808;0.34117734109589;0.269490621917808;0.195555171232877;0.121611860273973;0.0492638184931507;NaN;NaN;NaN;NaN;NaN;NaN;NaN;NaN;NaN;NaN;NaN;NaN;NaN;NaN;NaN;NaN;NaN;NaN;NaN;NaN;NaN;NaN;NaN;NaN;NaN;NaN;NaN;NaN;NaN;NaN;NaN;NaN;NaN;NaN;NaN;NaN;NaN;NaN;NaN;NaN;NaN;NaN;NaN;NaN;NaN;NaN;NaN;NaN;NaN;NaN;NaN;NaN;NaN;NaN;NaN;NaN;NaN;NaN;NaN;NaN;NaN;NaN;NaN;NaN;NaN;NaN;NaN;NaN;NaN;NaN;NaN;NaN;NaN;NaN;NaN;NaN;NaN;NaN;NaN;NaN;NaN;NaN;NaN;NaN;NaN
1.87443001369863;1.81019634246575;1.74404575342466;1.71481235616438;1.64860838356164;1.57697821917808;1.57894238356164;1.53553447945205;1.51767217808219;1.47340824657534;1.46495153424658;1.44998719178082;1.39333434246575;1.33742819178082;1.28237336986301;1.22807106849315;1.17480419178082;1.12266573972603;1.0714171369863;0.970713591780822;0.92148352739726;0.872769168493151;0.823678787671233;0.772775549315068;0.719142134246575;0.662670021917808;0.603138617808219;0.540686402739726;0.475587602739726;0.408304584931507;0.338715753424658;0.266378567123288;0.191847934246575;0.117439731506849;0.0446252769863014;NaN;NaN;NaN;NaN;NaN;NaN;NaN;NaN;NaN;NaN;NaN;NaN;NaN;NaN;NaN;NaN;NaN;NaN;NaN;NaN;NaN;NaN;NaN;NaN;NaN;NaN;NaN;NaN;NaN;NaN;NaN;NaN;NaN;NaN;NaN;NaN;NaN;NaN;NaN;NaN;NaN;NaN;NaN;NaN;NaN;NaN;NaN;NaN;NaN;NaN;NaN;NaN;NaN;NaN;NaN;NaN;NaN;NaN;NaN;NaN;NaN;NaN;NaN;NaN;NaN;NaN;NaN;NaN;NaN;NaN;NaN;NaN;NaN;NaN;NaN;NaN;NaN;NaN;NaN;NaN;NaN;NaN;NaN;NaN;NaN
1.88551521917808;1.82034576712329;1.75560702739726;1.71735221917808;1.65944331506849;1.5872151369863;1.58288828767123;1.54435231506849;1.51180283561644;1.47324093150685;1.45613702739726;1.45618971232877;1.39903554794521;1.34264360273973;1.28709602739726;1.23231765753425;1.17859668493151;1.12602153424658;1.07434994520548;0.972805387671233;0.923165817808219;0.874051704109589;0.824639408219178;0.773414747945205;0.719445147945206;0.66262884109589;0.602731989041096;0.539851753424658;0.474265212328767;0.406430505479452;0.336224146575342;0.26323554109589;0.188118479452055;0.11324435890411;0.0399515557534247;NaN;NaN;NaN;NaN;NaN;NaN;NaN;NaN;NaN;NaN;NaN;NaN;NaN;NaN;NaN;NaN;NaN;NaN;NaN;NaN;NaN;NaN;NaN;NaN;NaN;NaN;NaN;NaN;NaN;NaN;NaN;NaN;NaN;NaN;NaN;NaN;NaN;NaN;NaN;NaN;NaN;NaN;NaN;NaN;NaN;NaN;NaN;NaN;NaN;NaN;NaN;NaN;NaN;NaN;NaN;NaN;NaN;NaN;NaN;NaN;NaN;NaN;NaN;NaN;NaN;NaN;NaN;NaN;NaN;NaN;NaN;NaN;NaN;NaN;NaN;NaN;NaN;NaN;NaN;NaN;NaN;NaN;NaN;NaN;NaN
1.89596108219178;1.83103135616438;1.76783117808219;1.72399053424658;1.67031694520548;1.5974845890411;1.57475094520548;1.55319298630137;1.51299456164384;1.4697902739726;1.45249980821918;1.46241938356164;1.4047588630137;1.34788482191781;1.29183230136986;1.23657656164384;1.18240116438356;1.12938702739726;1.07729126027397;0.974893554794521;0.924843149315069;0.875336006849315;0.825591849315068;0.774034028767123;0.719733187671233;0.662574215068493;0.602309563013699;0.538998465753425;0.472920845205479;0.404529947945206;0.333701515068493;0.260059824657534;0.184364467123288;0.109025569863014;0.035249257260274;NaN;NaN;NaN;NaN;NaN;NaN;NaN;NaN;NaN;NaN;NaN;NaN;NaN;NaN;NaN;NaN;NaN;NaN;NaN;NaN;NaN;NaN;NaN;NaN;NaN;NaN;NaN;NaN;NaN;NaN;NaN;NaN;NaN;NaN;NaN;NaN;NaN;NaN;NaN;NaN;NaN;NaN;NaN;NaN;NaN;NaN;NaN;NaN;NaN;NaN;NaN;NaN;NaN;NaN;NaN;NaN;NaN;NaN;NaN;NaN;NaN;NaN;NaN;NaN;NaN;NaN;NaN;NaN;NaN;NaN;NaN;NaN;NaN;NaN;NaN;NaN;NaN;NaN;NaN;NaN;NaN;NaN;NaN;NaN;NaN
1.90945826027397;1.84138215068493;1.77546768493151;1.73065842465753;1.68123543835616;1.60779224657534;1.56630560273973;1.56206206849315;1.51443149315068;1.47740026027397;1.45945395890411;1.46864475342466;1.41048515068493;1.35312412328767;1.29656919178082;1.24083780821918;1.18620679452055;1.13275106849315;1.08022564383562;0.976975615068493;0.926513815068493;0.876608917808219;0.826531271232877;0.774638821917808;0.720003402739726;0.662502394520548;0.601873264383562;0.53812664109589;0.471554563013699;0.402603176712329;0.33114962739726;0.256856117808219;0.18058634109589;0.104785006849315;0.0305142405479452;NaN;NaN;NaN;NaN;NaN;NaN;NaN;NaN;NaN;NaN;NaN;NaN;NaN;NaN;NaN;NaN;NaN;NaN;NaN;NaN;NaN;NaN;NaN;NaN;NaN;NaN;NaN;NaN;NaN;NaN;NaN;NaN;NaN;NaN;NaN;NaN;NaN;NaN;NaN;NaN;NaN;NaN;NaN;NaN;NaN;NaN;NaN;NaN;NaN;NaN;NaN;NaN;NaN;NaN;NaN;NaN;NaN;NaN;NaN;NaN;NaN;NaN;NaN;NaN;NaN;NaN;NaN;NaN;NaN;NaN;NaN;NaN;NaN;NaN;NaN;NaN;NaN;NaN;NaN;NaN;NaN;NaN;NaN;NaN;NaN
1.92300150684932;1.85102561643836;1.78535393150685;1.73737249315068;1.69218080821918;1.61812810958904;1.57051630136986;1.57095535616438;1.51544579452055;1.48503193150685;1.46642680821918;1.46818101369863;1.41622028767123;1.35837052054795;1.30131206849315;1.2451047260274;1.19001908219178;1.13612395890411;1.0831612739726;0.979052842465753;0.928178328767123;0.877877297260274;0.827462997260274;0.775229879452055;0.720257364383562;0.662414861643836;0.601421494520548;0.537239056164383;0.47016734109589;0.400653195890411;0.328569684931507;0.253624102739726;0.176784179452055;0.100521084931507;0.0257483454794521;NaN;NaN;NaN;NaN;NaN;NaN;NaN;NaN;NaN;NaN;NaN;NaN;NaN;NaN;NaN;NaN;NaN;NaN;NaN;NaN;NaN;NaN;NaN;NaN;NaN;NaN;NaN;NaN;NaN;NaN;NaN;NaN;NaN;NaN;NaN;NaN;NaN;NaN;NaN;NaN;NaN;NaN;NaN;NaN;NaN;NaN;NaN;NaN;NaN;NaN;NaN;NaN;NaN;NaN;NaN;NaN;NaN;NaN;NaN;NaN;NaN;NaN;NaN;NaN;NaN;NaN;NaN;NaN;NaN;NaN;NaN;NaN;NaN;NaN;NaN;NaN;NaN;NaN;NaN;NaN;NaN;NaN;NaN;NaN;NaN
1.9365925890411;1.86399867123288;1.79528180821918;1.74173910958904;1.70316316438356;1.62849780821918;1.57453420547945;1.57537317808219;1.5101424109589;1.4926865890411;1.46324787671233;1.45991554794521;1.42197217808219;1.36362626027397;1.30606169863014;1.2493812739726;1.19383742465753;1.13949939726027;1.08609894520548;0.981125828767123;0.929840450684932;0.87914397260274;0.828389765753425;0.775805621917808;0.720497073972603;0.662312761643836;0.600951920547945;0.536331326027397;0.4687578;0.398673898630137;0.325956497260274;0.250360304109589;0.172961754794521;0.0962355716438356;0.0209486880821918;NaN;NaN;NaN;NaN;NaN;NaN;NaN;NaN;NaN;NaN;NaN;NaN;NaN;NaN;NaN;NaN;NaN;NaN;NaN;NaN;NaN;NaN;NaN;NaN;NaN;NaN;NaN;NaN;NaN;NaN;NaN;NaN;NaN;NaN;NaN;NaN;NaN;NaN;NaN;NaN;NaN;NaN;NaN;NaN;NaN;NaN;NaN;NaN;NaN;NaN;NaN;NaN;NaN;NaN;NaN;NaN;NaN;NaN;NaN;NaN;NaN;NaN;NaN;NaN;NaN;NaN;NaN;NaN;NaN;NaN;NaN;NaN;NaN;NaN;NaN;NaN;NaN;NaN;NaN;NaN;NaN;NaN;NaN;NaN;NaN
1.95022982191781;1.8770134109589;1.80302046575342;1.74166352054795;1.71417089041096;1.63890087671233;1.57769042465753;1.57398250684931;1.51850219178082;1.50035932876712;1.46243736986301;1.45426375342466;1.42772952054795;1.36888793150685;1.31081464383562;1.25366109589041;1.19766008219178;1.14287453424658;1.08903404109589;0.983194836986301;0.931496032876712;0.880402089041096;0.829301509589041;0.776369036986302;0.720719735616438;0.662194320547945;0.600466042465753;0.535403694520548;0.467326979452055;0.396670560273973;0.323314138356164;0.247069382191781;0.169118839726027;0.0919271368493151;0.0161151663013699;NaN;NaN;NaN;NaN;NaN;NaN;NaN;NaN;NaN;NaN;NaN;NaN;NaN;NaN;NaN;NaN;NaN;NaN;NaN;NaN;NaN;NaN;NaN;NaN;NaN;NaN;NaN;NaN;NaN;NaN;NaN;NaN;NaN;NaN;NaN;NaN;NaN;NaN;NaN;NaN;NaN;NaN;NaN;NaN;NaN;NaN;NaN;NaN;NaN;NaN;NaN;NaN;NaN;NaN;NaN;NaN;NaN;NaN;NaN;NaN;NaN;NaN;NaN;NaN;NaN;NaN;NaN;NaN;NaN;NaN;NaN;NaN;NaN;NaN;NaN;NaN;NaN;NaN;NaN;NaN;NaN;NaN;NaN;NaN;NaN
1.96391693150685;1.89007291780822;1.81525534246575;1.74621632876712;1.7252185890411;1.6493304109589;1.57794063013699;1.57621789041096;1.52687920547945;1.50805379452055;1.46293112328767;1.44927431506849;1.43350242465753;1.37415091780822;1.31557521917808;1.25794971232877;1.20148798630137;1.14625352054795;1.09196782191781;0.985256315068493;0.933148317808219;0.88165618630137;0.83020247260274;0.776919483561644;0.720927349315069;0.662060846575342;0.599960594520548;0.534456710958904;0.46587352739726;0.394641380821918;0.320641368493151;0.243749424657534;0.16525698630137;0.0875985231506849;0.0112452034246575;NaN;NaN;NaN;NaN;NaN;NaN;NaN;NaN;NaN;NaN;NaN;NaN;NaN;NaN;NaN;NaN;NaN;NaN;NaN;NaN;NaN;NaN;NaN;NaN;NaN;NaN;NaN;NaN;NaN;NaN;NaN;NaN;NaN;NaN;NaN;NaN;NaN;NaN;NaN;NaN;NaN;NaN;NaN;NaN;NaN;NaN;NaN;NaN;NaN;NaN;NaN;NaN;NaN;NaN;NaN;NaN;NaN;NaN;NaN;NaN;NaN;NaN;NaN;NaN;NaN;NaN;NaN;NaN;NaN;NaN;NaN;NaN;NaN;NaN;NaN;NaN;NaN;NaN;NaN;NaN;NaN;NaN;NaN;NaN;NaN
1.97555298630137;1.90318173972603;1.82773278082192;1.75532121917808;1.73192302739726;1.65977542465753;1.58277291780822;1.5793911369863;1.53528257534247;1.50764510958904;1.46302201369863;1.4402824109589;1.43929279452055;1.37942076712329;1.32034547945205;1.26224453424658;1.20532209589041;1.14963506849315;1.09490147945205;0.987316839726027;0.934795061643836;0.882906463013699;0.831093210958904;0.777456653424658;0.72112038630137;0.661911909589041;0.599439232876712;0.533491004109589;0.464397601369863;0.392585969863014;0.317937420547945;0.240400838356164;0.161370497260274;0.0832420342465753;0.00634461332876712;NaN;NaN;NaN;NaN;NaN;NaN;NaN;NaN;NaN;NaN;NaN;NaN;NaN;NaN;NaN;NaN;NaN;NaN;NaN;NaN;NaN;NaN;NaN;NaN;NaN;NaN;NaN;NaN;NaN;NaN;NaN;NaN;NaN;NaN;NaN;NaN;NaN;NaN;NaN;NaN;NaN;NaN;NaN;NaN;NaN;NaN;NaN;NaN;NaN;NaN;NaN;NaN;NaN;NaN;NaN;NaN;NaN;NaN;NaN;NaN;NaN;NaN;NaN;NaN;NaN;NaN;NaN;NaN;NaN;NaN;NaN;NaN;NaN;NaN;NaN;NaN;NaN;NaN;NaN;NaN;NaN;NaN;NaN;NaN;NaN
1.97990394520548;1.91633683561644;1.84025315068493;1.76276126027397;1.72910712328767;1.67025163013699;1.5926132739726;1.58191949315068;1.54370554794521;1.50587669863014;1.45588889041096;1.4361827260274;1.44508410958904;1.38469804109589;1.32512260273973;1.26654693150685;1.20916046575342;1.15301753424658;1.09783416438356;0.98937325890411;0.936437563013699;0.884150616438356;0.831975454794521;0.777984276712329;0.721302594520548;0.661748236986301;0.598901580821918;0.532509619178082;0.46290191369863;0.390503975342466;0.31520384109589;0.237025019178082;0.15746348630137;0.0788607615068493;0.00141104831506849;NaN;NaN;NaN;NaN;NaN;NaN;NaN;NaN;NaN;NaN;NaN;NaN;NaN;NaN;NaN;NaN;NaN;NaN;NaN;NaN;NaN;NaN;NaN;NaN;NaN;NaN;NaN;NaN;NaN;NaN;NaN;NaN;NaN;NaN;NaN;NaN;NaN;NaN;NaN;NaN;NaN;NaN;NaN;NaN;NaN;NaN;NaN;NaN;NaN;NaN;NaN;NaN;NaN;NaN;NaN;NaN;NaN;NaN;NaN;NaN;NaN;NaN;NaN;NaN;NaN;NaN;NaN;NaN;NaN;NaN;NaN;NaN;NaN;NaN;NaN;NaN;NaN;NaN;NaN;NaN;NaN;NaN;NaN;NaN;NaN
1.98849717808219;1.9295378630137;1.85281631506849;1.7746785890411;1.73266945205479;1.68077069863014;1.60248234246575;1.5731935890411;1.55215878082192;1.50740564383562;1.46243883561644;1.44271289041096;1.45088460273973;1.38997969863014;1.32990853424658;1.27085475342466;1.21300434246575;1.15640034246575;1.10076304109589;0.991423517808219;0.93807392739726;0.885388050684931;0.832845580821918;0.778497597260274;0.721469969863014;0.661567678082192;0.598345638356164;0.531509721917808;0.461388206849315;0.388395331506849;0.312440856164384;0.23362335890411;0.153535749315068;0.0744547764383562;NaN;NaN;NaN;NaN;NaN;NaN;NaN;NaN;NaN;NaN;NaN;NaN;NaN;NaN;NaN;NaN;NaN;NaN;NaN;NaN;NaN;NaN;NaN;NaN;NaN;NaN;NaN;NaN;NaN;NaN;NaN;NaN;NaN;NaN;NaN;NaN;NaN;NaN;NaN;NaN;NaN;NaN;NaN;NaN;NaN;NaN;NaN;NaN;NaN;NaN;NaN;NaN;NaN;NaN;NaN;NaN;NaN;NaN;NaN;NaN;NaN;NaN;NaN;NaN;NaN;NaN;NaN;NaN;NaN;NaN;NaN;NaN;NaN;NaN;NaN;NaN;NaN;NaN;NaN;NaN;NaN;NaN;NaN;NaN;NaN;NaN
1.99903482191781;1.94277967123288;1.86542463013699;1.78664079452055;1.73610721917808;1.69132057534247;1.61238276712329;1.56859567123288;1.56063691780822;1.50872310958904;1.46965089041096;1.44925546575343;1.45517783561644;1.39526149315069;1.33470980821918;1.27517061643836;1.21685360273973;1.15978530136986;1.10368704109589;0.99346982739726;0.939706531506849;0.886623782191781;0.833706965753425;0.778997893150685;0.721624926027397;0.661371605479452;0.597771890410959;0.530487335616438;0.45985141369863;0.386260150684931;0.309648342465753;0.230198331506849;0.149585790410959;0.0700216556164384;NaN;NaN;NaN;NaN;NaN;NaN;NaN;NaN;NaN;NaN;NaN;NaN;NaN;NaN;NaN;NaN;NaN;NaN;NaN;NaN;NaN;NaN;NaN;NaN;NaN;NaN;NaN;NaN;NaN;NaN;NaN;NaN;NaN;NaN;NaN;NaN;NaN;NaN;NaN;NaN;NaN;NaN;NaN;NaN;NaN;NaN;NaN;NaN;NaN;NaN;NaN;NaN;NaN;NaN;NaN;NaN;NaN;NaN;NaN;NaN;NaN;NaN;NaN;NaN;NaN;NaN;NaN;NaN;NaN;NaN;NaN;NaN;NaN;NaN;NaN;NaN;NaN;NaN;NaN;NaN;NaN;NaN;NaN;NaN;NaN;NaN
2.00857505479452;1.9560737260274;1.87807604109589;1.79864432876712;1.73684247945205;1.69861817808219;1.62229228767123;1.57224636986301;1.56913609589041;1.50797050684931;1.47688145205479;1.45581550684932;1.45140026027397;1.40055269863014;1.33952084931507;1.27949756164384;1.22070884931507;1.16316809589041;1.10661317808219;0.995524721917808;0.941338579452055;0.887852980821918;0.834556626027397;0.779494891780822;0.721769763013699;0.661159475342466;0.597181589041096;0.529447365753425;0.458292430136986;0.384096478082192;0.306823345205479;0.226744743835616;0.145615994520548;0.065555438630137;NaN;NaN;NaN;NaN;NaN;NaN;NaN;NaN;NaN;NaN;NaN;NaN;NaN;NaN;NaN;NaN;NaN;NaN;NaN;NaN;NaN;NaN;NaN;NaN;NaN;NaN;NaN;NaN;NaN;NaN;NaN;NaN;NaN;NaN;NaN;NaN;NaN;NaN;NaN;NaN;NaN;NaN;NaN;NaN;NaN;NaN;NaN;NaN;NaN;NaN;NaN;NaN;NaN;NaN;NaN;NaN;NaN;NaN;NaN;NaN;NaN;NaN;NaN;NaN;NaN;NaN;NaN;NaN;NaN;NaN;NaN;NaN;NaN;NaN;NaN;NaN;NaN;NaN;NaN;NaN;NaN;NaN;NaN;NaN;NaN;NaN
2.01712323287671;1.96940805479452;1.89076957534247;1.8106871369863;1.74314269863014;1.70616995890411;1.63224398630137;1.57453450684932;1.57765921917808;1.50400612328767;1.48412690410959;1.45258378082192;1.44250276712329;1.40585854794521;1.34434428767123;1.28382982191781;1.22456409589041;1.16655520547945;1.10954436986301;0.997571528767123;0.942969353424658;0.889075420547945;0.835399389041096;0.779973501369863;0.72189968630137;0.660931157534247;0.596575657534247;0.528389112328767;0.456712567123288;0.381905139726027;0.303970830136986;0.223264978082192;0.141625635616438;0.0610555378082192;NaN;NaN;NaN;NaN;NaN;NaN;NaN;NaN;NaN;NaN;NaN;NaN;NaN;NaN;NaN;NaN;NaN;NaN;NaN;NaN;NaN;NaN;NaN;NaN;NaN;NaN;NaN;NaN;NaN;NaN;NaN;NaN;NaN;NaN;NaN;NaN;NaN;NaN;NaN;NaN;NaN;NaN;NaN;NaN;NaN;NaN;NaN;NaN;NaN;NaN;NaN;NaN;NaN;NaN;NaN;NaN;NaN;NaN;NaN;NaN;NaN;NaN;NaN;NaN;NaN;NaN;NaN;NaN;NaN;NaN;NaN;NaN;NaN;NaN;NaN;NaN;NaN;NaN;NaN;NaN;NaN;NaN;NaN;NaN;NaN;NaN
2.02718919178082;1.9827892739726;1.90351020547945;1.82277249315068;1.74641050684931;1.71419249315069;1.64222298630137;1.57848009589041;1.57211968493151;1.51197506849315;1.49138978082192;1.45068642465753;1.43628906849315;1.41117016438356;1.34917491780822;1.28817132876712;1.22842382191781;1.16994254794521;1.11246875342466;0.999612591780822;0.944593621917808;0.890289353424657;0.836229378082192;0.780442867123288;0.722017263013699;0.660687550684931;0.595951664383562;0.527311752054795;0.455110369863014;0.379687624657534;0.301090054794521;0.219764273972603;0.13761388630137;0.0565296046575343;NaN;NaN;NaN;NaN;NaN;NaN;NaN;NaN;NaN;NaN;NaN;NaN;NaN;NaN;NaN;NaN;NaN;NaN;NaN;NaN;NaN;NaN;NaN;NaN;NaN;NaN;NaN;NaN;NaN;NaN;NaN;NaN;NaN;NaN;NaN;NaN;NaN;NaN;NaN;NaN;NaN;NaN;NaN;NaN;NaN;NaN;NaN;NaN;NaN;NaN;NaN;NaN;NaN;NaN;NaN;NaN;NaN;NaN;NaN;NaN;NaN;NaN;NaN;NaN;NaN;NaN;NaN;NaN;NaN;NaN;NaN;NaN;NaN;NaN;NaN;NaN;NaN;NaN;NaN;NaN;NaN;NaN;NaN;NaN;NaN;NaN
2.03099298630137;1.99621632876712;1.91629557534247;1.83489126027397;1.75192352054795;1.72187649315068;1.65224119178082;1.57943701369863;1.57425112328767;1.51996501369863;1.49866761643836;1.45055079452055;1.42819045205479;1.41649204109589;1.3540252739726;1.29252106849315;1.23228939726027;1.17333184931507;1.11539528767123;1.00165006849315;0.94621132739726;0.891496252054794;0.83704882739726;0.780899387671233;0.722122923287671;0.660427882191781;0.59530988630137;0.526217234246575;0.453486553424658;0.377443871232877;0.298180420547945;0.216239446575342;0.133580494520548;0.05197662;NaN;NaN;NaN;NaN;NaN;NaN;NaN;NaN;NaN;NaN;NaN;NaN;NaN;NaN;NaN;NaN;NaN;NaN;NaN;NaN;NaN;NaN;NaN;NaN;NaN;NaN;NaN;NaN;NaN;NaN;NaN;NaN;NaN;NaN;NaN;NaN;NaN;NaN;NaN;NaN;NaN;NaN;NaN;NaN;NaN;NaN;NaN;NaN;NaN;NaN;NaN;NaN;NaN;NaN;NaN;NaN;NaN;NaN;NaN;NaN;NaN;NaN;NaN;NaN;NaN;NaN;NaN;NaN;NaN;NaN;NaN;NaN;NaN;NaN;NaN;NaN;NaN;NaN;NaN;NaN;NaN;NaN;NaN;NaN;NaN;NaN
2.04349515068493;2.00969417808219;1.92911919178082;1.84704920547945;1.76340516438356;1.72856679452055;1.65772906849315;1.58042952054795;1.57663628767123;1.52795973972603;1.50596554794521;1.4497764109589;1.42375363013699;1.42182502739726;1.35886969863014;1.29687432876712;1.23615731506849;1.1767192739726;1.11831797260274;1.0036875890411;0.947824806849315;0.892696123287671;0.837859102739726;0.781346023287671;0.722216397260274;0.660154595890411;0.594650771232877;0.525106797260274;0.451842519178082;0.375172390410959;0.295243234246575;0.212691587671233;0.129525352054795;0.0473970680821918;NaN;NaN;NaN;NaN;NaN;NaN;NaN;NaN;NaN;NaN;NaN;NaN;NaN;NaN;NaN;NaN;NaN;NaN;NaN;NaN;NaN;NaN;NaN;NaN;NaN;NaN;NaN;NaN;NaN;NaN;NaN;NaN;NaN;NaN;NaN;NaN;NaN;NaN;NaN;NaN;NaN;NaN;NaN;NaN;NaN;NaN;NaN;NaN;NaN;NaN;NaN;NaN;NaN;NaN;NaN;NaN;NaN;NaN;NaN;NaN;NaN;NaN;NaN;NaN;NaN;NaN;NaN;NaN;NaN;NaN;NaN;NaN;NaN;NaN;NaN;NaN;NaN;NaN;NaN;NaN;NaN;NaN;NaN;NaN;NaN;NaN
2.05773334246575;2.01716347945205;1.94198595890411;1.85924560273973;1.77492139726027;1.73051702739726;1.66488026027397;1.58985898630137;1.57881224657534;1.53597365753425;1.499433;1.44244634246575;1.41978306849315;1.42718173972603;1.36372295890411;1.30123921917808;1.24002876712329;1.18010780821918;1.12124426027397;1.00572210958904;0.949435512328767;0.893896680821918;0.838659804109589;0.781782542465754;0.722297217808219;0.659865698630137;0.593974235616439;0.523977567123288;0.450174760273973;0.372875026027397;0.292277554794521;0.209122579452055;0.125448720547945;0.0427913339726027;NaN;NaN;NaN;NaN;NaN;NaN;NaN;NaN;NaN;NaN;NaN;NaN;NaN;NaN;NaN;NaN;NaN;NaN;NaN;NaN;NaN;NaN;NaN;NaN;NaN;NaN;NaN;NaN;NaN;NaN;NaN;NaN;NaN;NaN;NaN;NaN;NaN;NaN;NaN;NaN;NaN;NaN;NaN;NaN;NaN;NaN;NaN;NaN;NaN;NaN;NaN;NaN;NaN;NaN;NaN;NaN;NaN;NaN;NaN;NaN;NaN;NaN;NaN;NaN;NaN;NaN;NaN;NaN;NaN;NaN;NaN;NaN;NaN;NaN;NaN;NaN;NaN;NaN;NaN;NaN;NaN;NaN;NaN;NaN;NaN;NaN
2.07201783561644;2.02404654794521;1.95490026027397;1.87148271232877;1.78647350684932;1.73454510958904;1.67227990410959;1.59932357534247;1.57894345205479;1.54401876712329;1.49866489041096;1.44786676712329;1.42584997260274;1.43254298630137;1.36858479452055;1.30560843835616;1.24390152054795;1.18349775342466;1.12417283561644;1.00775401369863;0.951040917808219;0.895084506849315;0.839459326027397;0.782208754794521;0.722364449315068;0.659561546575343;0.593281584931507;0.522830208219178;0.448482363013699;0.370547547945205;0.289283283561644;0.205534771232877;0.121348393150685;0.0381545412328767;NaN;NaN;NaN;NaN;NaN;NaN;NaN;NaN;NaN;NaN;NaN;NaN;NaN;NaN;NaN;NaN;NaN;NaN;NaN;NaN;NaN;NaN;NaN;NaN;NaN;NaN;NaN;NaN;NaN;NaN;NaN;NaN;NaN;NaN;NaN;NaN;NaN;NaN;NaN;NaN;NaN;NaN;NaN;NaN;NaN;NaN;NaN;NaN;NaN;NaN;NaN;NaN;NaN;NaN;NaN;NaN;NaN;NaN;NaN;NaN;NaN;NaN;NaN;NaN;NaN;NaN;NaN;NaN;NaN;NaN;NaN;NaN;NaN;NaN;NaN;NaN;NaN;NaN;NaN;NaN;NaN;NaN;NaN;NaN;NaN;NaN
2.08635568493151;2.03205743835616;1.96785856164384;1.88375846575342;1.79805782191781;1.73951004109589;1.67902610958904;1.60881695890411;1.57262782191781;1.55209171232877;1.49935063013699;1.4546245890411;1.43192846575342;1.43791804109589;1.37345687671233;1.30998420547945;1.24778028767123;1.186889;1.12709706849315;1.00978506849315;0.952644130136986;0.896264769863014;0.840246478082192;0.78262337260274;0.722417541095891;0.659242649315068;0.592573293150685;0.521664180821918;0.446765260273973;0.368191723287671;0.286262853424658;0.201924442465753;0.117226895890411;0.0334898706849315;NaN;NaN;NaN;NaN;NaN;NaN;NaN;NaN;NaN;NaN;NaN;NaN;NaN;NaN;NaN;NaN;NaN;NaN;NaN;NaN;NaN;NaN;NaN;NaN;NaN;NaN;NaN;NaN;NaN;NaN;NaN;NaN;NaN;NaN;NaN;NaN;NaN;NaN;NaN;NaN;NaN;NaN;NaN;NaN;NaN;NaN;NaN;NaN;NaN;NaN;NaN;NaN;NaN;NaN;NaN;NaN;NaN;NaN;NaN;NaN;NaN;NaN;NaN;NaN;NaN;NaN;NaN;NaN;NaN;NaN;NaN;NaN;NaN;NaN;NaN;NaN;NaN;NaN;NaN;NaN;NaN;NaN;NaN;NaN;NaN;NaN
2.10074123287671;2.04120068493151;1.98086043835616;1.8960741369863;1.80967469863014;1.74497163013699;1.68586890410959;1.61330601369863;1.57206019178082;1.56018189041096;1.49935004109589;1.46139756164384;1.43801975342466;1.43218368493151;1.3783275890411;1.31437045205479;1.25166197260274;1.19028090410959;1.13002183561644;1.01181623287671;0.95424298630137;0.897439295890411;0.84102538630137;0.78302465890411;0.722456867123288;0.65890738630137;0.59184817260274;0.520480512328767;0.445024857534247;0.365810963013699;0.28321624109589;0.198293287671233;0.113083167123288;0.0288005745205479;NaN;NaN;NaN;NaN;NaN;NaN;NaN;NaN;NaN;NaN;NaN;NaN;NaN;NaN;NaN;NaN;NaN;NaN;NaN;NaN;NaN;NaN;NaN;NaN;NaN;NaN;NaN;NaN;NaN;NaN;NaN;NaN;NaN;NaN;NaN;NaN;NaN;NaN;NaN;NaN;NaN;NaN;NaN;NaN;NaN;NaN;NaN;NaN;NaN;NaN;NaN;NaN;NaN;NaN;NaN;NaN;NaN;NaN;NaN;NaN;NaN;NaN;NaN;NaN;NaN;NaN;NaN;NaN;NaN;NaN;NaN;NaN;NaN;NaN;NaN;NaN;NaN;NaN;NaN;NaN;NaN;NaN;NaN;NaN;NaN;NaN
2.11517620547945;2.05082605479452;1.99390179452055;1.90842498630137;1.82132631506849;1.75092769863014;1.69607354794521;1.61949536986301;1.57392290410959;1.56828526027397;1.49264589041096;1.46818004109589;1.44411715068493;1.42843867123288;1.38320089041096;1.31876138356164;1.25554231506849;1.19367376712329;1.13294338356164;1.01384104109589;0.955833882191781;0.898604501369863;0.84179614520548;0.783414905479452;0.722483334246575;0.65855838630137;0.591107535616438;0.519279005479452;0.443261264383562;0.363406143835616;0.280145447945205;0.194642242465753;0.108917206849315;0.0240870031506849;NaN;NaN;NaN;NaN;NaN;NaN;NaN;NaN;NaN;NaN;NaN;NaN;NaN;NaN;NaN;NaN;NaN;NaN;NaN;NaN;NaN;NaN;NaN;NaN;NaN;NaN;NaN;NaN;NaN;NaN;NaN;NaN;NaN;NaN;NaN;NaN;NaN;NaN;NaN;NaN;NaN;NaN;NaN;NaN;NaN;NaN;NaN;NaN;NaN;NaN;NaN;NaN;NaN;NaN;NaN;NaN;NaN;NaN;NaN;NaN;NaN;NaN;NaN;NaN;NaN;NaN;NaN;NaN;NaN;NaN;NaN;NaN;NaN;NaN;NaN;NaN;NaN;NaN;NaN;NaN;NaN;NaN;NaN;NaN;NaN;NaN
2.12965998630137;2.06050478082192;2.00698182191781;1.92081556164384;1.83301156164384;1.75646723287671;1.70631275342466;1.62621494520548;1.57677845205479;1.57640921917808;1.49799290410959;1.47497610958904;1.43854401369863;1.4193455890411;1.38808728767123;1.32315624657534;1.25942828767123;1.1970675890411;1.13586820547945;1.0158668630137;0.9574223;0.899758301369863;0.842554420547945;0.783795542465753;0.722495493150685;0.658192673972603;0.590350501369863;0.518057753424658;0.441474812328767;0.360968671232877;0.277054389041096;0.190970376712329;0.104727524657534;0.0193439631506849;NaN;NaN;NaN;NaN;NaN;NaN;NaN;NaN;NaN;NaN;NaN;NaN;NaN;NaN;NaN;NaN;NaN;NaN;NaN;NaN;NaN;NaN;NaN;NaN;NaN;NaN;NaN;NaN;NaN;NaN;NaN;NaN;NaN;NaN;NaN;NaN;NaN;NaN;NaN;NaN;NaN;NaN;NaN;NaN;NaN;NaN;NaN;NaN;NaN;NaN;NaN;NaN;NaN;NaN;NaN;NaN;NaN;NaN;NaN;NaN;NaN;NaN;NaN;NaN;NaN;NaN;NaN;NaN;NaN;NaN;NaN;NaN;NaN;NaN;NaN;NaN;NaN;NaN;NaN;NaN;NaN;NaN;NaN;NaN;NaN;NaN
2.1441947260274;2.06872224657534;2.02010717808219;1.93324468493151;1.84474164383562;1.75525056164384;1.71658442465753;1.63202898630137;1.57967164383562;1.57170294520548;1.50551790410959;1.48178923287671;1.43637975342466;1.41088210958904;1.39298276712329;1.32755483561644;1.26331204109589;1.20046543835616;1.13879642465753;1.01788904109589;0.959005036986301;0.900903495890411;0.843301553424657;0.784167179452055;0.722495521917808;0.65781437260274;0.589578516438356;0.516818087671233;0.439664994520548;0.358504680821918;0.273937404109589;0.187278194520548;0.100510976712329;0.0145734056164384;NaN;NaN;NaN;NaN;NaN;NaN;NaN;NaN;NaN;NaN;NaN;NaN;NaN;NaN;NaN;NaN;NaN;NaN;NaN;NaN;NaN;NaN;NaN;NaN;NaN;NaN;NaN;NaN;NaN;NaN;NaN;NaN;NaN;NaN;NaN;NaN;NaN;NaN;NaN;NaN;NaN;NaN;NaN;NaN;NaN;NaN;NaN;NaN;NaN;NaN;NaN;NaN;NaN;NaN;NaN;NaN;NaN;NaN;NaN;NaN;NaN;NaN;NaN;NaN;NaN;NaN;NaN;NaN;NaN;NaN;NaN;NaN;NaN;NaN;NaN;NaN;NaN;NaN;NaN;NaN;NaN;NaN;NaN;NaN;NaN;NaN
2.15878047945205;2.07200719178082;2.0332737260274;1.94571220547945;1.8564985890411;1.76632645205479;1.72688420547945;1.63828739726027;1.57640450684932;1.57203271232877;1.51306746575342;1.48861687671233;1.43557590410959;1.40546650684932;1.39788930136986;1.33196164383562;1.26720034246575;1.20386402739726;1.1417235890411;1.019911;0.960588936986301;0.90204312739726;0.844040138356164;0.784527679452055;0.722481243835617;0.657421643835617;0.588790283561644;0.51555891369863;0.43782997260274;0.356012897260274;0.270797746575342;0.183566667123288;0.0962722847945205;0.00977986034246575;NaN;NaN;NaN;NaN;NaN;NaN;NaN;NaN;NaN;NaN;NaN;NaN;NaN;NaN;NaN;NaN;NaN;NaN;NaN;NaN;NaN;NaN;NaN;NaN;NaN;NaN;NaN;NaN;NaN;NaN;NaN;NaN;NaN;NaN;NaN;NaN;NaN;NaN;NaN;NaN;NaN;NaN;NaN;NaN;NaN;NaN;NaN;NaN;NaN;NaN;NaN;NaN;NaN;NaN;NaN;NaN;NaN;NaN;NaN;NaN;NaN;NaN;NaN;NaN;NaN;NaN;NaN;NaN;NaN;NaN;NaN;NaN;NaN;NaN;NaN;NaN;NaN;NaN;NaN;NaN;NaN;NaN;NaN;NaN;NaN;NaN
2.17341438356164;2.08596402739726;2.04648615068493;1.95822190410959;1.86830654794521;1.77742297260274;1.73722775342466;1.64795701369863;1.5710538630137;1.57333404109589;1.52063556164384;1.49545502739726;1.4350291369863;1.40331091780822;1.40280565753425;1.33637489041096;1.27109565753425;1.20726761643836;1.14465595890411;1.02193109589041;0.962169971232877;0.90318001369863;0.844769483561644;0.784879906849315;0.72245515479452;0.65701277260274;0.587989636986301;0.51428014109589;0.435969497260274;0.353494112328767;0.267633416438356;0.179831056164384;0.092004361369863;0.00495496002739726;NaN;NaN;NaN;NaN;NaN;NaN;NaN;NaN;NaN;NaN;NaN;NaN;NaN;NaN;NaN;NaN;NaN;NaN;NaN;NaN;NaN;NaN;NaN;NaN;NaN;NaN;NaN;NaN;NaN;NaN;NaN;NaN;NaN;NaN;NaN;NaN;NaN;NaN;NaN;NaN;NaN;NaN;NaN;NaN;NaN;NaN;NaN;NaN;NaN;NaN;NaN;NaN;NaN;NaN;NaN;NaN;NaN;NaN;NaN;NaN;NaN;NaN;NaN;NaN;NaN;NaN;NaN;NaN;NaN;NaN;NaN;NaN;NaN;NaN;NaN;NaN;NaN;NaN;NaN;NaN;NaN;NaN;NaN;NaN;NaN;NaN
2.18809442465753;2.09995936986301;2.05973519178082;1.97076579452055;1.88014409589041;1.7885478630137;1.74757564383562;1.657654;1.57714505479452;1.57561147945206;1.52820194520548;1.49367928767123;1.42567217808219;1.40173415068493;1.40772201369863;1.34078004109589;1.27498535616438;1.21066757534247;1.14758132876712;1.02394432876712;0.963737808219178;0.904307473972603;0.845490290410959;0.785219687671233;0.722412973972603;0.656589290410959;0.587172332876712;0.512983243835616;0.434086;0.350951246575342;0.264450643835616;0.176080489041096;0.0877130238356165;0.000105478964383562;NaN;NaN;NaN;NaN;NaN;NaN;NaN;NaN;NaN;NaN;NaN;NaN;NaN;NaN;NaN;NaN;NaN;NaN;NaN;NaN;NaN;NaN;NaN;NaN;NaN;NaN;NaN;NaN;NaN;NaN;NaN;NaN;NaN;NaN;NaN;NaN;NaN;NaN;NaN;NaN;NaN;NaN;NaN;NaN;NaN;NaN;NaN;NaN;NaN;NaN;NaN;NaN;NaN;NaN;NaN;NaN;NaN;NaN;NaN;NaN;NaN;NaN;NaN;NaN;NaN;NaN;NaN;NaN;NaN;NaN;NaN;NaN;NaN;NaN;NaN;NaN;NaN;NaN;NaN;NaN;NaN;NaN;NaN;NaN;NaN;NaN
2.20282738356164;2.11400665753425;2.0643504109589;1.98335493150685;1.89202269863014;1.79971084931507;1.74771069863014;1.66738056164384;1.58252160273973;1.57601990410959;1.53580079452055;1.49021338356164;1.43197182191781;1.40736710958904;1.41266484931507;1.34519394520548;1.27888505479452;1.21407676712329;1.15051579452055;1.02596105479452;0.965305304109589;0.905431505479452;0.846205342465753;0.785551763013699;0.722359115068493;0.656154452054795;0.586339490410959;0.51166468630137;0.432176223287671;0.34838318630137;0.261242932876712;0.172305246575342;0.0833960820547945;NaN;NaN;NaN;NaN;NaN;NaN;NaN;NaN;NaN;NaN;NaN;NaN;NaN;NaN;NaN;NaN;NaN;NaN;NaN;NaN;NaN;NaN;NaN;NaN;NaN;NaN;NaN;NaN;NaN;NaN;NaN;NaN;NaN;NaN;NaN;NaN;NaN;NaN;NaN;NaN;NaN;NaN;NaN;NaN;NaN;NaN;NaN;NaN;NaN;NaN;NaN;NaN;NaN;NaN;NaN;NaN;NaN;NaN;NaN;NaN;NaN;NaN;NaN;NaN;NaN;NaN;NaN;NaN;NaN;NaN;NaN;NaN;NaN;NaN;NaN;NaN;NaN;NaN;NaN;NaN;NaN;NaN;NaN;NaN;NaN;NaN;NaN
2.21760909589041;2.12809835616438;2.0712402739726;1.99597920547945;1.90393656164384;1.81091069863014;1.75115328767123;1.67712867123288;1.58652552054795;1.57359369863014;1.54341415068493;1.48972938356164;1.43827836986301;1.4130095890411;1.41308054794521;1.3496107260274;1.28278261643836;1.21748661643836;1.15344708219178;1.02796926027397;0.966865846575342;0.906547738356164;0.846911356164384;0.785870065753425;0.722291331506849;0.655704404109589;0.585489753424658;0.510326732876712;0.430241228767123;0.345791365753425;0.258017543835616;0.168510093150685;0.0790564471232877;NaN;NaN;NaN;NaN;NaN;NaN;NaN;NaN;NaN;NaN;NaN;NaN;NaN;NaN;NaN;NaN;NaN;NaN;NaN;NaN;NaN;NaN;NaN;NaN;NaN;NaN;NaN;NaN;NaN;NaN;NaN;NaN;NaN;NaN;NaN;NaN;NaN;NaN;NaN;NaN;NaN;NaN;NaN;NaN;NaN;NaN;NaN;NaN;NaN;NaN;NaN;NaN;NaN;NaN;NaN;NaN;NaN;NaN;NaN;NaN;NaN;NaN;NaN;NaN;NaN;NaN;NaN;NaN;NaN;NaN;NaN;NaN;NaN;NaN;NaN;NaN;NaN;NaN;NaN;NaN;NaN;NaN;NaN;NaN;NaN;NaN;NaN
2.2324382739726;2.14223097260274;2.07928657534247;2.00864523287671;1.91589747945206;1.82214398630137;1.75603230136986;1.68689760273973;1.59564073972603;1.57661408219178;1.55106410958904;1.48951882191781;1.44459946575342;1.41866476712329;1.40995179452055;1.35403846575342;1.28668383561644;1.22089932876712;1.15637773972603;1.02997773972603;0.968418549315069;0.907657820547945;0.847609161643835;0.786175084931507;0.722210212328767;0.655239787671233;0.584625139726027;0.508968602739726;0.428281198630137;0.343175261643836;0.254770754794521;0.164693542465753;0.0746919871232877;NaN;NaN;NaN;NaN;NaN;NaN;NaN;NaN;NaN;NaN;NaN;NaN;NaN;NaN;NaN;NaN;NaN;NaN;NaN;NaN;NaN;NaN;NaN;NaN;NaN;NaN;NaN;NaN;NaN;NaN;NaN;NaN;NaN;NaN;NaN;NaN;NaN;NaN;NaN;NaN;NaN;NaN;NaN;NaN;NaN;NaN;NaN;NaN;NaN;NaN;NaN;NaN;NaN;NaN;NaN;NaN;NaN;NaN;NaN;NaN;NaN;NaN;NaN;NaN;NaN;NaN;NaN;NaN;NaN;NaN;NaN;NaN;NaN;NaN;NaN;NaN;NaN;NaN;NaN;NaN;NaN;NaN;NaN;NaN;NaN;NaN;NaN
2.24732187671233;2.15641878082192;2.08872284931507;2.02136146575342;1.92790098630137;1.83341531506849;1.76142005479452;1.69669445205479;1.60479046575342;1.56949191780822;1.55872780821918;1.48859253424658;1.45093560273973;1.42433115068493;1.40975793150685;1.35845594520548;1.29060135616438;1.22431768493151;1.15931160273973;1.0319822739726;0.96996365890411;0.908767935616438;0.84829914109589;0.7864716;0.72211322739726;0.654760205479452;0.583742173972603;0.507588464383562;0.426295309589041;0.340533210958904;0.251494068493151;0.160852480821918;0.0703016631506849;NaN;NaN;NaN;NaN;NaN;NaN;NaN;NaN;NaN;NaN;NaN;NaN;NaN;NaN;NaN;NaN;NaN;NaN;NaN;NaN;NaN;NaN;NaN;NaN;NaN;NaN;NaN;NaN;NaN;NaN;NaN;NaN;NaN;NaN;NaN;NaN;NaN;NaN;NaN;NaN;NaN;NaN;NaN;NaN;NaN;NaN;NaN;NaN;NaN;NaN;NaN;NaN;NaN;NaN;NaN;NaN;NaN;NaN;NaN;NaN;NaN;NaN;NaN;NaN;NaN;NaN;NaN;NaN;NaN;NaN;NaN;NaN;NaN;NaN;NaN;NaN;NaN;NaN;NaN;NaN;NaN;NaN;NaN;NaN;NaN;NaN;NaN
2.262253;2.17064763013699;2.09753094520548;2.03412053424658;1.9399352739726;1.84472584931507;1.76661998630137;1.70653405479452;1.61396591780822;1.56647505479452;1.5664062739726;1.48300595890411;1.45728812328767;1.43001028767123;1.40135809589041;1.3628811369863;1.29452739726027;1.22773990410959;1.16225102739726;1.03398467123288;0.971503609589041;0.909868434246575;0.848981898630137;0.786756856164384;0.722005830136986;0.654268069863014;0.582844076712329;0.50618795890411;0.424286132876712;0.337868576712329;0.248201532876712;0.1569949;0.0658878210958904;NaN;NaN;NaN;NaN;NaN;NaN;NaN;NaN;NaN;NaN;NaN;NaN;NaN;NaN;NaN;NaN;NaN;NaN;NaN;NaN;NaN;NaN;NaN;NaN;NaN;NaN;NaN;NaN;NaN;NaN;NaN;NaN;NaN;NaN;NaN;NaN;NaN;NaN;NaN;NaN;NaN;NaN;NaN;NaN;NaN;NaN;NaN;NaN;NaN;NaN;NaN;NaN;NaN;NaN;NaN;NaN;NaN;NaN;NaN;NaN;NaN;NaN;NaN;NaN;NaN;NaN;NaN;NaN;NaN;NaN;NaN;NaN;NaN;NaN;NaN;NaN;NaN;NaN;NaN;NaN;NaN;NaN;NaN;NaN;NaN;NaN;NaN
2.27722749315069;2.18492283561644;2.10682935616438;2.04691132876712;1.9520051369863;1.85607221917808;1.7706765890411;1.71638932876712;1.6231652739726;1.56472453424658;1.57410269863014;1.49008360273973;1.46365256164384;1.42362194520548;1.38801020547945;1.36730904109589;1.29845217808219;1.23116319178082;1.16519097260274;1.03598543835616;0.973036210958904;0.910960649315068;0.849658306849315;0.787028860273973;0.721886935616438;0.653761089041096;0.581931942465754;0.504767960273973;0.422252636986301;0.335181945205479;0.244890180821918;0.153118336986301;0.0614536263013699;NaN;NaN;NaN;NaN;NaN;NaN;NaN;NaN;NaN;NaN;NaN;NaN;NaN;NaN;NaN;NaN;NaN;NaN;NaN;NaN;NaN;NaN;NaN;NaN;NaN;NaN;NaN;NaN;NaN;NaN;NaN;NaN;NaN;NaN;NaN;NaN;NaN;NaN;NaN;NaN;NaN;NaN;NaN;NaN;NaN;NaN;NaN;NaN;NaN;NaN;NaN;NaN;NaN;NaN;NaN;NaN;NaN;NaN;NaN;NaN;NaN;NaN;NaN;NaN;NaN;NaN;NaN;NaN;NaN;NaN;NaN;NaN;NaN;NaN;NaN;NaN;NaN;NaN;NaN;NaN;NaN;NaN;NaN;NaN;NaN;NaN;NaN
2.2922605890411;2.19924795890411;2.11349645205479;2.05973935616438;1.96411295890411;1.86745990410959;1.77008315068493;1.72628561643836;1.63238257534247;1.56209624657534;1.57125853424658;1.49717379452055;1.47002919178082;1.42074301369863;1.38520339726027;1.37174169863014;1.30238084931507;1.23459005479452;1.16813263013699;1.03797998630137;0.974565332876712;0.912047168493151;0.850322735616438;0.78729017260274;0.721752697260274;0.653240493150685;0.580998689041096;0.503327693150685;0.420195134246575;0.332472242465753;0.241556626027397;0.149218526027397;0.0570043409589041;NaN;NaN;NaN;NaN;NaN;NaN;NaN;NaN;NaN;NaN;NaN;NaN;NaN;NaN;NaN;NaN;NaN;NaN;NaN;NaN;NaN;NaN;NaN;NaN;NaN;NaN;NaN;NaN;NaN;NaN;NaN;NaN;NaN;NaN;NaN;NaN;NaN;NaN;NaN;NaN;NaN;NaN;NaN;NaN;NaN;NaN;NaN;NaN;NaN;NaN;NaN;NaN;NaN;NaN;NaN;NaN;NaN;NaN;NaN;NaN;NaN;NaN;NaN;NaN;NaN;NaN;NaN;NaN;NaN;NaN;NaN;NaN;NaN;NaN;NaN;NaN;NaN;NaN;NaN;NaN;NaN;NaN;NaN;NaN;NaN;NaN;NaN
2.30734743835616;2.21362064383562;2.11865049315068;2.07260952054795;1.97626506849315;1.87889284931507;1.78078767123288;1.73621697260274;1.64162947945205;1.56439;1.57017231506849;1.504285;1.47642520547945;1.41929421917808;1.38404682191781;1.37618956164384;1.30632247945205;1.23802260273973;1.17107730136986;1.03997590410959;0.976091635616439;0.913131441095891;0.850981520547945;0.787542760273973;0.721608316438356;0.652709795890411;0.580045589041096;0.501864515068493;0.418112147945205;0.329738108219178;0.23820212739726;0.145296220547945;0.0525276978082192;NaN;NaN;NaN;NaN;NaN;NaN;NaN;NaN;NaN;NaN;NaN;NaN;NaN;NaN;NaN;NaN;NaN;NaN;NaN;NaN;NaN;NaN;NaN;NaN;NaN;NaN;NaN;NaN;NaN;NaN;NaN;NaN;NaN;NaN;NaN;NaN;NaN;NaN;NaN;NaN;NaN;NaN;NaN;NaN;NaN;NaN;NaN;NaN;NaN;NaN;NaN;NaN;NaN;NaN;NaN;NaN;NaN;NaN;NaN;NaN;NaN;NaN;NaN;NaN;NaN;NaN;NaN;NaN;NaN;NaN;NaN;NaN;NaN;NaN;NaN;NaN;NaN;NaN;NaN;NaN;NaN;NaN;NaN;NaN;NaN;NaN;NaN
2.322478;2.22803617808219;2.13234563013699;2.08551942465753;1.9884475890411;1.89035842465753;1.79152542465753;1.74618805479452;1.65090116438356;1.56245963013699;1.56477183561644;1.51141320547945;1.482827;1.41762297260274;1.37624071232877;1.38063624657534;1.31025252054795;1.24146080821918;1.17403419178082;1.04196750684932;0.977615782191781;0.914206832876712;0.851631501369863;0.787783793150685;0.721452073972603;0.65216604109589;0.579077132876712;0.500379932876712;0.41600584109589;0.326982146575343;0.23483102739726;0.141351321917808;0.0480261426027397;NaN;NaN;NaN;NaN;NaN;NaN;NaN;NaN;NaN;NaN;NaN;NaN;NaN;NaN;NaN;NaN;NaN;NaN;NaN;NaN;NaN;NaN;NaN;NaN;NaN;NaN;NaN;NaN;NaN;NaN;NaN;NaN;NaN;NaN;NaN;NaN;NaN;NaN;NaN;NaN;NaN;NaN;NaN;NaN;NaN;NaN;NaN;NaN;NaN;NaN;NaN;NaN;NaN;NaN;NaN;NaN;NaN;NaN;NaN;NaN;NaN;NaN;NaN;NaN;NaN;NaN;NaN;NaN;NaN;NaN;NaN;NaN;NaN;NaN;NaN;NaN;NaN;NaN;NaN;NaN;NaN;NaN;NaN;NaN;NaN;NaN;NaN
2.33765263013699;2.24249450684931;2.14607819178082;2.09846163013699;2.00066108219178;1.90185269863014;1.80228945205479;1.75618482191781;1.66019930136986;1.56506546575342;1.56216080821918;1.51854746575342;1.48923776712329;1.40777879452055;1.38102282191781;1.38508136986301;1.31419197260274;1.24489620547945;1.17698575342466;1.04395184931507;0.979132016438356;0.915275531506849;0.852271934246575;0.788011179452055;0.721281904109589;0.65160692739726;0.578092380821918;0.498873860273973;0.413877820547945;0.324208898630137;0.231439412328767;0.137388705479452;0.0435104615068493;NaN;NaN;NaN;NaN;NaN;NaN;NaN;NaN;NaN;NaN;NaN;NaN;NaN;NaN;NaN;NaN;NaN;NaN;NaN;NaN;NaN;NaN;NaN;NaN;NaN;NaN;NaN;NaN;NaN;NaN;NaN;NaN;NaN;NaN;NaN;NaN;NaN;NaN;NaN;NaN;NaN;NaN;NaN;NaN;NaN;NaN;NaN;NaN;NaN;NaN;NaN;NaN;NaN;NaN;NaN;NaN;NaN;NaN;NaN;NaN;NaN;NaN;NaN;NaN;NaN;NaN;NaN;NaN;NaN;NaN;NaN;NaN;NaN;NaN;NaN;NaN;NaN;NaN;NaN;NaN;NaN;NaN;NaN;NaN;NaN;NaN;NaN
2.35287412328767;2.25699632876712;2.15985332876712;2.1114468630137;2.0129098630137;1.91338146575342;1.81308557534247;1.76620865753425;1.66952146575342;1.57369404109589;1.5585828630137;1.52568923287671;1.48267431506849;1.41363105479452;1.38619394520548;1.38953104109589;1.31814134246575;1.24833624657534;1.17993506849315;1.0459291369863;0.980641960273973;0.916338598630137;0.852900649315069;0.788228373972603;0.721100852054794;0.651033652054795;0.577087047945205;0.497345194520548;0.411725387671233;0.321410790410959;0.228027115068493;0.133405761643836;0.0389714145205479;NaN;NaN;NaN;NaN;NaN;NaN;NaN;NaN;NaN;NaN;NaN;NaN;NaN;NaN;NaN;NaN;NaN;NaN;NaN;NaN;NaN;NaN;NaN;NaN;NaN;NaN;NaN;NaN;NaN;NaN;NaN;NaN;NaN;NaN;NaN;NaN;NaN;NaN;NaN;NaN;NaN;NaN;NaN;NaN;NaN;NaN;NaN;NaN;NaN;NaN;NaN;NaN;NaN;NaN;NaN;NaN;NaN;NaN;NaN;NaN;NaN;NaN;NaN;NaN;NaN;NaN;NaN;NaN;NaN;NaN;NaN;NaN;NaN;NaN;NaN;NaN;NaN;NaN;NaN;NaN;NaN;NaN;NaN;NaN;NaN;NaN;NaN
2.36815052054795;2.27155306849315;2.17368242465753;2.11506647945206;2.02520664383562;1.92494926027397;1.82391434246575;1.76831097260274;1.67888460273973;1.58235253424658;1.54739882191781;1.53284998630137;1.48150391780822;1.41950787671233;1.39138026027397;1.38849432876712;1.32209790410959;1.25179210958904;1.18289678082192;1.04791282191781;0.982154689041096;0.917399294520548;0.85352321369863;0.78843568630137;0.72090935890411;0.650447889041096;0.576064126027397;0.495795108219178;0.409549419178082;0.318588947945205;0.224590701369863;0.129397169863014;0.0344015510958904;NaN;NaN;NaN;NaN;NaN;NaN;NaN;NaN;NaN;NaN;NaN;NaN;NaN;NaN;NaN;NaN;NaN;NaN;NaN;NaN;NaN;NaN;NaN;NaN;NaN;NaN;NaN;NaN;NaN;NaN;NaN;NaN;NaN;NaN;NaN;NaN;NaN;NaN;NaN;NaN;NaN;NaN;NaN;NaN;NaN;NaN;NaN;NaN;NaN;NaN;NaN;NaN;NaN;NaN;NaN;NaN;NaN;NaN;NaN;NaN;NaN;NaN;NaN;NaN;NaN;NaN;NaN;NaN;NaN;NaN;NaN;NaN;NaN;NaN;NaN;NaN;NaN;NaN;NaN;NaN;NaN;NaN;NaN;NaN;NaN;NaN;NaN
2.38347631506849;2.28615554794521;2.18755739726027;2.12125750684932;2.03755446575342;1.93656884931507;1.83480657534247;1.76924936986301;1.68828084931507;1.59104579452055;1.55196180821918;1.54003683561644;1.47985801369863;1.42538352054795;1.39658757534247;1.38583042465753;1.32606856164384;1.25525235616438;1.18586928767123;1.04990539726027;0.983666545205479;0.918456715068493;0.854142195890411;0.788634228767123;0.720707330136986;0.649846206849315;0.575024197260274;0.494225421917808;0.407351769863014;0.315743561643836;0.221135280821918;0.125361664383562;0.029806462739726;NaN;NaN;NaN;NaN;NaN;NaN;NaN;NaN;NaN;NaN;NaN;NaN;NaN;NaN;NaN;NaN;NaN;NaN;NaN;NaN;NaN;NaN;NaN;NaN;NaN;NaN;NaN;NaN;NaN;NaN;NaN;NaN;NaN;NaN;NaN;NaN;NaN;NaN;NaN;NaN;NaN;NaN;NaN;NaN;NaN;NaN;NaN;NaN;NaN;NaN;NaN;NaN;NaN;NaN;NaN;NaN;NaN;NaN;NaN;NaN;NaN;NaN;NaN;NaN;NaN;NaN;NaN;NaN;NaN;NaN;NaN;NaN;NaN;NaN;NaN;NaN;NaN;NaN;NaN;NaN;NaN;NaN;NaN;NaN;NaN;NaN;NaN
2.39884846575342;2.3008091369863;2.20147917808219;2.13025506849315;2.04992968493151;1.9482084109589;1.84570806849315;1.77503668493151;1.69768835616438;1.59975724657534;1.55991724657534;1.54723442465753;1.47820760273973;1.43126526027397;1.40179963013699;1.38416256164384;1.33004097260274;1.25871328767123;1.18883590410959;1.05188517808219;0.985171446575343;0.919508098630137;0.854749938356165;0.788826982191781;0.720493509589041;0.649228754794521;0.573965757534247;0.492635746575342;0.405134297260274;0.312879363013699;0.217656702739726;0.121307369863014;0.0251940361643836;NaN;NaN;NaN;NaN;NaN;NaN;NaN;NaN;NaN;NaN;NaN;NaN;NaN;NaN;NaN;NaN;NaN;NaN;NaN;NaN;NaN;NaN;NaN;NaN;NaN;NaN;NaN;NaN;NaN;NaN;NaN;NaN;NaN;NaN;NaN;NaN;NaN;NaN;NaN;NaN;NaN;NaN;NaN;NaN;NaN;NaN;NaN;NaN;NaN;NaN;NaN;NaN;NaN;NaN;NaN;NaN;NaN;NaN;NaN;NaN;NaN;NaN;NaN;NaN;NaN;NaN;NaN;NaN;NaN;NaN;NaN;NaN;NaN;NaN;NaN;NaN;NaN;NaN;NaN;NaN;NaN;NaN;NaN;NaN;NaN;NaN;NaN
2.40455038356164;2.31549597260274;2.21543006849315;2.139047;2.06233720547945;1.95987193150685;1.8566444109589;1.77988017808219;1.70712615068493;1.60848798630137;1.56789406849315;1.55444347945205;1.47504021917808;1.43715376712329;1.4070047260274;1.38316301369863;1.33399806849315;1.262171;1.19178650684932;1.05385553424658;0.986669419178082;0.920548312328767;0.855346795890411;0.789001210958904;0.720265087671233;0.648596980821918;0.572889934246575;0.491023209589041;0.402898354794521;0.309997524657534;0.214160961643836;0.117232708219178;0.0205631306849315;NaN;NaN;NaN;NaN;NaN;NaN;NaN;NaN;NaN;NaN;NaN;NaN;NaN;NaN;NaN;NaN;NaN;NaN;NaN;NaN;NaN;NaN;NaN;NaN;NaN;NaN;NaN;NaN;NaN;NaN;NaN;NaN;NaN;NaN;NaN;NaN;NaN;NaN;NaN;NaN;NaN;NaN;NaN;NaN;NaN;NaN;NaN;NaN;NaN;NaN;NaN;NaN;NaN;NaN;NaN;NaN;NaN;NaN;NaN;NaN;NaN;NaN;NaN;NaN;NaN;NaN;NaN;NaN;NaN;NaN;NaN;NaN;NaN;NaN;NaN;NaN;NaN;NaN;NaN;NaN;NaN;NaN;NaN;NaN;NaN;NaN;NaN
2.4155821369863;2.33022736986301;2.22942436986301;2.14765024657534;2.07477935616438;1.97156435616438;1.8676091369863;1.78427084931507;1.71658552054795;1.61724976712329;1.56273502739726;1.55500931506849;1.47240698630137;1.44305197260274;1.41221401369863;1.36743635616438;1.33795926027397;1.26563868493151;1.19473736986301;1.05581994520548;0.988161234246575;0.921582716438356;0.855934856164384;0.789167268493151;0.720020039726027;0.647949249315068;0.571793871232877;0.489387442465753;0.400640715068493;0.307093243835616;0.210642197260274;0.113138238356164;0.0159085982191781;NaN;NaN;NaN;NaN;NaN;NaN;NaN;NaN;NaN;NaN;NaN;NaN;NaN;NaN;NaN;NaN;NaN;NaN;NaN;NaN;NaN;NaN;NaN;NaN;NaN;NaN;NaN;NaN;NaN;NaN;NaN;NaN;NaN;NaN;NaN;NaN;NaN;NaN;NaN;NaN;NaN;NaN;NaN;NaN;NaN;NaN;NaN;NaN;NaN;NaN;NaN;NaN;NaN;NaN;NaN;NaN;NaN;NaN;NaN;NaN;NaN;NaN;NaN;NaN;NaN;NaN;NaN;NaN;NaN;NaN;NaN;NaN;NaN;NaN;NaN;NaN;NaN;NaN;NaN;NaN;NaN;NaN;NaN;NaN;NaN;NaN;NaN
2.42709584931507;2.34501179452055;2.24346719178082;2.15584332876712;2.08726387671233;1.98330565753425;1.87861978082192;1.78821595890411;1.72607573972603;1.62604045205479;1.5630274109589;1.55829230136986;1.47903724657534;1.4489634109589;1.40781957534247;1.36342334246575;1.34193363013699;1.26912123287671;1.19769849315068;1.05778802739726;0.989655198630137;0.922614804109589;0.856517764383562;0.789326428767123;0.719767473972603;0.647287082191781;0.570678473972603;0.487729978082192;0.398359876712329;0.304166424657534;0.207100056164384;0.109022738356164;0.011231007260274;NaN;NaN;NaN;NaN;NaN;NaN;NaN;NaN;NaN;NaN;NaN;NaN;NaN;NaN;NaN;NaN;NaN;NaN;NaN;NaN;NaN;NaN;NaN;NaN;NaN;NaN;NaN;NaN;NaN;NaN;NaN;NaN;NaN;NaN;NaN;NaN;NaN;NaN;NaN;NaN;NaN;NaN;NaN;NaN;NaN;NaN;NaN;NaN;NaN;NaN;NaN;NaN;NaN;NaN;NaN;NaN;NaN;NaN;NaN;NaN;NaN;NaN;NaN;NaN;NaN;NaN;NaN;NaN;NaN;NaN;NaN;NaN;NaN;NaN;NaN;NaN;NaN;NaN;NaN;NaN;NaN;NaN;NaN;NaN;NaN;NaN;NaN
2.43886943835616;2.3598437260274;2.25755824657534;2.16293150684931;2.0997855890411;1.9950761369863;1.88965094520548;1.78589835616438;1.7355892739726;1.63484993150685;1.56516431506849;1.56202390410959;1.48568832876712;1.45488256164384;1.40368604109589;1.36215352054795;1.34591043835616;1.27259905479452;1.20066043835616;1.05975557534247;0.991143597260274;0.923642898630137;0.857091982191781;0.789479120547945;0.719508109589041;0.64661237260274;0.569544638356164;0.486052216438356;0.396059102739726;0.30121862739726;0.203538371232877;0.104884724657534;0.00652469019178082;NaN;NaN;NaN;NaN;NaN;NaN;NaN;NaN;NaN;NaN;NaN;NaN;NaN;NaN;NaN;NaN;NaN;NaN;NaN;NaN;NaN;NaN;NaN;NaN;NaN;NaN;NaN;NaN;NaN;NaN;NaN;NaN;NaN;NaN;NaN;NaN;NaN;NaN;NaN;NaN;NaN;NaN;NaN;NaN;NaN;NaN;NaN;NaN;NaN;NaN;NaN;NaN;NaN;NaN;NaN;NaN;NaN;NaN;NaN;NaN;NaN;NaN;NaN;NaN;NaN;NaN;NaN;NaN;NaN;NaN;NaN;NaN;NaN;NaN;NaN;NaN;NaN;NaN;NaN;NaN;NaN;NaN;NaN;NaN;NaN;NaN;NaN
2.45068969863014;2.37471573972603;2.27168794520548;2.16661643835616;2.11234467123288;2.00687709589041;1.90071365753425;1.79475575342466;1.74512715068493;1.64368152054794;1.56680654794521;1.54963283561644;1.49235190410959;1.46081253424658;1.40173634246575;1.35971084931507;1.34988845205479;1.27607845205479;1.20362012328767;1.06171810958904;0.992628084931507;0.924665268493151;0.857658916438356;0.789620834246575;0.719237894520548;0.645923775342466;0.56839158630137;0.484354491780822;0.393738247945205;0.298251912328767;0.199957802739726;0.100726853424658;0.00179555275342466;NaN;NaN;NaN;NaN;NaN;NaN;NaN;NaN;NaN;NaN;NaN;NaN;NaN;NaN;NaN;NaN;NaN;NaN;NaN;NaN;NaN;NaN;NaN;NaN;NaN;NaN;NaN;NaN;NaN;NaN;NaN;NaN;NaN;NaN;NaN;NaN;NaN;NaN;NaN;NaN;NaN;NaN;NaN;NaN;NaN;NaN;NaN;NaN;NaN;NaN;NaN;NaN;NaN;NaN;NaN;NaN;NaN;NaN;NaN;NaN;NaN;NaN;NaN;NaN;NaN;NaN;NaN;NaN;NaN;NaN;NaN;NaN;NaN;NaN;NaN;NaN;NaN;NaN;NaN;NaN;NaN;NaN;NaN;NaN;NaN;NaN;NaN
2.46256334246575;2.38964076712329;2.28586060273973;2.18002816438356;2.12493898630137;2.0187125890411;1.91180571232877;1.80510784931507;1.75468352054795;1.65253728767123;1.56743867123288;1.54467280821918;1.49902535616438;1.46675869863014;1.39979306849315;1.35097815068493;1.3538741369863;1.27956598630137;1.20657891780822;1.06367815068493;0.994107879452055;0.925683436986301;0.858214384931507;0.789756089041096;0.718956467123288;0.645217589041096;0.567220379452055;0.482636580821918;0.391396412328767;0.295263494520548;0.196354810958904;0.0965521675342466;NaN;NaN;NaN;NaN;NaN;NaN;NaN;NaN;NaN;NaN;NaN;NaN;NaN;NaN;NaN;NaN;NaN;NaN;NaN;NaN;NaN;NaN;NaN;NaN;NaN;NaN;NaN;NaN;NaN;NaN;NaN;NaN;NaN;NaN;NaN;NaN;NaN;NaN;NaN;NaN;NaN;NaN;NaN;NaN;NaN;NaN;NaN;NaN;NaN;NaN;NaN;NaN;NaN;NaN;NaN;NaN;NaN;NaN;NaN;NaN;NaN;NaN;NaN;NaN;NaN;NaN;NaN;NaN;NaN;NaN;NaN;NaN;NaN;NaN;NaN;NaN;NaN;NaN;NaN;NaN;NaN;NaN;NaN;NaN;NaN;NaN;NaN;NaN
2.47406719178082;2.40461328767123;2.30008035616438;2.19348268493151;2.13757475342466;2.03058343835616;1.92292089041096;1.81548123287671;1.76426517808219;1.66142242465753;1.56395936986301;1.5457105890411;1.50571454794521;1.47271554794521;1.39474368493151;1.35567189041096;1.35786578082192;1.28304532876712;1.20954410958904;1.06563915068493;0.995584324657534;0.926694649315068;0.85876247260274;0.789880435616438;0.71866684109589;0.644496319178082;0.566029267123288;0.480898776712329;0.389036223287671;0.292256697260274;0.19273208630137;0.0923564789041096;NaN;NaN;NaN;NaN;NaN;NaN;NaN;NaN;NaN;NaN;NaN;NaN;NaN;NaN;NaN;NaN;NaN;NaN;NaN;NaN;NaN;NaN;NaN;NaN;NaN;NaN;NaN;NaN;NaN;NaN;NaN;NaN;NaN;NaN;NaN;NaN;NaN;NaN;NaN;NaN;NaN;NaN;NaN;NaN;NaN;NaN;NaN;NaN;NaN;NaN;NaN;NaN;NaN;NaN;NaN;NaN;NaN;NaN;NaN;NaN;NaN;NaN;NaN;NaN;NaN;NaN;NaN;NaN;NaN;NaN;NaN;NaN;NaN;NaN;NaN;NaN;NaN;NaN;NaN;NaN;NaN;NaN;NaN;NaN;NaN;NaN;NaN;NaN
2.48330056164384;2.419629;2.31434346575342;2.20697979452055;2.15024880821918;2.04248850684931;1.93407228767123;1.8258991369863;1.7738712739726;1.67033010958904;1.56802794520548;1.54626109589041;1.512422;1.47869247945206;1.39117153424658;1.36037590410959;1.36186530136986;1.28653182191781;1.21251057534247;1.06759802739726;0.99705931369863;0.927699015068493;0.859304683561644;0.78999882739726;0.718365830136986;0.64375967260274;0.564822178082192;0.479140823287671;0.386654502739726;0.289225591780822;0.189088906849315;0.0881441971232877;NaN;NaN;NaN;NaN;NaN;NaN;NaN;NaN;NaN;NaN;NaN;NaN;NaN;NaN;NaN;NaN;NaN;NaN;NaN;NaN;NaN;NaN;NaN;NaN;NaN;NaN;NaN;NaN;NaN;NaN;NaN;NaN;NaN;NaN;NaN;NaN;NaN;NaN;NaN;NaN;NaN;NaN;NaN;NaN;NaN;NaN;NaN;NaN;NaN;NaN;NaN;NaN;NaN;NaN;NaN;NaN;NaN;NaN;NaN;NaN;NaN;NaN;NaN;NaN;NaN;NaN;NaN;NaN;NaN;NaN;NaN;NaN;NaN;NaN;NaN;NaN;NaN;NaN;NaN;NaN;NaN;NaN;NaN;NaN;NaN;NaN;NaN;NaN
2.4932238630137;2.43469023287671;2.32865087671233;2.22051657534247;2.16295408219178;2.05443535616438;1.94525608219178;1.83634757534247;1.78349793150685;1.67926330136986;1.57627128767123;1.54505130136986;1.51912995890411;1.47332202739726;1.39657110958904;1.36508767123288;1.36155604109589;1.29002206849315;1.21547847945205;1.06955512328767;0.998530452054795;0.92869882739726;0.859842497260274;0.790105002739726;0.718053520547945;0.643007301369863;0.563594928767123;0.47736264109589;0.384251457534247;0.286176716438356;0.185427661643836;0.0839169135616438;NaN;NaN;NaN;NaN;NaN;NaN;NaN;NaN;NaN;NaN;NaN;NaN;NaN;NaN;NaN;NaN;NaN;NaN;NaN;NaN;NaN;NaN;NaN;NaN;NaN;NaN;NaN;NaN;NaN;NaN;NaN;NaN;NaN;NaN;NaN;NaN;NaN;NaN;NaN;NaN;NaN;NaN;NaN;NaN;NaN;NaN;NaN;NaN;NaN;NaN;NaN;NaN;NaN;NaN;NaN;NaN;NaN;NaN;NaN;NaN;NaN;NaN;NaN;NaN;NaN;NaN;NaN;NaN;NaN;NaN;NaN;NaN;NaN;NaN;NaN;NaN;NaN;NaN;NaN;NaN;NaN;NaN;NaN;NaN;NaN;NaN;NaN;NaN
2.50912649315068;2.449795;2.34299738356164;2.23409391780822;2.17569517808219;2.0664098630137;1.9564717260274;1.84682635616438;1.79315271232877;1.68821590410959;1.58453875342466;1.54130578082192;1.52016621917808;1.46982038356164;1.401975;1.36980636986301;1.35763069863014;1.29352242465753;1.21844593150685;1.07150552054795;0.999988154794521;0.929690724657534;0.860369767123288;0.790202484931507;0.717728112328767;0.642238891780822;0.562347382191781;0.475564691780822;0.381827456164384;0.283105456164384;0.181744598630137;0.0796752356164384;NaN;NaN;NaN;NaN;NaN;NaN;NaN;NaN;NaN;NaN;NaN;NaN;NaN;NaN;NaN;NaN;NaN;NaN;NaN;NaN;NaN;NaN;NaN;NaN;NaN;NaN;NaN;NaN;NaN;NaN;NaN;NaN;NaN;NaN;NaN;NaN;NaN;NaN;NaN;NaN;NaN;NaN;NaN;NaN;NaN;NaN;NaN;NaN;NaN;NaN;NaN;NaN;NaN;NaN;NaN;NaN;NaN;NaN;NaN;NaN;NaN;NaN;NaN;NaN;NaN;NaN;NaN;NaN;NaN;NaN;NaN;NaN;NaN;NaN;NaN;NaN;NaN;NaN;NaN;NaN;NaN;NaN;NaN;NaN;NaN;NaN;NaN;NaN
2.52508071232877;2.46494819178082;2.35739004109589;2.24772156164384;2.18016480821918;2.07842980821918;1.96771934246575;1.85733691780822;1.79210536986301;1.69720369863014;1.59282993150685;1.54883717808219;1.52286242465753;1.46792660273973;1.40739523287671;1.37453771232877;1.35579263013699;1.29702263013699;1.2214158630137;1.07345902739726;1.00144315068493;0.930678723287671;0.860891416438356;0.790293624657534;0.717392904109589;0.641455256164384;0.561081790410959;0.4737498;0.379382515068493;0.280014094520548;0.178043519178082;0.0754124179452055;NaN;NaN;NaN;NaN;NaN;NaN;NaN;NaN;NaN;NaN;NaN;NaN;NaN;NaN;NaN;NaN;NaN;NaN;NaN;NaN;NaN;NaN;NaN;NaN;NaN;NaN;NaN;NaN;NaN;NaN;NaN;NaN;NaN;NaN;NaN;NaN;NaN;NaN;NaN;NaN;NaN;NaN;NaN;NaN;NaN;NaN;NaN;NaN;NaN;NaN;NaN;NaN;NaN;NaN;NaN;NaN;NaN;NaN;NaN;NaN;NaN;NaN;NaN;NaN;NaN;NaN;NaN;NaN;NaN;NaN;NaN;NaN;NaN;NaN;NaN;NaN;NaN;NaN;NaN;NaN;NaN;NaN;NaN;NaN;NaN;NaN;NaN;NaN
2.54108906849315;2.4801464109589;2.37182991780822;2.26137502739726;2.18585379452055;2.09050115068493;1.97899930136986;1.8678758630137;1.79435249315068;1.7062117260274;1.60114308219178;1.55638154794521;1.52578482191781;1.46683135616438;1.41280476712329;1.37927236986301;1.3539555890411;1.30051726027397;1.22438530136986;1.07540850684932;1.00289497260274;0.931660365753425;0.861404687671233;0.790380809589041;0.717048435616438;0.640656368493151;0.559797171232877;0.471911628767123;0.376920219178082;0.276903826027397;0.174322276712329;0.0711337584931507;NaN;NaN;NaN;NaN;NaN;NaN;NaN;NaN;NaN;NaN;NaN;NaN;NaN;NaN;NaN;NaN;NaN;NaN;NaN;NaN;NaN;NaN;NaN;NaN;NaN;NaN;NaN;NaN;NaN;NaN;NaN;NaN;NaN;NaN;NaN;NaN;NaN;NaN;NaN;NaN;NaN;NaN;NaN;NaN;NaN;NaN;NaN;NaN;NaN;NaN;NaN;NaN;NaN;NaN;NaN;NaN;NaN;NaN;NaN;NaN;NaN;NaN;NaN;NaN;NaN;NaN;NaN;NaN;NaN;NaN;NaN;NaN;NaN;NaN;NaN;NaN;NaN;NaN;NaN;NaN;NaN;NaN;NaN;NaN;NaN;NaN;NaN;NaN
2.55714531506849;2.49059595890411;2.38631260273973;2.27507745205479;2.19349312328767;2.10260215068493;1.99031930136986;1.87843978082192;1.7981181369863;1.7152577260274;1.60947480821918;1.563952;1.52817910958904;1.46336845205479;1.41822949315068;1.38401789041096;1.34936916438356;1.3040211369863;1.22735783561644;1.07735538356164;1.00434369863014;0.932638001369863;0.861915589041096;0.790457728767123;0.716693353424658;0.639847217808219;0.558493680821918;0.470051145205479;0.374435850684932;0.273772682191781;0.170583730136986;0.0668369047945206;NaN;NaN;NaN;NaN;NaN;NaN;NaN;NaN;NaN;NaN;NaN;NaN;NaN;NaN;NaN;NaN;NaN;NaN;NaN;NaN;NaN;NaN;NaN;NaN;NaN;NaN;NaN;NaN;NaN;NaN;NaN;NaN;NaN;NaN;NaN;NaN;NaN;NaN;NaN;NaN;NaN;NaN;NaN;NaN;NaN;NaN;NaN;NaN;NaN;NaN;NaN;NaN;NaN;NaN;NaN;NaN;NaN;NaN;NaN;NaN;NaN;NaN;NaN;NaN;NaN;NaN;NaN;NaN;NaN;NaN;NaN;NaN;NaN;NaN;NaN;NaN;NaN;NaN;NaN;NaN;NaN;NaN;NaN;NaN;NaN;NaN;NaN;NaN
2.57325834246575;2.49869984931507;2.40083639726027;2.28881152054795;2.20139702739726;2.11473182191781;2.00165838356164;1.88903701369863;1.80191519178082;1.72432143835616;1.61782321917808;1.57152646575342;1.52892536986301;1.45700567123288;1.42365064383562;1.38876197260274;1.34215930136986;1.30750852054795;1.23032367123288;1.07929454794521;1.00578301369863;0.933605701369863;0.862422687671233;0.790525035616438;0.716325283561644;0.639019478082192;0.557169230136986;0.468173520547945;0.371931353424658;0.270622765753425;0.166825075342466;0.0625136234246575;NaN;NaN;NaN;NaN;NaN;NaN;NaN;NaN;NaN;NaN;NaN;NaN;NaN;NaN;NaN;NaN;NaN;NaN;NaN;NaN;NaN;NaN;NaN;NaN;NaN;NaN;NaN;NaN;NaN;NaN;NaN;NaN;NaN;NaN;NaN;NaN;NaN;NaN;NaN;NaN;NaN;NaN;NaN;NaN;NaN;NaN;NaN;NaN;NaN;NaN;NaN;NaN;NaN;NaN;NaN;NaN;NaN;NaN;NaN;NaN;NaN;NaN;NaN;NaN;NaN;NaN;NaN;NaN;NaN;NaN;NaN;NaN;NaN;NaN;NaN;NaN;NaN;NaN;NaN;NaN;NaN;NaN;NaN;NaN;NaN;NaN;NaN;NaN
2.58941232876712;2.50924557534247;2.41541116438356;2.30259589041096;2.21031538356164;2.12690905479452;2.01304494520548;1.8996622739726;1.80675071232877;1.73341773972603;1.62620387671233;1.57913012328767;1.53575387671233;1.46316515068493;1.42908928767123;1.3935247260274;1.33815973972603;1.31099983561644;1.2332947260274;1.08123387671233;1.00722245205479;0.934566797260274;0.862920416438356;0.790587675342466;0.715948567123288;0.638178293150685;0.555829401369863;0.466277269863014;0.369407128767123;0.26745464109589;0.16304482739726;0.0581662647945206;NaN;NaN;NaN;NaN;NaN;NaN;NaN;NaN;NaN;NaN;NaN;NaN;NaN;NaN;NaN;NaN;NaN;NaN;NaN;NaN;NaN;NaN;NaN;NaN;NaN;NaN;NaN;NaN;NaN;NaN;NaN;NaN;NaN;NaN;NaN;NaN;NaN;NaN;NaN;NaN;NaN;NaN;NaN;NaN;NaN;NaN;NaN;NaN;NaN;NaN;NaN;NaN;NaN;NaN;NaN;NaN;NaN;NaN;NaN;NaN;NaN;NaN;NaN;NaN;NaN;NaN;NaN;NaN;NaN;NaN;NaN;NaN;NaN;NaN;NaN;NaN;NaN;NaN;NaN;NaN;NaN;NaN;NaN;NaN;NaN;NaN;NaN;NaN
2.60561747945206;2.52049901369863;2.43002719178082;2.31642164383562;2.21784253424658;2.13912410958904;2.02446891780822;1.9103152739726;1.81011721917808;1.7425392739726;1.63460412328767;1.57228602739726;1.54259857534247;1.46932691780822;1.43453863013699;1.3870387260274;1.33538865753425;1.31449935616438;1.23628217808219;1.08317561643836;1.00866524657534;0.935524535616438;0.863410850684932;0.790640624657534;0.715564324657534;0.63732301369863;0.554471047945205;0.464361280821918;0.366865450684931;0.264267190410959;0.159250605479452;0.0538022501369863;NaN;NaN;NaN;NaN;NaN;NaN;NaN;NaN;NaN;NaN;NaN;NaN;NaN;NaN;NaN;NaN;NaN;NaN;NaN;NaN;NaN;NaN;NaN;NaN;NaN;NaN;NaN;NaN;NaN;NaN;NaN;NaN;NaN;NaN;NaN;NaN;NaN;NaN;NaN;NaN;NaN;NaN;NaN;NaN;NaN;NaN;NaN;NaN;NaN;NaN;NaN;NaN;NaN;NaN;NaN;NaN;NaN;NaN;NaN;NaN;NaN;NaN;NaN;NaN;NaN;NaN;NaN;NaN;NaN;NaN;NaN;NaN;NaN;NaN;NaN;NaN;NaN;NaN;NaN;NaN;NaN;NaN;NaN;NaN;NaN;NaN;NaN;NaN
2.62187432876712;2.53223860273973;2.44468324657534;2.33028491780822;2.22445305479452;2.15136228767123;2.03592119178082;1.92099365753425;1.80697694520548;1.75168117808219;1.64302736986301;1.57189252054795;1.54945634246575;1.47550410958904;1.44000183561644;1.38206373972603;1.33302947945206;1.31799004109589;1.2392625890411;1.08511152054795;1.01009936986301;0.936477549315069;0.863892669863014;0.790682650684931;0.715165591780822;0.636450797260274;0.553093147945205;0.46242518630137;0.364301567123288;0.261059280821918;0.155439216438356;0.0494189753424658;NaN;NaN;NaN;NaN;NaN;NaN;NaN;NaN;NaN;NaN;NaN;NaN;NaN;NaN;NaN;NaN;NaN;NaN;NaN;NaN;NaN;NaN;NaN;NaN;NaN;NaN;NaN;NaN;NaN;NaN;NaN;NaN;NaN;NaN;NaN;NaN;NaN;NaN;NaN;NaN;NaN;NaN;NaN;NaN;NaN;NaN;NaN;NaN;NaN;NaN;NaN;NaN;NaN;NaN;NaN;NaN;NaN;NaN;NaN;NaN;NaN;NaN;NaN;NaN;NaN;NaN;NaN;NaN;NaN;NaN;NaN;NaN;NaN;NaN;NaN;NaN;NaN;NaN;NaN;NaN;NaN;NaN;NaN;NaN;NaN;NaN;NaN;NaN
2.63817957534247;2.54402439726027;2.45938175342466;2.3441905890411;2.22705179452055;2.16362942465753;2.04740930136986;1.93170035616438;1.81693643835616;1.76085391780822;1.65148324657534;1.57285805479452;1.54446628767123;1.48170842465753;1.44547693150685;1.37936594520548;1.32903405479452;1.32149053424658;1.24224510958904;1.08704946575342;1.01153373972603;0.937424787671233;0.864369728767123;0.790715628767123;0.714755571232877;0.635565073972603;0.551698042465753;0.460474539726027;0.361718210958904;0.25783125890411;0.151607764383562;0.0450153602739726;NaN;NaN;NaN;NaN;NaN;NaN;NaN;NaN;NaN;NaN;NaN;NaN;NaN;NaN;NaN;NaN;NaN;NaN;NaN;NaN;NaN;NaN;NaN;NaN;NaN;NaN;NaN;NaN;NaN;NaN;NaN;NaN;NaN;NaN;NaN;NaN;NaN;NaN;NaN;NaN;NaN;NaN;NaN;NaN;NaN;NaN;NaN;NaN;NaN;NaN;NaN;NaN;NaN;NaN;NaN;NaN;NaN;NaN;NaN;NaN;NaN;NaN;NaN;NaN;NaN;NaN;NaN;NaN;NaN;NaN;NaN;NaN;NaN;NaN;NaN;NaN;NaN;NaN;NaN;NaN;NaN;NaN;NaN;NaN;NaN;NaN;NaN;NaN
2.65453346575342;2.55564120547945;2.47412169863014;2.35813610958904;2.24020076712329;2.17593049315068;2.05893068493151;1.942439;1.82691979452055;1.77004894520548;1.65996078082192;1.57438271232877;1.54240005479452;1.48246032876712;1.45096093150685;1.37667063013699;1.32443004109589;1.32499410958904;1.24522812328767;1.08898180821918;1.01296143835616;0.938367506849315;0.864840075342466;0.790740782191781;0.714332971232877;0.634665739726027;0.550285519178082;0.458506006849315;0.359116249315068;0.254585284931507;0.147760620547945;0.0405897089041096;NaN;NaN;NaN;NaN;NaN;NaN;NaN;NaN;NaN;NaN;NaN;NaN;NaN;NaN;NaN;NaN;NaN;NaN;NaN;NaN;NaN;NaN;NaN;NaN;NaN;NaN;NaN;NaN;NaN;NaN;NaN;NaN;NaN;NaN;NaN;NaN;NaN;NaN;NaN;NaN;NaN;NaN;NaN;NaN;NaN;NaN;NaN;NaN;NaN;NaN;NaN;NaN;NaN;NaN;NaN;NaN;NaN;NaN;NaN;NaN;NaN;NaN;NaN;NaN;NaN;NaN;NaN;NaN;NaN;NaN;NaN;NaN;NaN;NaN;NaN;NaN;NaN;NaN;NaN;NaN;NaN;NaN;NaN;NaN;NaN;NaN;NaN;NaN
2.67093101369863;2.56621905479452;2.48890538356164;2.37212393150685;2.25339232876712;2.18826710958904;2.07048560273973;1.95322295890411;1.83693353424657;1.77926094520548;1.66845819178082;1.57457632876712;1.5422132739726;1.48400756164384;1.45646030136986;1.37097508219178;1.32865064383562;1.32849976712329;1.24821249315068;1.09091617808219;1.01438787671233;0.939307021917808;0.865302621917808;0.790761778082192;0.713898894520548;0.633754098630137;0.5488617;0.456518456164384;0.356495842465753;0.251320920547945;0.143897150684932;0.03614129;NaN;NaN;NaN;NaN;NaN;NaN;NaN;NaN;NaN;NaN;NaN;NaN;NaN;NaN;NaN;NaN;NaN;NaN;NaN;NaN;NaN;NaN;NaN;NaN;NaN;NaN;NaN;NaN;NaN;NaN;NaN;NaN;NaN;NaN;NaN;NaN;NaN;NaN;NaN;NaN;NaN;NaN;NaN;NaN;NaN;NaN;NaN;NaN;NaN;NaN;NaN;NaN;NaN;NaN;NaN;NaN;NaN;NaN;NaN;NaN;NaN;NaN;NaN;NaN;NaN;NaN;NaN;NaN;NaN;NaN;NaN;NaN;NaN;NaN;NaN;NaN;NaN;NaN;NaN;NaN;NaN;NaN;NaN;NaN;NaN;NaN;NaN;NaN
2.68739132876712;2.57136790410959;2.50373742465753;2.38615054794521;2.26661331506849;2.20063064383562;2.08206549315068;1.9640272739726;1.84696968493151;1.7884932739726;1.67697217808219;1.56752882191781;1.5417842739726;1.48645756164384;1.461963;1.36754765753425;1.33287339726027;1.33200742465753;1.2511778630137;1.09284371232877;1.01580412328767;0.940235953424657;0.865760731506849;0.790765673972603;0.713451410958904;0.632826242465753;0.547417119178082;0.454514819178082;0.353854387671233;0.248039032876712;0.140021152054795;0.0316717071232877;NaN;NaN;NaN;NaN;NaN;NaN;NaN;NaN;NaN;NaN;NaN;NaN;NaN;NaN;NaN;NaN;NaN;NaN;NaN;NaN;NaN;NaN;NaN;NaN;NaN;NaN;NaN;NaN;NaN;NaN;NaN;NaN;NaN;NaN;NaN;NaN;NaN;NaN;NaN;NaN;NaN;NaN;NaN;NaN;NaN;NaN;NaN;NaN;NaN;NaN;NaN;NaN;NaN;NaN;NaN;NaN;NaN;NaN;NaN;NaN;NaN;NaN;NaN;NaN;NaN;NaN;NaN;NaN;NaN;NaN;NaN;NaN;NaN;NaN;NaN;NaN;NaN;NaN;NaN;NaN;NaN;NaN;NaN;NaN;NaN;NaN;NaN;NaN
2.70389271232877;2.58707905479452;2.51861330136986;2.40022165753425;2.2798778630137;2.21303590410959;2.09368134246575;1.97486584931507;1.85703771232877;1.7977542739726;1.68551212328767;1.5742487260274;1.54111568493151;1.48859242465753;1.46748073972603;1.37246256164384;1.33710450684932;1.32870438356164;1.25415069863014;1.09477220547945;1.01722109589041;0.941162306849315;0.866213357534247;0.79076197260274;0.712992731506849;0.631886530136986;0.545952438356164;0.452492976712329;0.351193949315069;0.244741521917808;0.13612678630137;0.0271809220547945;NaN;NaN;NaN;NaN;NaN;NaN;NaN;NaN;NaN;NaN;NaN;NaN;NaN;NaN;NaN;NaN;NaN;NaN;NaN;NaN;NaN;NaN;NaN;NaN;NaN;NaN;NaN;NaN;NaN;NaN;NaN;NaN;NaN;NaN;NaN;NaN;NaN;NaN;NaN;NaN;NaN;NaN;NaN;NaN;NaN;NaN;NaN;NaN;NaN;NaN;NaN;NaN;NaN;NaN;NaN;NaN;NaN;NaN;NaN;NaN;NaN;NaN;NaN;NaN;NaN;NaN;NaN;NaN;NaN;NaN;NaN;NaN;NaN;NaN;NaN;NaN;NaN;NaN;NaN;NaN;NaN;NaN;NaN;NaN;NaN;NaN;NaN;NaN
2.72044684931507;2.60283979452055;2.53352590410959;2.41433067123288;2.29318297260274;2.22547660273973;2.10532773972603;1.9857367260274;1.86713468493151;1.80704494520548;1.6940751369863;1.58207234246575;1.53330631506849;1.48848732876712;1.46091147945205;1.37739998630137;1.34134430136986;1.32433546575342;1.2571224109589;1.09669768493151;1.01863561643836;0.94208368630137;0.866661126027397;0.790751002739726;0.712520909589041;0.630933202739726;0.544469610958904;0.450451045205479;0.348513284931507;0.241420391780822;0.132220406849315;0.0226656928767123;NaN;NaN;NaN;NaN;NaN;NaN;NaN;NaN;NaN;NaN;NaN;NaN;NaN;NaN;NaN;NaN;NaN;NaN;NaN;NaN;NaN;NaN;NaN;NaN;NaN;NaN;NaN;NaN;NaN;NaN;NaN;NaN;NaN;NaN;NaN;NaN;NaN;NaN;NaN;NaN;NaN;NaN;NaN;NaN;NaN;NaN;NaN;NaN;NaN;NaN;NaN;NaN;NaN;NaN;NaN;NaN;NaN;NaN;NaN;NaN;NaN;NaN;NaN;NaN;NaN;NaN;NaN;NaN;NaN;NaN;NaN;NaN;NaN;NaN;NaN;NaN;NaN;NaN;NaN;NaN;NaN;NaN;NaN;NaN;NaN;NaN;NaN;NaN
2.73704730136986;2.61864432876712;2.54848238356164;2.4284812739726;2.3065218630137;2.23794732876712;2.11700452054794;1.99663938356164;1.87725601369863;1.81635243835616;1.70265583561644;1.58991898630137;1.54038530136986;1.4947974109589;1.45656210958904;1.38233378082192;1.34558334246575;1.32212852054795;1.26010032876712;1.09862306849315;1.02004442465753;0.942998776712329;0.867098836986301;0.790736689041096;0.712035710958904;0.629965883561644;0.542977078082192;0.448390404109589;0.345815535616438;0.238082964383562;0.128295145205479;0.0181287404109589;NaN;NaN;NaN;NaN;NaN;NaN;NaN;NaN;NaN;NaN;NaN;NaN;NaN;NaN;NaN;NaN;NaN;NaN;NaN;NaN;NaN;NaN;NaN;NaN;NaN;NaN;NaN;NaN;NaN;NaN;NaN;NaN;NaN;NaN;NaN;NaN;NaN;NaN;NaN;NaN;NaN;NaN;NaN;NaN;NaN;NaN;NaN;NaN;NaN;NaN;NaN;NaN;NaN;NaN;NaN;NaN;NaN;NaN;NaN;NaN;NaN;NaN;NaN;NaN;NaN;NaN;NaN;NaN;NaN;NaN;NaN;NaN;NaN;NaN;NaN;NaN;NaN;NaN;NaN;NaN;NaN;NaN;NaN;NaN;NaN;NaN;NaN;NaN
2.7537027260274;2.63450161643836;2.56348479452055;2.44267467123288;2.3198958630137;2.25045515068493;2.12871195890411;2.00755990410959;1.88740216438356;1.82568317808219;1.71125831506849;1.59779202739726;1.54748304109589;1.50112180821918;1.45415968493151;1.38727682191781;1.34983417808219;1.31956212328767;1.26307969863014;1.10054304109589;1.02144793150685;0.943909143835616;0.86752757260274;0.790711873972603;0.711537010958904;0.628988831506849;0.541466821917808;0.446308626027397;0.343095321917808;0.234728957534247;0.124355316438356;0.0135642282191781;NaN;NaN;NaN;NaN;NaN;NaN;NaN;NaN;NaN;NaN;NaN;NaN;NaN;NaN;NaN;NaN;NaN;NaN;NaN;NaN;NaN;NaN;NaN;NaN;NaN;NaN;NaN;NaN;NaN;NaN;NaN;NaN;NaN;NaN;NaN;NaN;NaN;NaN;NaN;NaN;NaN;NaN;NaN;NaN;NaN;NaN;NaN;NaN;NaN;NaN;NaN;NaN;NaN;NaN;NaN;NaN;NaN;NaN;NaN;NaN;NaN;NaN;NaN;NaN;NaN;NaN;NaN;NaN;NaN;NaN;NaN;NaN;NaN;NaN;NaN;NaN;NaN;NaN;NaN;NaN;NaN;NaN;NaN;NaN;NaN;NaN;NaN;NaN
2.77040467123288;2.65040142465753;2.57853301369863;2.45690794520548;2.33330656164384;2.25088382191781;2.14045075342466;2.01850917808219;1.89758965753425;1.82388253424658;1.71988021917808;1.60568084931507;1.55458610958904;1.50746206849315;1.45204267123288;1.3922271369863;1.35408532876712;1.31176201369863;1.26607078082192;1.1024648630137;1.02285109589041;0.944814104109589;0.867949369863014;0.790677764383562;0.711027804109589;0.627998617808219;0.539941373972603;0.444214078082192;0.340363404109589;0.23136325890411;0.120399456164384;0.00897253283561644;NaN;NaN;NaN;NaN;NaN;NaN;NaN;NaN;NaN;NaN;NaN;NaN;NaN;NaN;NaN;NaN;NaN;NaN;NaN;NaN;NaN;NaN;NaN;NaN;NaN;NaN;NaN;NaN;NaN;NaN;NaN;NaN;NaN;NaN;NaN;NaN;NaN;NaN;NaN;NaN;NaN;NaN;NaN;NaN;NaN;NaN;NaN;NaN;NaN;NaN;NaN;NaN;NaN;NaN;NaN;NaN;NaN;NaN;NaN;NaN;NaN;NaN;NaN;NaN;NaN;NaN;NaN;NaN;NaN;NaN;NaN;NaN;NaN;NaN;NaN;NaN;NaN;NaN;NaN;NaN;NaN;NaN;NaN;NaN;NaN;NaN;NaN;NaN
2.78715323287671;2.66634721917808;2.59362701369863;2.47118043835616;2.34675547945205;2.2575388630137;2.15222283561644;2.02949316438356;1.90780532876712;1.82547843835616;1.72852315068493;1.61359147945206;1.56171239726027;1.51381812328767;1.44800820547945;1.39718950684931;1.35834467123288;1.31391605479452;1.26905964383562;1.10438356164384;1.02424982191781;0.945714573972603;0.868363312328767;0.790632943835616;0.710515163013699;0.626986580821918;0.53839554109589;0.442102661643836;0.337612687671233;0.227978342465753;0.11643234109589;0.00435332805479452;NaN;NaN;NaN;NaN;NaN;NaN;NaN;NaN;NaN;NaN;NaN;NaN;NaN;NaN;NaN;NaN;NaN;NaN;NaN;NaN;NaN;NaN;NaN;NaN;NaN;NaN;NaN;NaN;NaN;NaN;NaN;NaN;NaN;NaN;NaN;NaN;NaN;NaN;NaN;NaN;NaN;NaN;NaN;NaN;NaN;NaN;NaN;NaN;NaN;NaN;NaN;NaN;NaN;NaN;NaN;NaN;NaN;NaN;NaN;NaN;NaN;NaN;NaN;NaN;NaN;NaN;NaN;NaN;NaN;NaN;NaN;NaN;NaN;NaN;NaN;NaN;NaN;NaN;NaN;NaN;NaN;NaN;NaN;NaN;NaN;NaN;NaN;NaN
2.80395557534247;2.68233883561644;2.59906206849315;2.48549550684932;2.36024506849315;2.26497139726027;2.16402623287671;2.04050328767123;1.91804121917808;1.82865991780822;1.73717579452055;1.62151898630137;1.56885368493151;1.52018749315069;1.44067256164384;1.40214508219178;1.36260876712329;1.31751521917808;1.27204531506849;1.10629993150685;1.02564461643836;0.94661191369863;0.868773020547945;0.79058318630137;0.709987354794521;0.625961769863014;0.536833189041096;0.439968919178082;0.334840028767123;0.224572802739726;0.112449605479452;NaN;NaN;NaN;NaN;NaN;NaN;NaN;NaN;NaN;NaN;NaN;NaN;NaN;NaN;NaN;NaN;NaN;NaN;NaN;NaN;NaN;NaN;NaN;NaN;NaN;NaN;NaN;NaN;NaN;NaN;NaN;NaN;NaN;NaN;NaN;NaN;NaN;NaN;NaN;NaN;NaN;NaN;NaN;NaN;NaN;NaN;NaN;NaN;NaN;NaN;NaN;NaN;NaN;NaN;NaN;NaN;NaN;NaN;NaN;NaN;NaN;NaN;NaN;NaN;NaN;NaN;NaN;NaN;NaN;NaN;NaN;NaN;NaN;NaN;NaN;NaN;NaN;NaN;NaN;NaN;NaN;NaN;NaN;NaN;NaN;NaN;NaN;NaN;NaN
2.82081043835616;2.69839154794521;2.60838664383562;2.499856;2.37377257534247;2.27318961643836;2.17586053424658;2.05154421917808;1.92830236986301;1.83265246575342;1.74584650684932;1.62946564383562;1.57600619178082;1.52657352054795;1.43987047945205;1.40711049315068;1.36688001369863;1.30860319178082;1.27503680821918;1.10821310958904;1.02703464383562;0.947505576712329;0.869177361643836;0.790525234246575;0.709446973972603;0.624921063013699;0.535255435616438;0.437815273972603;0.332049287671233;0.221150435616438;0.108447773972603;NaN;NaN;NaN;NaN;NaN;NaN;NaN;NaN;NaN;NaN;NaN;NaN;NaN;NaN;NaN;NaN;NaN;NaN;NaN;NaN;NaN;NaN;NaN;NaN;NaN;NaN;NaN;NaN;NaN;NaN;NaN;NaN;NaN;NaN;NaN;NaN;NaN;NaN;NaN;NaN;NaN;NaN;NaN;NaN;NaN;NaN;NaN;NaN;NaN;NaN;NaN;NaN;NaN;NaN;NaN;NaN;NaN;NaN;NaN;NaN;NaN;NaN;NaN;NaN;NaN;NaN;NaN;NaN;NaN;NaN;NaN;NaN;NaN;NaN;NaN;NaN;NaN;NaN;NaN;NaN;NaN;NaN;NaN;NaN;NaN;NaN;NaN;NaN;NaN
2.83771346575342;2.71448905479452;2.61933915068493;2.51425426027397;2.38733530136986;2.28143867123288;2.1877252739726;2.06261517808219;1.93859993150685;1.83535834246575;1.75454409589041;1.63743091780822;1.58317469863014;1.53297445205479;1.44135609589041;1.41209090410959;1.37115569863014;1.30438812328767;1.27801738356164;1.11012760273973;1.02842295890411;0.948393865753425;0.869574476712329;0.790456564383562;0.70889745890411;0.623869452054794;0.533663343835616;0.435646754794521;0.329241675342466;0.21772262739726;0.104424183561644;NaN;NaN;NaN;NaN;NaN;NaN;NaN;NaN;NaN;NaN;NaN;NaN;NaN;NaN;NaN;NaN;NaN;NaN;NaN;NaN;NaN;NaN;NaN;NaN;NaN;NaN;NaN;NaN;NaN;NaN;NaN;NaN;NaN;NaN;NaN;NaN;NaN;NaN;NaN;NaN;NaN;NaN;NaN;NaN;NaN;NaN;NaN;NaN;NaN;NaN;NaN;NaN;NaN;NaN;NaN;NaN;NaN;NaN;NaN;NaN;NaN;NaN;NaN;NaN;NaN;NaN;NaN;NaN;NaN;NaN;NaN;NaN;NaN;NaN;NaN;NaN;NaN;NaN;NaN;NaN;NaN;NaN;NaN;NaN;NaN;NaN;NaN;NaN;NaN
2.85465717808219;2.73062468493151;2.6319061369863;2.52868924657534;2.40093367123288;2.28798104109589;2.19962165753425;2.0737165890411;1.94891057534247;1.83940124657534;1.76326961643836;1.64540971232877;1.59036030136986;1.53939;1.44331343835616;1.41707854794521;1.36343294520548;1.3018808630137;1.28099138356164;1.11203746575342;1.02980771232877;0.949271724657534;0.869961883561644;0.790378369863014;0.708338828767123;0.622799501369863;0.532051232876712;0.433461239726027;0.326417502739726;0.214275390410959;0.100388130136986;NaN;NaN;NaN;NaN;NaN;NaN;NaN;NaN;NaN;NaN;NaN;NaN;NaN;NaN;NaN;NaN;NaN;NaN;NaN;NaN;NaN;NaN;NaN;NaN;NaN;NaN;NaN;NaN;NaN;NaN;NaN;NaN;NaN;NaN;NaN;NaN;NaN;NaN;NaN;NaN;NaN;NaN;NaN;NaN;NaN;NaN;NaN;NaN;NaN;NaN;NaN;NaN;NaN;NaN;NaN;NaN;NaN;NaN;NaN;NaN;NaN;NaN;NaN;NaN;NaN;NaN;NaN;NaN;NaN;NaN;NaN;NaN;NaN;NaN;NaN;NaN;NaN;NaN;NaN;NaN;NaN;NaN;NaN;NaN;NaN;NaN;NaN;NaN;NaN
2.87163238356164;2.74679836986301;2.64316965753425;2.54317054794521;2.4145684109589;2.29159067123288;2.21155642465753;2.08484676712329;1.95926001369863;1.8348808630137;1.77201746575342;1.65341691780822;1.5855514109589;1.54582630136986;1.44366452054795;1.42207169863014;1.35832520547945;1.29894253424658;1.28396856164384;1.11394157534247;1.03118856164384;0.950146960273973;0.870343687671233;0.790291656164384;0.70776395479452;0.62171355890411;0.530422889041096;0.431261052054794;0.323577157534247;0.210813643835616;0.0963319909589041;NaN;NaN;NaN;NaN;NaN;NaN;NaN;NaN;NaN;NaN;NaN;NaN;NaN;NaN;NaN;NaN;NaN;NaN;NaN;NaN;NaN;NaN;NaN;NaN;NaN;NaN;NaN;NaN;NaN;NaN;NaN;NaN;NaN;NaN;NaN;NaN;NaN;NaN;NaN;NaN;NaN;NaN;NaN;NaN;NaN;NaN;NaN;NaN;NaN;NaN;NaN;NaN;NaN;NaN;NaN;NaN;NaN;NaN;NaN;NaN;NaN;NaN;NaN;NaN;NaN;NaN;NaN;NaN;NaN;NaN;NaN;NaN;NaN;NaN;NaN;NaN;NaN;NaN;NaN;NaN;NaN;NaN;NaN;NaN;NaN;NaN;NaN;NaN;NaN
2.888673;2.76301420547945;2.65423971232877;2.5576802739726;2.42824634246575;2.29771631506849;2.22352301369863;2.096004;1.96962975342466;1.84449217808219;1.78080789041096;1.66143898630137;1.58439746575342;1.54706553424658;1.44425883561644;1.42707275342466;1.35347357534247;1.28916149315068;1.2869537260274;1.11584612328767;1.03256447945205;0.951018961643835;0.870721932876712;0.790194808219178;0.707176238356164;0.620613134246575;0.528780779452055;0.429034530136986;0.320716201369863;0.207333984931507;0.0922571565753425;NaN;NaN;NaN;NaN;NaN;NaN;NaN;NaN;NaN;NaN;NaN;NaN;NaN;NaN;NaN;NaN;NaN;NaN;NaN;NaN;NaN;NaN;NaN;NaN;NaN;NaN;NaN;NaN;NaN;NaN;NaN;NaN;NaN;NaN;NaN;NaN;NaN;NaN;NaN;NaN;NaN;NaN;NaN;NaN;NaN;NaN;NaN;NaN;NaN;NaN;NaN;NaN;NaN;NaN;NaN;NaN;NaN;NaN;NaN;NaN;NaN;NaN;NaN;NaN;NaN;NaN;NaN;NaN;NaN;NaN;NaN;NaN;NaN;NaN;NaN;NaN;NaN;NaN;NaN;NaN;NaN;NaN;NaN;NaN;NaN;NaN;NaN;NaN;NaN
